    0.0155 20030101
    0.0148 20030102
    0.0147 20030103
    0.0132 20030104
    0.0127 20030105
    0.0119 20030106
    0.0116 20030107
    0.0109 20030108
    0.0098 20030109
    4.3870 20030110
    2.3460 20030111
    2.9070 20030112
    1.4090 20030113
    0.9255 20030114
    0.7147 20030115
    0.5725 20030116
    0.4921 20030117
    0.4083 20030118
    0.3373 20030119
    0.2739 20030120
    0.2252 20030121
    0.1834 20030122
    0.1514 20030123
    0.1253 20030124
    0.1053 20030125
    0.0889 20030126
    0.0766 20030127
    0.0646 20030128
    0.0570 20030129
    0.0478 20030130
    0.0433 20030131
    0.0384 20030201
    0.0334 20030202
    0.0296 20030203
    0.0276 20030204
    0.0246 20030205
    0.0218 20030206
    0.0200 20030207
    0.0181 20030208
    0.0176 20030209
    0.0158 20030210
    0.0148 20030211
    0.0138 20030212
    0.0164 20030213
    0.0168 20030214
    0.0167 20030215
    0.0187 20030216
    0.0186 20030217
    0.0196 20030218
    0.0184 20030219
    0.0180 20030220
    0.0161 20030221
    0.0167 20030222
    0.0150 20030223
    0.0148 20030224
    0.0184 20030225
    0.0189 20030226
    0.0185 20030227
    0.0187 20030228
    0.0195 20030301
    0.0177 20030302
    0.0180 20030303
    0.0169 20030304
    0.0160 20030305
    0.0152 20030306
    0.0145 20030307
    0.0135 20030308
    0.0135 20030309
    0.0124 20030310
    0.0115 20030311
    0.0116 20030312
    0.0098 20030313
    0.0089 20030314
    0.0096 20030315
    0.0084 20030316
    0.0087 20030317
    0.0077 20030318
    0.0074 20030319
    0.0068 20030320
    0.0072 20030321
    0.0062 20030322
    0.0053 20030323
    0.0054 20030324
    0.0051 20030325
    0.0052 20030326
    0.0052 20030327
    0.0055 20030328
    0.0058 20030329
    0.0049 20030330
    0.0052 20030331
    0.0043 20030401
    0.0036 20030402
    0.0039 20030403
    0.0034 20030404
    0.0035 20030405
    0.0039 20030406
    0.0032 20030407
    0.0034 20030408
    0.0030 20030409
    0.0027 20030410
    0.0026 20030411
    0.0024 20030412
    0.0022 20030413
    0.0025 20030414
    0.0032 20030415
    0.0048 20030416
    0.0050 20030417
    0.0044 20030418
    0.0058 20030419
    0.0054 20030420
    0.0050 20030421
    0.0043 20030422
    0.0042 20030423
    0.0039 20030424
    0.0036 20030425
    0.0034 20030426
    0.0031 20030427
    0.0032 20030428
    0.0028 20030429
    0.0023 20030430
    0.0022 20030501
    0.0026 20030502
    0.0024 20030503
    0.0026 20030504
    0.0024 20030505
    0.0042 20030506
    0.0042 20030507
    0.0064 20030508
    0.0063 20030509
    0.0059 20030510
    0.0051 20030511
    0.0054 20030512
    0.0047 20030513
    0.0042 20030514
    0.0034 20030515
    0.0041 20030516
    0.0037 20030517
    0.0029 20030518
    0.0030 20030519
    0.0025 20030520
    0.0025 20030521
    0.0027 20030522
    0.0025 20030523
    0.0021 20030524
    0.0018 20030525
    0.0016 20030526
    0.0015 20030527
    0.0019 20030528
    0.0017 20030529
    0.0015 20030530
    0.0014 20030531
    0.0013 20030601
    0.0017 20030602
    0.0016 20030603
    0.0014 20030604
    0.0013 20030605
    0.0012 20030606
    0.0016 20030607
    0.0014 20030608
    0.0014 20030609
    0.0012 20030610
    0.0011 20030611
    0.0013 20030612
    0.0012 20030613
    0.0013 20030614
    0.0013 20030615
    0.0011 20030616
    0.0010 20030617
    0.0010 20030618
    0.0010 20030619
    0.0009 20030620
    0.0008 20030621
    0.0008 20030622
    0.0007 20030623
    0.0007 20030624
    0.0007 20030625
    0.0006 20030626
    0.0006 20030627
    0.0006 20030628
    0.0005 20030629
    0.0005 20030630
    0.0006 20030701
    0.0006 20030702
    0.0006 20030703
    0.0006 20030704
    0.0007 20030705
    0.0007 20030706
    0.0007 20030707
    0.0007 20030708
    0.0007 20030709
    0.0007 20030710
    0.0007 20030711
    0.0006 20030712
    0.0006 20030713
    0.0006 20030714
    0.0006 20030715
    0.0005 20030716
    0.0005 20030717
    0.0005 20030718
    0.0005 20030719
    0.0005 20030720
    0.0005 20030721
    0.0004 20030722
    0.0004 20030723
    0.0007 20030724
    0.0006 20030725
    0.0006 20030726
    0.0005 20030727
    0.0005 20030728
    0.0005 20030729
    0.0005 20030730
    0.0004 20030731
    0.0005 20030801
    0.0005 20030802
    0.0004 20030803
    0.0004 20030804
    0.0004 20030805
    0.0004 20030806
    0.0004 20030807
    0.0004 20030808
    0.0004 20030809
    0.0003 20030810
    0.0003 20030811
    0.0003 20030812
    0.0006 20030813
    0.0005 20030814
    0.0005 20030815
    0.0004 20030816
    0.0004 20030817
    0.0004 20030818
    0.0004 20030819
    0.0003 20030820
    0.0004 20030821
    0.0003 20030822
    0.0003 20030823
    0.0003 20030824
    0.0005 20030825
    0.0005 20030826
    0.0004 20030827
    0.0004 20030828
    0.0004 20030829
    0.0003 20030830
    0.0003 20030831
    0.0004 20030901
    0.0004 20030902
    0.0003 20030903
    0.0003 20030904
    0.0003 20030905
    0.0003 20030906
    0.0003 20030907
    0.0003 20030908
    0.0003 20030909
    0.0003 20030910
    0.0003 20030911
    0.0003 20030912
    0.0002 20030913
    0.0002 20030914
    0.0002 20030915
    0.0002 20030916
    0.0002 20030917
    0.0002 20030918
    0.0002 20030919
    0.0002 20030920
    0.0002 20030921
    0.0002 20030922
    0.0002 20030923
    0.0002 20030924
    0.0002 20030925
    0.0002 20030926
    0.0002 20030927
    0.0001 20030928
    0.0001 20030929
    0.0001 20030930
    0.0001 20031001
    0.0001 20031002
    0.0001 20031003
    0.0001 20031004
    0.0001 20031005
    0.0271 20031006
    0.0872 20031007
    0.1563 20031008
    0.2051 20031009
    0.2226 20031010
    0.2217 20031011
    0.2066 20031012
    0.1859 20031013
    0.1648 20031014
    0.1458 20031015
    0.1783 20031016
    0.2299 20031017
    0.2405 20031018
    0.2385 20031019
    0.2197 20031020
    0.1954 20031021
    0.1736 20031022
    0.1501 20031023
    0.1271 20031024
    0.1111 20031025
    0.0958 20031026
    0.0852 20031027
    0.0722 20031028
    0.0613 20031029
    0.0520 20031030
    0.0474 20031031
    0.0409 20031101
    0.0349 20031102
    0.0314 20031103
    0.0288 20031104
    0.0254 20031105
    0.0227 20031106
    0.0206 20031107
    0.0195 20031108
    0.0171 20031109
    0.0153 20031110
    0.0153 20031111
    0.0137 20031112
    0.0128 20031113
    0.0116 20031114
    0.0125 20031115
    0.0129 20031116
    0.0140 20031117
   12.1100 20031118
    7.2900 20031119
    3.2400 20031120
    1.5910 20031121
    0.9877 20031122
    0.7552 20031123
    0.5907 20031124
    0.5169 20031125
    0.4373 20031126
    0.3603 20031127
    0.2931 20031128
    0.2428 20031129
    0.1991 20031130
    0.1643 20031201
    0.1362 20031202
    0.1152 20031203
    0.0965 20031204
    0.0801 20031205
    0.0711 20031206
    0.0604 20031207
    0.0521 20031208
    0.0776 20031209
    0.0894 20031210
    0.0922 20031211
    0.0898 20031212
    0.0843 20031213
    0.0774 20031214
    0.0701 20031215
    0.0633 20031216
    0.0577 20031217
    0.0498 20031218
    0.0450 20031219
    0.0406 20031220
    0.0373 20031221
    0.0339 20031222
    0.0302 20031223
    0.0292 20031224
    0.0251 20031225
    0.0239 20031226
    0.0220 20031227
    0.0199 20031228
    0.0187 20031229
    0.0172 20031230
    0.0170 20031231
    0.0164 20040101
    0.0146 20040102
    0.0131 20040103
    0.0137 20040104
    0.0124 20040105
    0.0126 20040106
    0.0115 20040107
    0.0107 20040108
    0.0109 20040109
    0.0101 20040110
    0.0109 20040111
    0.0099 20040112
    0.0102 20040113
    0.0094 20040114
    0.0087 20040115
    0.0085 20040116
    0.0077 20040117
    0.0075 20040118
    0.0072 20040119
    0.0068 20040120
    0.0067 20040121
    0.0064 20040122
    0.0057 20040123
    0.0052 20040124
    0.0057 20040125
    0.0050 20040126
    0.0048 20040127
    0.0052 20040128
    0.0053 20040129
    0.0045 20040130
    0.0051 20040131
    0.0047 20040201
    0.0044 20040202
    0.0041 20040203
    0.0038 20040204
    0.0036 20040205
    0.0035 20040206
    0.0033 20040207
    0.0039 20040208
    0.0037 20040209
    0.0034 20040210
    0.0031 20040211
    0.0030 20040212
    0.0034 20040213
    0.0035 20040214
    0.0031 20040215
    0.0027 20040216
    0.0026 20040217
    0.0023 20040218
    0.0023 20040219
    0.0031 20040220
    0.0029 20040221
    0.0031 20040222
    0.0028 20040223
    0.0023 20040224
    0.0024 20040225
    0.0031 20040226
    0.0029 20040227
    0.0030 20040228
    0.0032 20040229
    0.0026 20040301
    0.0030 20040302
    0.0028 20040303
    0.0029 20040304
    0.0024 20040305
    0.0024 20040306
    0.0022 20040307
    0.0021 20040308
    0.0021 20040309
    0.0021 20040310
    0.0022 20040311
    0.0022 20040312
    0.0033 20040313
    0.0038 20040314
    0.0040 20040315
    0.0036 20040316
    0.0034 20040317
    0.0034 20040318
    0.0031 20040319
    0.0033 20040320
    0.0029 20040321
    0.0033 20040322
    0.0028 20040323
    0.0027 20040324
    0.0024 20040325
    0.2741 20040326
    0.3798 20040327
    0.3947 20040328
    0.3610 20040329
    0.3096 20040330
    0.2599 20040331
    0.2179 20040401
    0.1826 20040402
    0.1520 20040403
    0.1271 20040404
    0.1058 20040405
    0.0908 20040406
    0.0801 20040407
    0.0663 20040408
    0.0610 20040409
    0.0540 20040410
    0.3287 20040411
    0.4024 20040412
    0.3945 20040413
    0.3509 20040414
    4.0410 20040415
    6.7090 20040416
    2.7240 20040417
    1.5290 20040418
    1.0410 20040419
    0.8478 20040420
    0.7017 20040421
    0.5944 20040422
    0.5435 20040423
    0.4946 20040424
    0.4507 20040425
    0.4122 20040426
    0.3805 20040427
    0.3586 20040428
    0.3341 20040429
    0.3167 20040430
    0.3025 20040501
    0.2890 20040502
    0.2840 20040503
    0.2731 20040504
    0.2645 20040505
    0.2571 20040506
    0.2506 20040507
    0.2429 20040508
    0.2359 20040509
    0.2287 20040510
    0.2266 20040511
    0.1520 20040512
    0.1117 20040513
    0.0874 20040514
    0.0664 20040515
    0.0548 20040516
    0.0484 20040517
    0.0418 20040518
    0.0363 20040519
    0.0334 20040520
    0.0317 20040521
    0.0312 20040522
    0.0298 20040523
    0.0301 20040524
    0.0284 20040525
    0.0276 20040526
    0.0230 20040527
    0.0190 20040528
    0.0177 20040529
    0.0158 20040530
    0.0132 20040531
    0.0130 20040601
    0.0109 20040602
    0.0100 20040603
    0.0092 20040604
    0.0085 20040605
    0.0078 20040606
    0.0078 20040607
    0.0066 20040608
    0.0068 20040609
    0.0059 20040610
    0.0064 20040611
    0.0062 20040612
    0.0060 20040613
    0.0172 20040614
    0.0218 20040615
    0.0234 20040616
    0.0229 20040617
    0.0222 20040618
    0.0212 20040619
    0.0179 20040620
    0.0164 20040621
    0.0151 20040622
    0.0126 20040623
    0.0117 20040624
    0.0107 20040625
    0.0090 20040626
    0.0087 20040627
    0.0078 20040628
    0.0070 20040629
    0.0067 20040630
    0.0059 20040701
    0.0057 20040702
    0.0049 20040703
    0.0049 20040704
    0.0051 20040705
    0.0044 20040706
    0.0040 20040707
    0.0040 20040708
    0.0045 20040709
    0.0038 20040710
    0.0034 20040711
    0.0030 20040712
    0.0026 20040713
    0.0031 20040714
    0.0025 20040715
    0.0029 20040716
    0.0026 20040717
    0.0023 20040718
    0.0023 20040719
    0.0025 20040720
    0.0025 20040721
    0.0022 20040722
    0.0027 20040723
    0.0024 20040724
    0.0023 20040725
    0.0020 20040726
    0.0019 20040727
    0.0018 20040728
    0.0016 20040729
    0.0021 20040730
    0.0016 20040731
    0.0019 20040801
    0.0014 20040802
    0.0014 20040803
    0.0014 20040804
    0.0014 20040805
    0.0018 20040806
    0.0016 20040807
    0.0015 20040808
    0.0013 20040809
    0.0012 20040810
    0.0012 20040811
    0.0011 20040812
    0.0012 20040813
    0.0011 20040814
    0.0011 20040815
    0.0010 20040816
    0.0011 20040817
    0.0015 20040818
    0.0014 20040819
    0.0013 20040820
    0.0012 20040821
    0.0010 20040822
    0.0010 20040823
    0.0013 20040824
    0.0012 20040825
    0.0011 20040826
    0.0010 20040827
    0.0010 20040828
    0.0009 20040829
    0.0010 20040830
    0.0009 20040831
    0.0008 20040901
    0.0009 20040902
    0.0008 20040903
    0.0008 20040904
    0.0008 20040905
    0.0007 20040906
    0.0007 20040907
    0.0006 20040908
    0.0006 20040909
    0.0006 20040910
    0.0006 20040911
    0.0005 20040912
    0.0005 20040913
    0.0005 20040914
    0.0005 20040915
    0.0004 20040916
    0.0006 20040917
    0.0006 20040918
    0.0005 20040919
    0.0005 20040920
    0.0005 20040921
    0.0005 20040922
    0.0005 20040923
    0.0005 20040924
    0.0004 20040925
    0.0004 20040926
    0.0004 20040927
    0.0004 20040928
    0.0007 20040929
    0.0006 20040930
    0.0006 20041001
    0.0006 20041002
    0.0005 20041003
    0.0005 20041004
    0.0004 20041005
    0.0004 20041006
    0.0004 20041007
    0.0004 20041008
    0.0004 20041009
    0.0004 20041010
    0.0004 20041011
    0.0004 20041012
    0.0004 20041013
    0.0004 20041014
    0.0003 20041015
    0.0006 20041016
    0.0003 20041017
    0.0006 20041018
    0.0005 20041019
    0.0005 20041020
    0.0005 20041021
    0.0004 20041022
    0.0004 20041023
    0.0004 20041024
    0.0004 20041025
    0.0003 20041026
    0.0004 20041027
    0.0003 20041028
    0.0003 20041029
    0.0003 20041030
    0.0005 20041031
    0.0003 20041101
    0.0004 20041102
    0.0004 20041103
    0.0003 20041104
    0.0003 20041105
    0.0008 20041106
    0.0008 20041107
    0.0004 20041108
    0.0004 20041109
    0.0004 20041110
    0.0003 20041111
    0.0008 20041112
    0.0004 20041113
    0.0003 20041114
    0.0003 20041115
    0.0006 20041116
    0.0005 20041117
    0.0004 20041118
    0.0004 20041119
    0.0004 20041120
    0.0003 20041121
    0.0003 20041122
    0.0006 20041123
    0.0005 20041124
    0.0004 20041125
    0.0004 20041126
    0.0005 20041127
    0.0004 20041128
    0.0004 20041129
    0.0003 20041130
    0.0004 20041201
    0.0004 20041202
    0.0026 20041203
    0.4407 20041204
    2.5260 20041205
    1.1160 20041206
    0.7582 20041207
    0.5612 20041208
    0.4535 20041209
    0.3500 20041210
    0.2707 20041211
    0.2109 20041212
    0.1664 20041213
    0.1315 20041214
    0.1071 20041215
    0.0876 20041216
    0.0717 20041217
    0.0610 20041218
    0.0509 20041219
    0.0441 20041220
    0.0425 20041221
    0.1992 20041222
    0.2320 20041223
    0.2216 20041224
    0.1912 20041225
    0.1560 20041226
    0.1269 20041227
    0.1039 20041228
    0.0874 20041229
    0.0769 20041230
    0.0690 20041231
    0.0682 20050101
    0.0726 20050102
    0.0775 20050103
    0.0878 20050104
    0.0956 20050105
    0.1057 20050106
    0.1161 20050107
    0.1248 20050108
    0.1322 20050109
    0.1390 20050110
    0.1442 20050111
    0.1475 20050112
    0.1500 20050113
    0.1504 20050114
    0.1530 20050115
    0.1535 20050116
    0.1536 20050117
    0.1509 20050118
    0.1492 20050119
    0.1496 20050120
    0.1455 20050121
    0.1440 20050122
    0.1394 20050123
    0.1368 20050124
    0.1335 20050125
    0.0886 20050126
    0.0670 20050127
    0.0538 20050128
    0.0436 20050129
    0.0394 20050130
    0.0317 20050131
    0.0301 20050201
    0.0280 20050202
    0.0292 20050203
    0.0311 20050204
    0.0341 20050205
    0.0384 20050206
    0.0421 20050207
    0.0455 20050208
    0.0660 20050209
    0.1997 20050210
    0.2441 20050211
    0.2534 20050212
    0.2466 20050213
    0.2335 20050214
    0.2233 20050215
    0.2159 20050216
    0.2133 20050217
    0.2076 20050218
    0.2051 20050219
    0.2037 20050220
    0.2020 20050221
    0.1986 20050222
    0.1973 20050223
    0.1966 20050224
    0.1945 20050225
    0.1913 20050226
    0.1905 20050227
    0.1903 20050228
    0.1975 20050301
    0.2076 20050302
    0.2156 20050303
    0.2298 20050304
    0.2438 20050305
    0.2526 20050306
    0.2600 20050307
    0.2671 20050308
    0.2707 20050309
    0.2751 20050310
    0.2783 20050311
    0.2796 20050312
    0.2794 20050313
    0.2779 20050314
    0.2764 20050315
    0.2717 20050316
    0.1657 20050317
    0.1199 20050318
    0.0957 20050319
    0.0773 20050320
    0.0625 20050321
    0.0544 20050322
    0.0474 20050323
    0.0450 20050324
    0.0420 20050325
    0.0408 20050326
    0.0387 20050327
    0.0402 20050328
    0.0403 20050329
    0.0395 20050330
    0.0386 20050331
    0.0381 20050401
    0.0397 20050402
    0.0391 20050403
    0.0390 20050404
    0.0395 20050405
    0.0390 20050406
    0.0290 20050407
    0.0254 20050408
    0.0231 20050409
    0.0186 20050410
    0.0157 20050411
    0.0140 20050412
    0.0118 20050413
    0.0110 20050414
    0.0100 20050415
    0.0096 20050416
    0.0075 20050417
    0.0069 20050418
    0.0062 20050419
    0.0067 20050420
    0.0058 20050421
    0.0048 20050422
    0.0048 20050423
    0.0050 20050424
    0.0043 20050425
    0.0036 20050426
    0.0039 20050427
    0.0034 20050428
    0.0029 20050429
    0.0035 20050430
    0.0033 20050501
    0.0029 20050502
    0.0027 20050503
    0.0026 20050504
    0.0029 20050505
    0.0026 20050506
    0.0025 20050507
    0.0023 20050508
    0.0020 20050509
    0.0018 20050510
    0.0016 20050511
    0.0015 20050512
    0.0014 20050513
    0.0013 20050514
    0.0016 20050515
    0.0015 20050516
    0.0015 20050517
    0.0013 20050518
    0.0012 20050519
    0.0011 20050520
    0.0013 20050521
    0.0012 20050522
    0.0016 20050523
    0.0015 20050524
    0.0014 20050525
    0.0013 20050526
    0.0011 20050527
    0.0011 20050528
    0.0010 20050529
    0.0009 20050530
    0.0010 20050531
    0.0012 20050601
    0.0012 20050602
    0.0011 20050603
    0.0010 20050604
    0.0009 20050605
    0.0009 20050606
    0.0008 20050607
    0.0007 20050608
    0.0007 20050609
    0.0007 20050610
    0.0007 20050611
    0.0006 20050612
    0.0006 20050613
    0.0006 20050614
    0.0005 20050615
    0.0005 20050616
    0.0007 20050617
    0.0007 20050618
    0.0007 20050619
    0.0007 20050620
    0.0007 20050621
    0.0006 20050622
    0.0006 20050623
    0.0006 20050624
    0.0006 20050625
    0.0006 20050626
    0.0005 20050627
    0.0005 20050628
    0.0005 20050629
    0.0005 20050630
    0.0005 20050701
    0.0004 20050702
    0.0007 20050703
    0.0007 20050704
    0.0005 20050705
    0.0005 20050706
    0.0005 20050707
    0.0005 20050708
    0.0005 20050709
    0.0005 20050710
    0.0005 20050711
    0.0004 20050712
    0.0004 20050713
    0.0004 20050714
    0.0004 20050715
    0.0004 20050716
    0.0004 20050717
    0.0004 20050718
    0.0007 20050719
    0.0006 20050720
    0.0006 20050721
    0.0005 20050722
    0.0005 20050723
    0.0004 20050724
    0.0004 20050725
    0.0004 20050726
    0.0004 20050727
    0.0004 20050728
    0.0004 20050729
    0.0003 20050730
    0.0003 20050731
    0.0003 20050801
    6.4360 20050802
    2.9800 20050803
    1.3570 20050804
    0.8741 20050805
    0.5995 20050806
    0.4876 20050807
    0.3753 20050808
    0.2880 20050809
    0.2204 20050810
    0.1697 20050811
    0.1326 20050812
    0.1038 20050813
    0.0866 20050814
    0.0708 20050815
    0.0584 20050816
    0.0478 20050817
    0.0420 20050818
    0.0363 20050819
    0.0317 20050820
    0.0267 20050821
    0.0245 20050822
    0.0214 20050823
    0.0196 20050824
    0.0173 20050825
    0.0165 20050826
    0.0142 20050827
    0.0133 20050828
    0.0123 20050829
    0.0101 20050830
    0.0105 20050831
    0.0090 20050901
    0.0082 20050902
    0.0081 20050903
    0.0078 20050904
    0.0076 20050905
    0.0076 20050906
    0.0078 20050907
    0.0071 20050908
    0.0064 20050909
    0.0060 20050910
    0.0059 20050911
    0.0055 20050912
    0.7730 20050913
    0.6651 20050914
    0.5301 20050915
    0.4443 20050916
    0.7124 20050917
    0.6990 20050918
    0.5838 20050919
    0.5336 20050920
    0.4774 20050921
    0.4117 20050922
    0.3499 20050923
    0.2933 20050924
    0.2430 20050925
    0.2032 20050926
    0.1712 20050927
    0.1423 20050928
    0.1175 20050929
    0.1014 20050930
    0.0852 20051001
    0.0722 20051002
    0.0623 20051003
    0.0537 20051004
    0.0476 20051005
    0.0416 20051006
    0.0362 20051007
    0.0320 20051008
    0.0280 20051009
    0.0258 20051010
    0.0226 20051011
    0.0211 20051012
    0.0194 20051013
    0.0183 20051014
    0.0157 20051015
    0.0153 20051016
    0.0136 20051017
    0.0127 20051018
    0.0125 20051019
    0.0106 20051020
    0.0106 20051021
    0.0095 20051022
    0.0089 20051023
    0.0075 20051024
    0.0077 20051025
    0.0072 20051026
    0.0067 20051027
    0.0065 20051028
    0.0060 20051029
    0.0062 20051030
    0.0060 20051031
    0.0050 20051101
    0.0054 20051102
    0.0046 20051103
    0.0046 20051104
    0.0040 20051105
    0.0036 20051106
    0.0039 20051107
    0.0042 20051108
    0.0040 20051109
    0.0036 20051110
    0.0036 20051111
    0.0276 20051112
    0.0453 20051113
    0.0574 20051114
    0.0663 20051115
    0.0678 20051116
    0.0642 20051117
    0.0611 20051118
    0.0558 20051119
    0.0505 20051120
    0.0472 20051121
    0.0526 20051122
    0.0526 20051123
    0.0518 20051124
    0.0527 20051125
    0.0500 20051126
    0.0493 20051127
    0.0457 20051128
    0.0424 20051129
    0.0390 20051130
    0.0364 20051201
    0.0335 20051202
    0.0318 20051203
    0.0281 20051204
    0.0248 20051205
    0.0226 20051206
    0.0216 20051207
    0.0191 20051208
    0.0178 20051209
    0.0159 20051210
    0.0144 20051211
    0.0143 20051212
    0.0132 20051213
    0.0122 20051214
    0.0107 20051215
    0.0096 20051216
    0.0102 20051217
    0.0099 20051218
    0.0102 20051219
    0.0094 20051220
    0.0103 20051221
    0.0086 20051222
    0.0083 20051223
    0.0070 20051224
    0.0071 20051225
    0.0068 20051226
    0.0063 20051227
    0.0064 20051228
    0.0058 20051229
    0.0056 20051230
    0.0052 20051231
    0.0047 20060101
    0.0044 20060102
    0.0046 20060103
    0.0039 20060104
    0.0044 20060105
    0.0044 20060106
    0.0048 20060107
    0.0046 20060108
    0.0047 20060109
    0.0055 20060110
    0.0059 20060111
    0.0059 20060112
    0.0064 20060113
    0.0065 20060114
    0.0066 20060115
    0.0067 20060116
    0.0065 20060117
    0.0068 20060118
    0.0068 20060119
    0.0060 20060120
    0.0061 20060121
    0.0062 20060122
    0.0069 20060123
    0.0061 20060124
    0.0057 20060125
    0.0059 20060126
    0.0077 20060127
    0.0374 20060128
    0.0507 20060129
    0.0558 20060130
    0.0552 20060131
    0.0515 20060201
    0.0483 20060202
    0.0440 20060203
    0.0435 20060204
    0.0490 20060205
    0.0655 20060206
    0.0945 20060207
    0.1332 20060208
    0.1831 20060209
    0.2374 20060210
    0.2881 20060211
    0.3370 20060212
    0.3771 20060213
    0.4101 20060214
    0.4335 20060215
    0.4542 20060216
    0.4685 20060217
    0.4764 20060218
    0.4835 20060219
    0.4847 20060220
    0.4854 20060221
    0.4842 20060222
    0.4816 20060223
    0.4742 20060224
    0.4655 20060225
    0.4591 20060226
    0.4515 20060227
    0.4395 20060228
    0.3626 20060301
    0.2678 20060302
    0.2145 20060303
    0.1756 20060304
    0.1487 20060305
    0.1306 20060306
    0.1152 20060307
    0.1085 20060308
    0.1015 20060309
    0.0996 20060310
    0.0959 20060311
    0.0937 20060312
    0.0944 20060313
    0.0941 20060314
    0.0931 20060315
    0.0933 20060316
    0.0930 20060317
    0.0932 20060318
    0.0863 20060319
    0.0788 20060320
    0.0749 20060321
    0.0702 20060322
    0.0555 20060323
    0.0452 20060324
    0.0387 20060325
    0.0310 20060326
    0.0273 20060327
    0.0238 20060328
    0.0220 20060329
    0.0191 20060330
    0.0170 20060331
    0.0149 20060401
    0.0142 20060402
    0.0114 20060403
    0.0115 20060404
    0.0105 20060405
    0.0099 20060406
    0.0089 20060407
    0.0084 20060408
    0.0080 20060409
    0.0080 20060410
    0.0063 20060411
    0.0065 20060412
    0.0059 20060413
    0.0056 20060414
    0.0059 20060415
    0.0057 20060416
    0.1481 20060417
    0.2919 20060418
    0.3751 20060419
    0.3966 20060420
    0.3825 20060421
    0.3474 20060422
    0.2993 20060423
    0.2557 20060424
    0.2138 20060425
    0.1799 20060426
    0.1520 20060427
    0.1284 20060428
    0.1093 20060429
    0.0908 20060430
    0.0793 20060501
    0.0690 20060502
    0.0600 20060503
    0.0546 20060504
    0.0472 20060505
    0.0415 20060506
    0.0370 20060507
    0.0334 20060508
    0.0294 20060509
    0.0252 20060510
    0.0234 20060511
    0.0210 20060512
    0.0188 20060513
    0.0186 20060514
    0.0155 20060515
    0.0156 20060516
    0.0138 20060517
    0.0125 20060518
    0.0121 20060519
    0.0118 20060520
    0.0096 20060521
    0.0097 20060522
    0.0084 20060523
    0.0085 20060524
    0.0078 20060525
    0.0075 20060526
    0.0072 20060527
    0.0067 20060528
    0.0061 20060529
    0.0059 20060530
    0.0065 20060531
    0.0067 20060601
    0.0065 20060602
    0.0052 20060603
    0.0049 20060604
    0.0052 20060605
    0.0049 20060606
    0.0054 20060607
    0.0046 20060608
    0.0040 20060609
    0.0041 20060610
    0.0035 20060611
    0.0035 20060612
    0.0039 20060613
    0.0036 20060614
    0.0038 20060615
    0.0033 20060616
    0.0030 20060617
    0.0026 20060618
    0.0028 20060619
    0.0026 20060620
    0.0024 20060621
    0.0022 20060622
    0.0025 20060623
    0.0023 20060624
    0.0026 20060625
    0.0021 20060626
    0.0026 20060627
    0.0019 20060628
    0.0023 20060629
    0.0021 20060630
    0.0020 20060701
    0.0019 20060702
    0.0017 20060703
    0.0016 20060704
    0.0018 20060705
    0.0016 20060706
    0.0017 20060707
    0.0015 20060708
    0.0015 20060709
    0.0019 20060710
    0.0017 20060711
    0.0017 20060712
    0.0016 20060713
    0.0015 20060714
    0.0013 20060715
    0.0012 20060716
    0.0011 20060717
    0.0012 20060718
    0.0011 20060719
    0.0010 20060720
    0.0014 20060721
    0.0012 20060722
    0.0012 20060723
    0.0011 20060724
    0.0011 20060725
    0.0010 20060726
    0.0011 20060727
    0.0014 20060728
    0.0012 20060729
    0.0011 20060730
    0.0011 20060731
    0.0010 20060801
    0.0010 20060802
    0.0009 20060803
    0.0009 20060804
    0.0009 20060805
    0.0008 20060806
    0.0008 20060807
    0.0008 20060808
    0.0010 20060809
    0.0009 20060810
    0.0009 20060811
    0.0009 20060812
    0.0009 20060813
    0.0008 20060814
    0.0008 20060815
    0.0008 20060816
    0.0008 20060817
    0.0007 20060818
    0.0007 20060819
    0.0007 20060820
    0.0007 20060821
    0.0006 20060822
    0.0006 20060823
    0.0006 20060824
    0.0005 20060825
    0.0005 20060826
    0.0005 20060827
    0.0004 20060828
    0.0005 20060829
    0.0004 20060830
    0.0007 20060831
    0.0004 20060901
    0.0004 20060902
    0.0004 20060903
    0.0007 20060904
    0.0006 20060905
    0.0004 20060906
    0.0005 20060907
    0.0005 20060908
    0.0005 20060909
    0.0004 20060910
    0.0005 20060911
    0.0007 20060912
    0.0005 20060913
    0.0008 20060914
    0.0007 20060915
    0.0007 20060916
    0.0006 20060917
    0.0006 20060918
    0.0005 20060919
    0.0005 20060920
    0.0004 20060921
    0.0007 20060922
    0.0006 20060923
    0.0006 20060924
    0.0005 20060925
    0.0005 20060926
    0.0005 20060927
    0.0004 20060928
    0.0004 20060929
    0.0004 20060930
    0.0004 20061001
    0.0003 20061002
    0.0003 20061003
    0.0003 20061004
    0.0003 20061005
    0.0005 20061006
    0.0005 20061007
    0.0004 20061008
    0.0004 20061009
    0.0004 20061010
    0.0003 20061011
    0.0003 20061012
    0.0004 20061013
    0.0003 20061014
    0.0003 20061015
    0.0005 20061016
    0.0005 20061017
    0.0005 20061018
    0.0004 20061019
    0.0004 20061020
    0.0004 20061021
    0.0004 20061022
    0.0003 20061023
    0.0003 20061024
    0.0003 20061025
    0.0003 20061026
    0.0003 20061027
    0.0003 20061028
    0.0003 20061029
    0.0002 20061030
    0.0002 20061031
    0.0004 20061101
    0.0004 20061102
    0.2738 20061103
    0.5655 20061104
    0.5702 20061105
    0.5267 20061106
    0.5055 20061107
    0.4551 20061108
    0.3932 20061109
    0.3344 20061110
    0.2785 20061111
    0.2317 20061112
    0.1946 20061113
    0.1593 20061114
    0.1363 20061115
    0.1123 20061116
    0.0968 20061117
    0.0818 20061118
    0.0701 20061119
    0.0611 20061120
    0.0521 20061121
    0.0447 20061122
    0.0388 20061123
    0.0348 20061124
    0.0320 20061125
    0.0285 20061126
    0.0253 20061127
    0.0222 20061128
    0.0206 20061129
    0.0370 20061130
    0.3032 20061201
    0.3617 20061202
    0.3356 20061203
    0.2805 20061204
    0.2213 20061205
    0.1760 20061206
    0.1390 20061207
    0.1089 20061208
    0.0876 20061209
    0.0730 20061210
    0.0598 20061211
    0.0503 20061212
    0.0427 20061213
    0.0368 20061214
    0.0319 20061215
    0.0279 20061216
    0.0248 20061217
    0.0228 20061218
    0.0198 20061219
    0.0190 20061220
    0.0177 20061221
    0.0166 20061222
    0.0156 20061223
    0.0147 20061224
    0.0135 20061225
    0.0120 20061226
    0.0128 20061227
    0.0126 20061228
    0.0125 20061229
    0.0119 20061230
    0.0127 20061231
    0.0155 20070101
    0.0196 20070102
    0.0263 20070103
    0.0350 20070104
    0.0447 20070105
    0.0554 20070106
    0.0636 20070107
    0.0745 20070108
    0.0823 20070109
    0.0879 20070110
    0.0936 20070111
    0.0984 20070112
    0.1020 20070113
    0.1053 20070114
    0.1069 20070115
    0.1073 20070116
    0.1070 20070117
    0.1077 20070118
    0.1057 20070119
    0.1047 20070120
    0.1054 20070121
    0.1021 20070122
    0.1008 20070123
    0.0972 20070124
    0.0956 20070125
    0.0683 20070126
    7.5740 20070127
    4.2580 20070128
    2.0980 20070129
    1.1190 20070130
    0.8702 20070131
    0.7058 20070201
    0.6328 20070202
    0.5903 20070203
    0.5905 20070204
    0.6030 20070205
    0.6412 20070206
    0.6690 20070207
    0.7083 20070208
    0.7520 20070209
    0.7829 20070210
    0.8146 20070211
    0.8365 20070212
    0.8552 20070213
    0.8680 20070214
    0.8791 20070215
    0.8823 20070216
    0.8837 20070217
    0.8823 20070218
    0.8746 20070219
    0.8682 20070220
    0.8604 20070221
    0.8450 20070222
    0.8288 20070223
    0.8116 20070224
    0.7974 20070225
    0.5976 20070226
    0.4240 20070227
    0.3398 20070228
    0.2931 20070301
    0.2552 20070302
    0.2352 20070303
    0.2180 20070304
    0.2085 20070305
    0.2033 20070306
    0.2009 20070307
    0.1799 20070308
    0.1710 20070309
    0.1659 20070310
    0.1609 20070311
    0.1593 20070312
    0.1566 20070313
    0.1568 20070314
    0.1557 20070315
    0.1505 20070316
    0.1400 20070317
    0.1291 20070318
    0.1209 20070319
    0.1102 20070320
    0.0876 20070321
    0.0740 20070322
    0.0620 20070323
    0.0520 20070324
    0.0445 20070325
    0.0399 20070326
    0.0433 20070327
    0.0437 20070328
    0.0434 20070329
    0.0409 20070330
    0.0387 20070331
    0.0390 20070401
    0.0378 20070402
    0.0338 20070403
    0.0308 20070404
    0.0285 20070405
    0.0252 20070406
    0.0238 20070407
    0.0218 20070408
    0.0225 20070409
    0.0206 20070410
    0.0194 20070411
    0.0186 20070412
    0.0181 20070413
    0.0155 20070414
    0.0146 20070415
    0.0131 20070416
    0.0124 20070417
    0.0113 20070418
    0.0099 20070419
    0.0101 20070420
    0.0092 20070421
    0.0079 20070422
    0.0073 20070423
    0.0080 20070424
    0.0072 20070425
    0.0065 20070426
    0.0068 20070427
    0.0069 20070428
    0.0072 20070429
    0.0077 20070430
    0.0070 20070501
    0.0063 20070502
    0.0069 20070503
    0.0073 20070504
    0.0067 20070505
    0.0062 20070506
    0.0059 20070507
    0.0055 20070508
    0.0051 20070509
    0.0052 20070510
    0.0049 20070511
    0.0052 20070512
    0.0051 20070513
    0.0043 20070514
    0.0042 20070515
    0.0035 20070516
    0.0036 20070517
    0.0034 20070518
    0.0036 20070519
    0.0039 20070520
    0.0033 20070521
    0.0036 20070522
    0.0033 20070523
    0.0036 20070524
    0.0030 20070525
    0.0031 20070526
    0.0028 20070527
    0.0025 20070528
    0.0027 20070529
    0.0024 20070530
    0.0027 20070531
    0.0025 20070601
    0.0020 20070602
    0.0022 20070603
    0.0021 20070604
    0.0024 20070605
    0.0022 20070606
    0.0020 20070607
    0.0018 20070608
    0.0019 20070609
    0.0018 20070610
    0.0017 20070611
    0.0021 20070612
    0.0019 20070613
    0.0013 20070614
    0.0017 20070615
    0.0016 20070616
    0.0015 20070617
    0.0013 20070618
    0.0011 20070619
    0.0011 20070620
    0.0011 20070621
    0.0011 20070622
    0.0015 20070623
    0.0014 20070624
    0.0012 20070625
    0.0011 20070626
    0.0010 20070627
    0.0013 20070628
    0.0012 20070629
    0.0011 20070630
    0.0009 20070701
    0.0013 20070702
    0.0012 20070703
    0.0012 20070704
    0.0010 20070705
    0.0010 20070706
    0.0009 20070707
    0.0009 20070708
    0.0008 20070709
    0.0007 20070710
    0.0007 20070711
    0.0007 20070712
    0.0007 20070713
    0.0006 20070714
    0.0006 20070715
    0.0007 20070716
    0.0007 20070717
    0.0007 20070718
    0.0006 20070719
    0.0006 20070720
    0.0006 20070721
    0.0006 20070722
    0.0005 20070723
    0.0005 20070724
    0.0005 20070725
    0.0005 20070726
    0.0004 20070727
    0.0005 20070728
    0.0006 20070729
    0.0006 20070730
    0.0006 20070731
    0.0005 20070801
    0.0004 20070802
    0.0006 20070803
    0.0006 20070804
    0.0006 20070805
    0.0005 20070806
    0.0005 20070807
    0.0005 20070808
    0.0005 20070809
    0.0005 20070810
    0.0005 20070811
    0.0004 20070812
    0.0004 20070813
    0.0004 20070814
    0.0004 20070815
    0.0004 20070816
    0.0007 20070817
    0.0006 20070818
    0.0006 20070819
    0.0005 20070820
    0.0005 20070821
    0.0009 20070822
    0.0007 20070823
    0.0010 20070824
    0.0009 20070825
    0.0008 20070826
    0.0008 20070827
    0.0008 20070828
    0.0007 20070829
    0.0006 20070830
    0.0009 20070831
    0.0012 20070901
    0.0009 20070902
    0.0009 20070903
    0.0007 20070904
    0.0009 20070905
    0.0011 20070906
    0.0009 20070907
    0.0009 20070908
    0.0007 20070909
    0.0009 20070910
    0.0011 20070911
    0.0015 20070912
    0.0011 20070913
    0.0009 20070914
    0.0010 20070915
    0.0008 20070916
    0.0010 20070917
    0.0008 20070918
    0.0009 20070919
    0.0010 20070920
    0.0029 20070921
    0.0037 20070922
    0.0040 20070923
    0.0045 20070924
    0.0045 20070925
    0.0045 20070926
    0.0041 20070927
    0.0036 20070928
    0.0032 20070929
    0.0033 20070930
    0.0027 20071001
    0.0051 20071002
    0.0049 20071003
    0.0066 20071004
    0.0070 20071005
    0.0058 20071006
    0.0055 20071007
    0.0045 20071008
    0.0045 20071009
    0.0042 20071010
    0.0052 20071011
    0.0064 20071012
    0.0053 20071013
    0.0050 20071014
    0.0045 20071015
    0.0072 20071016
    0.0086 20071017
    0.0207 20071018
    0.0472 20071019
    0.0593 20071020
    0.0674 20071021
    0.0647 20071022
    0.0613 20071023
    0.0572 20071024
    0.0504 20071025
    0.0466 20071026
    0.0440 20071027
    0.0381 20071028
    0.0345 20071029
    0.0319 20071030
    0.0273 20071031
    0.0249 20071101
    0.0229 20071102
    0.0206 20071103
    0.0186 20071104
    0.0159 20071105
    0.0146 20071106
    0.0134 20071107
    0.0123 20071108
    0.0129 20071109
    0.0112 20071110
    0.0102 20071111
    0.0089 20071112
    0.0084 20071113
    0.0081 20071114
    0.0074 20071115
    0.0074 20071116
    0.0061 20071117
    0.0059 20071118
    0.0061 20071119
    0.0062 20071120
    0.0057 20071121
    0.0378 20071122
    0.0822 20071123
    0.1347 20071124
    0.1722 20071125
    0.1858 20071126
    0.1846 20071127
    0.1719 20071128
    0.1543 20071129
    0.1366 20071130
    0.1267 20071201
    0.1202 20071202
    0.1200 20071203
    0.1207 20071204
    0.1254 20071205
    0.1298 20071206
    0.1334 20071207
    0.1382 20071208
    0.1431 20071209
    0.1476 20071210
    0.1507 20071211
    0.1514 20071212
    0.1545 20071213
    0.1559 20071214
    0.1576 20071215
    0.1604 20071216
    0.1602 20071217
    0.1605 20071218
    0.1606 20071219
    0.1594 20071220
    0.1597 20071221
    0.1573 20071222
    0.1544 20071223
    0.1523 20071224
    0.1504 20071225
    0.1481 20071226
    0.1490 20071227
    0.1102 20071228
    0.0867 20071229
    0.0712 20071230
    0.0601 20071231
    0.0621 20080101
    0.0719 20080102
    0.0926 20080103
    0.1170 20080104
    0.1445 20080105
    0.1722 20080106
    0.1984 20080107
    0.2243 20080108
    0.2444 20080109
    0.2624 20080110
    0.2771 20080111
    0.2882 20080112
    0.2980 20080113
    0.3037 20080114
    0.3078 20080115
    0.3085 20080116
    0.3084 20080117
    0.3080 20080118
    0.3036 20080119
    0.3018 20080120
    0.2969 20080121
    0.2936 20080122
    0.2865 20080123
    0.2814 20080124
    0.2437 20080125
    0.2215 20080126
    0.2056 20080127
    0.1971 20080128
    0.1258 20080129
    0.0952 20080130
    0.0737 20080131
    0.0713 20080201
    0.0655 20080202
    0.0651 20080203
    0.0710 20080204
    0.0775 20080205
    0.0845 20080206
    0.0933 20080207
    0.1029 20080208
    0.1105 20080209
    0.1193 20080210
    0.1239 20080211
    0.1287 20080212
    0.1336 20080213
    0.1378 20080214
    0.1421 20080215
    0.1451 20080216
    0.1426 20080217
    0.1412 20080218
    0.1412 20080219
    0.1393 20080220
    0.1365 20080221
    0.1330 20080222
    0.1322 20080223
    0.1358 20080224
    0.1228 20080225
    0.0825 20080226
    0.0684 20080227
    0.0535 20080228
    0.0435 20080229
    0.0387 20080301
    0.0379 20080302
    0.0383 20080303
    0.0385 20080304
    0.0418 20080305
    0.0463 20080306
    0.0509 20080307
    0.0554 20080308
    0.0628 20080309
    0.0702 20080310
    0.0785 20080311
    0.0880 20080312
    0.0953 20080313
    0.1014 20080314
    0.1085 20080315
    0.1142 20080316
    0.1196 20080317
    0.1214 20080318
    0.1269 20080319
    0.1328 20080320
    0.1321 20080321
    0.1002 20080322
    0.0839 20080323
    0.0678 20080324
    0.0578 20080325
    0.0487 20080326
    0.0402 20080327
    0.0349 20080328
    0.0295 20080329
    0.0263 20080330
    0.0244 20080331
    0.0211 20080401
    0.0188 20080402
    0.0160 20080403
    0.0151 20080404
    0.0133 20080405
    0.0120 20080406
    0.0116 20080407
    0.0106 20080408
    0.0106 20080409
    0.0104 20080410
    0.0086 20080411
    0.0081 20080412
    0.0076 20080413
    0.0073 20080414
    0.0062 20080415
    0.0062 20080416
    0.0056 20080417
    0.0055 20080418
    0.0056 20080419
    0.0052 20080420
    0.0052 20080421
    0.0052 20080422
    0.0045 20080423
    0.0046 20080424
    0.0039 20080425
    0.0040 20080426
    0.0043 20080427
    0.0040 20080428
    0.0035 20080429
    0.0039 20080430
    0.0038 20080501
    0.0034 20080502
    0.0032 20080503
    0.0034 20080504
    0.0030 20080505
    0.0026 20080506
    0.0023 20080507
    0.2164 20080508
    0.2940 20080509
    0.2964 20080510
    0.2543 20080511
    0.2065 20080512
    0.1621 20080513
    0.1310 20080514
    0.1018 20080515
    0.0838 20080516
    0.0696 20080517
    0.0596 20080518
    0.0488 20080519
    0.0419 20080520
    0.0355 20080521
    0.0309 20080522
    0.0266 20080523
    0.0215 20080524
    0.0212 20080525
    0.0186 20080526
    0.0157 20080527
    0.0149 20080528
    0.0127 20080529
    0.0114 20080530
    0.0138 20080531
    0.0130 20080601
    0.0117 20080602
    0.0100 20080603
    0.0101 20080604
    0.0091 20080605
    0.0080 20080606
    0.0077 20080607
    0.0074 20080608
    0.0073 20080609
    0.0062 20080610
    0.0062 20080611
    0.0058 20080612
    0.0058 20080613
    0.0057 20080614
    0.0048 20080615
    0.0041 20080616
    0.0042 20080617
    0.0039 20080618
    0.0038 20080619
    0.0043 20080620
    0.0038 20080621
    0.0035 20080622
    0.0037 20080623
    0.0033 20080624
    0.0031 20080625
    0.0027 20080626
    0.0025 20080627
    0.0028 20080628
    0.0024 20080629
    0.0023 20080630
    0.0022 20080701
    0.0022 20080702
    0.0022 20080703
    0.0027 20080704
    0.0025 20080705
    0.0022 20080706
    0.0021 20080707
    0.0020 20080708
    0.0024 20080709
    0.0022 20080710
    0.0021 20080711
    0.0019 20080712
    0.0017 20080713
    0.0026 20080714
    0.0024 20080715
    0.0028 20080716
    0.0024 20080717
    0.0029 20080718
    0.0022 20080719
    0.0021 20080720
    0.0022 20080721
    0.0020 20080722
    0.0023 20080723
    0.0023 20080724
    0.0020 20080725
    0.0018 20080726
    0.0017 20080727
    0.0019 20080728
    0.0018 20080729
    0.0015 20080730
    0.0014 20080731
    0.0012 20080801
    0.0012 20080802
    0.0013 20080803
    0.0012 20080804
    0.0011 20080805
    0.0011 20080806
    0.0014 20080807
    0.0012 20080808
    0.0011 20080809
    0.0011 20080810
    0.0014 20080811
    0.0013 20080812
    0.0012 20080813
    0.0011 20080814
    0.0010 20080815
    0.0010 20080816
    0.0009 20080817
    0.0008 20080818
    0.0010 20080819
    0.0010 20080820
    0.0010 20080821
    0.0009 20080822
    0.0010 20080823
    0.0009 20080824
    0.0009 20080825
    0.0008 20080826
    0.0007 20080827
    0.0007 20080828
    0.0007 20080829
    0.0007 20080830
    0.0006 20080831
    0.0006 20080901
    0.0006 20080902
    0.0007 20080903
    0.0006 20080904
    0.0006 20080905
    0.0005 20080906
    0.0005 20080907
    0.0005 20080908
    0.0005 20080909
    0.0005 20080910
    0.0005 20080911
    0.0007 20080912
    0.0007 20080913
    0.0006 20080914
    0.0006 20080915
    0.0006 20080916
    0.0005 20080917
    0.0005 20080918
    0.0004 20080919
    0.0004 20080920
    0.0004 20080921
    0.0003 20080922
    0.0003 20080923
    0.2065 20080924
    0.4248 20080925
    0.4932 20080926
    0.5030 20080927
    2.1330 20080928
    1.0210 20080929
    0.7598 20080930
    0.5696 20081001
    0.4696 20081002
    0.3766 20081003
    0.2970 20081004
    0.2354 20081005
    0.1877 20081006
    0.1514 20081007
    0.1224 20081008
    0.1366 20081009
    0.1489 20081010
    0.1642 20081011
    0.1685 20081012
    0.1652 20081013
    0.1527 20081014
    0.1417 20081015
    0.1254 20081016
    0.1108 20081017
    0.0980 20081018
    0.0861 20081019
    0.0745 20081020
    0.0668 20081021
    0.0615 20081022
    0.5143 20081023
    0.4872 20081024
    0.4526 20081025
    0.3732 20081026
    0.2953 20081027
    0.2359 20081028
    0.1836 20081029
    0.1473 20081030
    0.1175 20081031
    0.0995 20081101
    0.0824 20081102
    0.0689 20081103
    0.0593 20081104
    0.0497 20081105
    0.0421 20081106
    0.0371 20081107
    0.0314 20081108
    0.0275 20081109
    0.0250 20081110
    0.0219 20081111
    0.0212 20081112
    0.0181 20081113
    0.0165 20081114
    0.0155 20081115
    0.0142 20081116
    0.0131 20081117
    0.0130 20081118
    0.0113 20081119
    0.0102 20081120
    0.0099 20081121
    0.0093 20081122
    0.0083 20081123
    0.0077 20081124
    0.0079 20081125
    0.0368 20081126
    0.0689 20081127
    0.1035 20081128
    0.1284 20081129
    0.1457 20081130
    0.1449 20081201
    0.1380 20081202
    0.1280 20081203
    0.1125 20081204
    0.1001 20081205
    0.0880 20081206
    0.0789 20081207
    0.0720 20081208
    0.0635 20081209
    0.0590 20081210
    0.0553 20081211
    0.0513 20081212
    0.0497 20081213
    0.0479 20081214
    0.0459 20081215
    0.0438 20081216
    0.0425 20081217
    0.0411 20081218
    0.0388 20081219
    0.0389 20081220
    0.0379 20081221
    0.0359 20081222
    0.0350 20081223
    0.0339 20081224
    0.0331 20081225
    0.0262 20081226
    0.0240 20081227
    0.0198 20081228
    0.0192 20081229
    0.0156 20081230
    0.0153 20081231
    0.0143 20090101
    0.0154 20090102
    0.0175 20090103
    0.0198 20090104
    0.0215 20090105
    0.0258 20090106
    0.0291 20090107
    0.0312 20090108
    0.0353 20090109
    0.0382 20090110
    3.7690 20090111
    2.1460 20090112
    1.2910 20090113
    1.0040 20090114
    0.8051 20090115
    0.6755 20090116
    0.5875 20090117
    0.5540 20090118
    0.5175 20090119
    0.4869 20090120
    0.4642 20090121
    0.4502 20090122
    0.4418 20090123
    0.4353 20090124
    0.4309 20090125
    0.4319 20090126
    0.4266 20090127
    0.4235 20090128
    0.4211 20090129
    0.4141 20090130
    0.4106 20090131
    0.4143 20090201
    0.4176 20090202
    0.4241 20090203
    0.4315 20090204
    0.4369 20090205
    0.4426 20090206
    0.4037 20090207
    0.3748 20090208
    0.3556 20090209
    0.2811 20090210
    0.2409 20090211
    0.2130 20090212
    0.1933 20090213
    0.1805 20090214
    0.1703 20090215
    0.1648 20090216
    0.1543 20090217
    0.1337 20090218
    0.1211 20090219
    0.1122 20090220
    0.1067 20090221
    0.1046 20090222
    0.1020 20090223
    0.0994 20090224
    0.0938 20090225
    0.0884 20090226
    0.0832 20090227
    0.0775 20090228
    0.0643 20090301
    0.0544 20090302
    0.0482 20090303
    0.0409 20090304
    0.0360 20090305
    0.0323 20090306
    0.0279 20090307
    0.0243 20090308
    0.0221 20090309
    0.0200 20090310
    0.0169 20090311
    0.0152 20090312
    0.0145 20090313
    0.0127 20090314
    0.0122 20090315
    0.0110 20090316
    0.0106 20090317
    0.0094 20090318
    0.0090 20090319
    0.0082 20090320
    0.0077 20090321
    0.0065 20090322
    0.0063 20090323
    0.0064 20090324
    0.0061 20090325
    0.0060 20090326
    0.0060 20090327
    0.0057 20090328
    2.5340 20090329
    1.7890 20090330
    1.0940 20090331
    0.8748 20090401
    0.7042 20090402
    0.5973 20090403
    0.5525 20090404
    0.5102 20090405
    0.4747 20090406
    0.4490 20090407
    0.4276 20090408
    0.4135 20090409
    0.4025 20090410
    0.3932 20090411
    0.3906 20090412
    0.3904 20090413
    0.3867 20090414
    0.3826 20090415
    0.3811 20090416
    0.3794 20090417
    0.3775 20090418
    0.3823 20090419
    0.3720 20090420
    0.3547 20090421
    0.3471 20090422
    0.2603 20090423
    0.2015 20090424
    0.1591 20090425
    0.1312 20090426
    0.1127 20090427
    0.0957 20090428
    0.0839 20090429
    0.0738 20090430
    0.0617 20090501
    0.0530 20090502
    0.0457 20090503
    0.0403 20090504
    0.0357 20090505
    0.0308 20090506
    0.0274 20090507
    0.0239 20090508
    0.0226 20090509
    0.0213 20090510
    0.0187 20090511
    0.0171 20090512
    0.0157 20090513
    0.0144 20090514
    0.0132 20090515
    0.0131 20090516
    0.0115 20090517
    0.0111 20090518
    0.0102 20090519
    0.0092 20090520
    0.0096 20090521
    0.0077 20090522
    0.0081 20090523
    0.0076 20090524
    0.0072 20090525
    0.0063 20090526
    0.0063 20090527
    0.0054 20090528
    0.0058 20090529
    0.0058 20090530
    0.0056 20090531
    0.0048 20090601
    0.0048 20090602
    0.0045 20090603
    0.0040 20090604
    0.0036 20090605
    0.0036 20090606
    0.0038 20090607
    0.0041 20090608
    0.0037 20090609
    0.0032 20090610
    0.0034 20090611
    0.0029 20090612
    0.0029 20090613
    0.0027 20090614
    0.0024 20090615
    0.0027 20090616
    0.0025 20090617
    0.0021 20090618
    0.0026 20090619
    0.0024 20090620
    0.0023 20090621
    0.0021 20090622
    0.0019 20090623
    0.0023 20090624
    0.0022 20090625
    0.0022 20090626
    0.0018 20090627
    0.0017 20090628
    0.0019 20090629
    0.0017 20090630
    0.0017 20090701
    0.0016 20090702
    0.0015 20090703
    0.0015 20090704
    0.0015 20090705
    0.0015 20090706
    0.0014 20090707
    0.0014 20090708
    0.0018 20090709
    0.0017 20090710
    0.0016 20090711
    0.0014 20090712
    0.0013 20090713
    0.0012 20090714
    0.0011 20090715
    0.0011 20090716
    0.0011 20090717
    0.0011 20090718
    0.0010 20090719
    0.0010 20090720
    0.0010 20090721
    0.0010 20090722
    0.0013 20090723
    0.0012 20090724
    0.0011 20090725
    0.0011 20090726
    0.0011 20090727
    0.0010 20090728
    0.0010 20090729
    0.0009 20090730
    0.0013 20090731
    0.0012 20090801
    0.0012 20090802
    0.0011 20090803
    0.0010 20090804
    0.0009 20090805
    0.0009 20090806
    0.0010 20090807
    0.0009 20090808
    0.0008 20090809
    0.0008 20090810
    0.0010 20090811
    0.0009 20090812
    0.0008 20090813
    0.0010 20090814
    0.0009 20090815
    0.0008 20090816
    0.0008 20090817
    0.0008 20090818
    0.0007 20090819
    0.0008 20090820
    0.0008 20090821
    0.0007 20090822
    0.0007 20090823
    0.0007 20090824
    0.0007 20090825
    0.0006 20090826
    0.0006 20090827
    0.0006 20090828
    0.0005 20090829
    0.0005 20090830
    0.0005 20090831
    0.0005 20090901
    0.0005 20090902
    0.0005 20090903
    0.0005 20090904
    0.0004 20090905
    0.0004 20090906
    0.0004 20090907
    0.0004 20090908
    0.0004 20090909
    0.0007 20090910
    0.0007 20090911
    0.0004 20090912
    0.0008 20090913
    0.0010 20090914
    0.0020 20090915
    0.0027 20090916
    0.0025 20090917
    0.0026 20090918
    0.0029 20090919
    0.0024 20090920
    0.0025 20090921
    0.0025 20090922
    0.0031 20090923
    0.0029 20090924
    0.0027 20090925
    0.0025 20090926
   10.5700 20090927
   33.5800 20090928
   14.2200 20090929
    6.3500 20090930
    2.9830 20091001
    1.3920 20091002
    0.9607 20091003
    0.6717 20091004
    0.5876 20091005
    0.5121 20091006
    0.4322 20091007
    0.3588 20091008
    0.3000 20091009
    0.2465 20091010
    0.2024 20091011
    0.1692 20091012
    0.1386 20091013
    0.1189 20091014
    0.1016 20091015
    0.0911 20091016
    0.0778 20091017
    0.0651 20091018
    0.0565 20091019
    0.0487 20091020
    0.0439 20091021
    0.0384 20091022
    0.0355 20091023
    0.0300 20091024
    0.0281 20091025
    0.0247 20091026
    0.0224 20091027
    0.0201 20091028
    0.0178 20091029
    0.0165 20091030
    0.0149 20091031
    0.0141 20091101
    0.0128 20091102
    0.0119 20091103
    0.0117 20091104
    0.0109 20091105
    0.0096 20091106
    0.0097 20091107
    0.0086 20091108
    0.0084 20091109
    0.0075 20091110
    0.0071 20091111
    0.0070 20091112
    0.0068 20091113
    0.0063 20091114
    0.0057 20091115
    0.0057 20091116
    0.0060 20091117
    0.0056 20091118
    0.0049 20091119
    0.0049 20091120
    0.0048 20091121
    0.0041 20091122
    0.0041 20091123
    0.0037 20091124
    0.0039 20091125
    0.0035 20091126
    0.0038 20091127
    0.0034 20091128
    0.0040 20091129
    0.0042 20091130
    0.0043 20091201
    0.0034 20091202
    0.0035 20091203
    0.0032 20091204
    0.0036 20091205
    0.0037 20091206
    0.0032 20091207
    0.0027 20091208
    0.0024 20091209
    0.0026 20091210
    0.0024 20091211
    0.0022 20091212
    0.0038 20091213
    0.5055 20091214
    0.7627 20091215
    0.6504 20091216
    0.5959 20091217
    0.5454 20091218
    0.5873 20091219
    0.5238 20091220
    0.4486 20091221
    0.3699 20091222
    0.3024 20091223
    0.2498 20091224
    0.2076 20091225
    0.1705 20091226
    0.1413 20091227
    0.1170 20091228
    0.0984 20091229
    0.0812 20091230
    0.0696 20091231
    0.0604 20100101
    0.0518 20100102
    0.0465 20100103
    0.0402 20100104
    0.0357 20100105
    0.0313 20100106
    0.1243 20100107
    0.1725 20100108
    0.2088 20100109
    0.2288 20100110
    0.2441 20100111
    0.2614 20100112
    0.2772 20100113
    0.2917 20100114
    0.3067 20100115
    0.3211 20100116
    0.3359 20100117
    0.3493 20100118
    0.3628 20100119
    0.3702 20100120
    0.3789 20100121
    0.3812 20100122
    0.3869 20100123
    0.3897 20100124
    0.3911 20100125
    1.0060 20100126
    0.9971 20100127
    0.8941 20100128
    0.7893 20100129
    0.6745 20100130
    0.6431 20100131
    0.6688 20100201
    0.6966 20100202
    0.7388 20100203
    0.8558 20100204
    0.8745 20100205
    0.9033 20100206
    0.9326 20100207
    0.9544 20100208
    0.9719 20100209
    0.9826 20100210
    0.9981 20100211
    1.0080 20100212
    1.0230 20100213
    1.0280 20100214
    1.0360 20100215
    1.0290 20100216
    1.0270 20100217
    0.6977 20100218
    0.6295 20100219
    0.6001 20100220
    0.4997 20100221
    0.4464 20100222
    0.4181 20100223
    0.3761 20100224
    0.3641 20100225
    0.3546 20100226
    0.3556 20100227
    0.3608 20100228
    0.3771 20100301
    0.5633 20100302
    0.7996 20100303
    0.9115 20100304
    0.9825 20100305
    1.0350 20100306
    1.0790 20100307
    1.1180 20100308
    1.1470 20100309
    1.1690 20100310
    1.1870 20100311
    1.2020 20100312
    1.2070 20100313
    1.2080 20100314
    1.2030 20100315
    1.1950 20100316
    1.1830 20100317
    1.1680 20100318
    1.1490 20100319
    1.1290 20100320
    0.8849 20100321
    0.8273 20100322
    0.7919 20100323
    0.7122 20100324
    0.5760 20100325
    0.5006 20100326
    0.3616 20100327
    0.2858 20100328
    0.2325 20100329
    0.1997 20100330
    0.1766 20100331
    0.1615 20100401
    0.1479 20100402
    0.1399 20100403
    0.1336 20100404
    0.1286 20100405
    0.1213 20100406
    0.1211 20100407
    0.1052 20100408
    0.0906 20100409
    0.0819 20100410
    0.0667 20100411
    0.0591 20100412
    0.0534 20100413
    0.0458 20100414
    0.0416 20100415
    0.0365 20100416
    0.0333 20100417
    0.0294 20100418
    0.0273 20100419
    0.0241 20100420
    0.0216 20100421
    0.0210 20100422
    0.0193 20100423
    0.0169 20100424
    0.0151 20100425
    0.0141 20100426
    0.0134 20100427
    0.0121 20100428
    0.0118 20100429
    0.0109 20100430
    0.0102 20100501
    0.0095 20100502
    0.0100 20100503
    0.0093 20100504
    0.0079 20100505
    0.0072 20100506
    0.0072 20100507
    0.0067 20100508
    0.0066 20100509
    0.0065 20100510
    0.0058 20100511
    0.0056 20100512
    0.0057 20100513
    0.0055 20100514
    0.0049 20100515
    0.0043 20100516
    0.0038 20100517
    0.0039 20100518
    0.0036 20100519
    0.0039 20100520
    0.0036 20100521
    0.0039 20100522
    0.0033 20100523
    0.0036 20100524
    0.0033 20100525
    0.0030 20100526
    0.0030 20100527
    0.0031 20100528
    0.0031 20100529
    0.0031 20100530
    0.0026 20100531
    0.0025 20100601
    0.0022 20100602
    0.0030 20100603
    0.0028 20100604
    0.0022 20100605
    0.0024 20100606
    0.0024 20100607
    0.0021 20100608
    0.0025 20100609
    0.0022 20100610
    0.0024 20100611
    0.0022 20100612
    0.0020 20100613
    0.0122 20100614
    0.0701 20100615
    0.1269 20100616
    0.1678 20100617
    0.1887 20100618
    0.1905 20100619
    0.1817 20100620
    0.1643 20100621
    0.1462 20100622
    0.1266 20100623
    0.1113 20100624
    0.0963 20100625
    0.0821 20100626
    0.0721 20100627
    0.0618 20100628
    0.0545 20100629
    0.0477 20100630
    0.0424 20100701
    0.0367 20100702
    0.0334 20100703
    0.0293 20100704
    0.0275 20100705
    0.0234 20100706
    0.0217 20100707
    0.0206 20100708
    0.0179 20100709
    0.0165 20100710
    0.0157 20100711
    0.0146 20100712
    0.0124 20100713
    0.0122 20100714
    0.0122 20100715
    0.0099 20100716
    0.0094 20100717
    0.0096 20100718
    0.0085 20100719
    0.0079 20100720
    0.0077 20100721
    0.0073 20100722
    0.0075 20100723
    0.0066 20100724
    0.0055 20100725
    0.0056 20100726
    0.0054 20100727
    0.0052 20100728
    0.0050 20100729
    0.0051 20100730
    0.0043 20100731
    0.0042 20100801
    0.0044 20100802
    0.0037 20100803
    0.0042 20100804
    0.0040 20100805
    0.0035 20100806
    0.0037 20100807
    0.0032 20100808
    0.0027 20100809
    0.0025 20100810
    0.0024 20100811
    0.0028 20100812
    0.0613 20100813
    0.0920 20100814
    0.0990 20100815
    0.0931 20100816
    0.0815 20100817
    0.0692 20100818
    0.0611 20100819
    0.0504 20100820
    0.0431 20100821
    0.0349 20100822
    0.0304 20100823
    0.0251 20100824
    0.0226 20100825
    0.0183 20100826
    0.0171 20100827
    0.0152 20100828
    0.0138 20100829
    0.0125 20100830
    0.0116 20100831
    0.0100 20100901
    0.0087 20100902
    0.0084 20100903
    0.0079 20100904
    0.0068 20100905
    0.0062 20100906
    0.0062 20100907
    0.0058 20100908
    0.0060 20100909
    0.0056 20100910
    0.0051 20100911
    0.0043 20100912
    0.0045 20100913
    0.0040 20100914
    0.0039 20100915
    0.0040 20100916
    0.0041 20100917
    0.0036 20100918
    0.0038 20100919
    0.0033 20100920
    0.0030 20100921
    0.0025 20100922
    0.0029 20100923
    0.0024 20100924
    0.0029 20100925
    0.0025 20100926
    0.0023 20100927
    0.0023 20100928
    0.0021 20100929
    0.0022 20100930
    0.0021 20101001
    0.0020 20101002
    0.0018 20101003
    0.0017 20101004
    0.0022 20101005
    0.0018 20101006
    0.0016 20101007
    0.0015 20101008
    0.0014 20101009
    0.0018 20101010
    0.0016 20101011
    0.0020 20101012
    0.0020 20101013
    0.0018 20101014
    0.0014 20101015
    0.0012 20101016
    0.0015 20101017
    0.0012 20101018
    0.0011 20101019
    0.0011 20101020
    0.0014 20101021
    0.0011 20101022
    0.0010 20101023
    0.0014 20101024
    0.0014 20101025
    0.0012 20101026
    0.0011 20101027
    0.0010 20101028
    0.0010 20101029
    0.0009 20101030
    0.0008 20101031
    0.0009 20101101
    0.0008 20101102
    0.0008 20101103
    0.0007 20101104
    0.0007 20101105
    0.0007 20101106
    0.0006 20101107
    0.0008 20101108
    0.0008 20101109
    0.0008 20101110
    0.0008 20101111
    0.0007 20101112
    0.0007 20101113
    0.0006 20101114
    0.0006 20101115
    0.0006 20101116
    0.0006 20101117
    0.0006 20101118
    0.0005 20101119
    0.0006 20101120
    0.0005 20101121
    0.0006 20101122
    0.0005 20101123
    0.0009 20101124
    0.0007 20101125
    0.0008 20101126
    0.0031 20101127
    0.0076 20101128
    0.0157 20101129
    0.0262 20101130
    0.0346 20101201
    0.0403 20101202
    0.0428 20101203
    0.0442 20101204
    0.0430 20101205
    0.0414 20101206
    0.0401 20101207
    0.0359 20101208
    0.0331 20101209
    0.0314 20101210
    0.0285 20101211
    0.0262 20101212
    0.0227 20101213
    0.0208 20101214
    0.0194 20101215
    0.0181 20101216
    0.0162 20101217
    0.0159 20101218
    0.0175 20101219
    0.0151 20101220
    0.0143 20101221
    0.0124 20101222
    0.0116 20101223
    0.0111 20101224
    0.0097 20101225
    0.0096 20101226
    0.0089 20101227
    0.0081 20101228
    0.0074 20101229
    0.0069 20101230
    0.0075 20101231
    0.0066 20110101
    0.0071 20110102
    0.0059 20110103
    0.0057 20110104
    0.0055 20110105
    0.0052 20110106
    0.0052 20110107
    0.0045 20110108
    0.0043 20110109
    0.0039 20110110
    0.0040 20110111
    0.0043 20110112
    0.0037 20110113
    0.0039 20110114
    0.0037 20110115
    0.0033 20110116
    0.0029 20110117
    0.0026 20110118
    0.0024 20110119
    0.0027 20110120
    0.0028 20110121
    0.0023 20110122
    0.0030 20110123
    0.0022 20110124
    0.0023 20110125
    0.0030 20110126
    0.0036 20110127
    0.0034 20110128
    0.0028 20110129
    0.0027 20110130
    0.0027 20110131
    0.0024 20110201
    0.0022 20110202
    0.0021 20110203
    0.0024 20110204
    0.0022 20110205
    0.0020 20110206
    0.0024 20110207
    0.0023 20110208
    0.0021 20110209
    0.0019 20110210
    0.0020 20110211
    0.0022 20110212
    0.0030 20110213
    0.0043 20110214
    0.0071 20110215
    0.0127 20110216
    0.0203 20110217
    0.0308 20110218
    0.0447 20110219
    0.0577 20110220
    0.0701 20110221
    0.0817 20110222
    0.0928 20110223
    0.1014 20110224
    0.1091 20110225
    0.1152 20110226
    0.1199 20110227
    0.1257 20110228
    0.1261 20110301
    0.1127 20110302
    0.1033 20110303
    0.1038 20110304
    0.0969 20110305
    0.0838 20110306
    0.0728 20110307
    0.0664 20110308
    0.0568 20110309
    0.0508 20110310
    0.0586 20110311
    0.0644 20110312
    0.0658 20110313
    0.0681 20110314
    0.0744 20110315
    0.0768 20110316
    0.0779 20110317
    0.0780 20110318
    0.0793 20110319
    0.0808 20110320
    0.0814 20110321
    0.0843 20110322
    0.0891 20110323
    0.0892 20110324
    0.0862 20110325
    0.0859 20110326
    0.0863 20110327
    0.0855 20110328
    0.0766 20110329
    0.0688 20110330
    0.0592 20110331
    0.0517 20110401
    0.0461 20110402
    0.0393 20110403
    0.0345 20110404
    0.0308 20110405
    0.0278 20110406
    0.0258 20110407
    0.0241 20110408
    0.0204 20110409
    0.0193 20110410
    0.0182 20110411
    0.0152 20110412
    0.0144 20110413
    0.0134 20110414
    0.0122 20110415
    0.0119 20110416
    0.0109 20110417
    0.0096 20110418
    0.0099 20110419
    0.0082 20110420
    0.0077 20110421
    0.0085 20110422
    0.0082 20110423
    0.0087 20110424
    0.0083 20110425
    0.0082 20110426
    0.0071 20110427
    0.0070 20110428
    0.0073 20110429
    0.0066 20110430
    0.0070 20110501
    0.1202 20110502
    0.1708 20110503
    0.1793 20110504
    0.1650 20110505
    0.1407 20110506
    0.1142 20110507
    0.0970 20110508
    0.0807 20110509
    0.0669 20110510
    0.0561 20110511
    0.0472 20110512
    0.0405 20110513
    0.0347 20110514
    0.0302 20110515
    0.0268 20110516
    0.0239 20110517
    0.0201 20110518
    0.0180 20110519
    0.0170 20110520
    0.0143 20110521
    0.0135 20110522
    0.0122 20110523
    0.0117 20110524
    0.0103 20110525
    0.0095 20110526
    0.0084 20110527
    0.0083 20110528
    0.0078 20110529
    0.0065 20110530
    0.0066 20110531
    0.0073 20110601
    0.0066 20110602
    0.0053 20110603
    0.0055 20110604
    0.0059 20110605
    0.0057 20110606
    0.0047 20110607
    0.0047 20110608
    0.0039 20110609
    0.0043 20110610
    0.0041 20110611
    0.0040 20110612
    0.0037 20110613
    0.0034 20110614
    0.0032 20110615
    0.0035 20110616
    0.0030 20110617
    0.0032 20110618
    0.0028 20110619
    0.0026 20110620
    0.0024 20110621
    0.0022 20110622
    0.0025 20110623
    0.0022 20110624
    0.0025 20110625
    0.0020 20110626
    0.0020 20110627
    0.0024 20110628
    0.0024 20110629
    0.0021 20110630
    0.0020 20110701
    0.0019 20110702
    0.0017 20110703
    0.0015 20110704
    0.0021 20110705
    0.0015 20110706
    0.0014 20110707
    0.0018 20110708
    0.0013 20110709
    0.0013 20110710
    0.0017 20110711
    0.0015 20110712
    0.0015 20110713
    0.0013 20110714
    0.0013 20110715
    0.0012 20110716
    0.0011 20110717
    0.0014 20110718
    0.0013 20110719
    0.0012 20110720
    0.0013 20110721
    0.0011 20110722
    0.0011 20110723
    0.0010 20110724
    0.0013 20110725
    0.0013 20110726
    0.0011 20110727
    0.0010 20110728
    0.0009 20110729
    0.0009 20110730
    0.0008 20110731
    0.0009 20110801
    0.0008 20110802
    0.0009 20110803
    0.0008 20110804
    0.0007 20110805
    0.0007 20110806
    0.0006 20110807
    0.0008 20110808
    0.0008 20110809
    0.0008 20110810
    0.0008 20110811
    0.0008 20110812
    0.0007 20110813
    0.0007 20110814
    0.0007 20110815
    0.0007 20110816
    0.0007 20110817
    0.0006 20110818
    0.0006 20110819
    0.0005 20110820
    0.0005 20110821
    0.0005 20110822
    0.0005 20110823
    0.0005 20110824
    0.0004 20110825
    0.0004 20110826
    0.0007 20110827
    0.0006 20110828
    0.0006 20110829
    0.0006 20110830
    0.0005 20110831
    0.0005 20110901
    0.0008 20110902
    0.0020 20110903
    0.0025 20110904
    0.0024 20110905
    0.0027 20110906
    0.0026 20110907
    0.0026 20110908
    0.0024 20110909
    0.0023 20110910
    0.0020 20110911
    0.0020 20110912
    0.0021 20110913
    0.0017 20110914
    0.0017 20110915
    0.0014 20110916
    0.0017 20110917
    0.0014 20110918
    0.0012 20110919
    0.0011 20110920
    0.0014 20110921
    0.0012 20110922
    0.0016 20110923
    0.0012 20110924
    0.0010 20110925
    0.0012 20110926
    0.0013 20110927
    0.0011 20110928
    0.0010 20110929
    0.0011 20110930
    0.0009 20111001
    0.0011 20111002
    0.0009 20111003
    0.0008 20111004
    0.0007 20111005
    0.0006 20111006
    0.0006 20111007
    0.0005 20111008
    0.0005 20111009
    0.0004 20111010
    0.0007 20111011
    0.0007 20111012
    0.0006 20111013
    0.0006 20111014
    0.0005 20111015
    0.0005 20111016
    0.0004 20111017
    0.0004 20111018
    0.0004 20111019
    0.0004 20111020
    0.0007 20111021
    0.0006 20111022
    0.0005 20111023
    0.0005 20111024
    0.0005 20111025
    0.0004 20111026
    0.0006 20111027
    0.0003 20111028
    0.0003 20111029
    0.0006 20111030
    0.0005 20111031
    0.0004 20111101
    0.0004 20111102
    0.0004 20111103
    0.0005 20111104
    0.0005 20111105
    0.0004 20111106
    0.0004 20111107
    0.0004 20111108
    0.0004 20111109
    0.0003 20111110
    0.0005 20111111
    0.0005 20111112
    0.0004 20111113
    0.0004 20111114
    0.0003 20111115
    0.0003 20111116
    0.0003 20111117
    0.0024 20111118
    0.0075 20111119
    0.0188 20111120
    0.0351 20111121
    0.0490 20111122
    0.0664 20111123
    0.0702 20111124
    0.0705 20111125
    0.0676 20111126
    0.0619 20111127
    0.0568 20111128
    0.0515 20111129
    0.0449 20111130
    0.0412 20111201
    0.0392 20111202
    0.0361 20111203
    0.0327 20111204
    0.0286 20111205
    0.0258 20111206
    0.0227 20111207
    0.0211 20111208
    0.0192 20111209
    0.0167 20111210
    0.0152 20111211
    0.0143 20111212
    0.0137 20111213
    0.0130 20111214
    0.0115 20111215
    0.0114 20111216
    0.0098 20111217
    0.0098 20111218
    0.0080 20111219
    0.0076 20111220
    0.0079 20111221
    0.0075 20111222
    0.0061 20111223
    0.0059 20111224
    0.0059 20111225
    0.0059 20111226
    0.0062 20111227
    0.0055 20111228
    0.0057 20111229
    0.0053 20111230
    0.0048 20111231
    0.0043 20120101
    0.0038 20120102
    0.0037 20120103
    0.0040 20120104
    0.0035 20120105
    0.0039 20120106
    0.0033 20120107
    0.0035 20120108
    0.0035 20120109
    0.0031 20120110
    0.0028 20120111
    0.0025 20120112
    0.0023 20120113
    0.0025 20120114
    0.0023 20120115
    0.0024 20120116
    0.0033 20120117
    0.0038 20120118
    0.0032 20120119
    0.0029 20120120
    0.0030 20120121
    0.0029 20120122
    0.0024 20120123
    0.0025 20120124
    0.0022 20120125
    0.0021 20120126
    0.0024 20120127
    0.0023 20120128
    0.0021 20120129
    0.0020 20120130
    0.0019 20120131
    0.0018 20120201
    0.0024 20120202
    0.0027 20120203
    0.0024 20120204
    0.0025 20120205
    0.0021 20120206
    0.0018 20120207
    0.0021 20120208
    0.0019 20120209
    0.0022 20120210
    0.0020 20120211
    0.0019 20120212
    0.0018 20120213
    0.0025 20120214
    0.0028 20120215
    0.0027 20120216
    0.0024 20120217
    0.0024 20120218
    0.0019 20120219
    0.0020 20120220
    0.0019 20120221
    0.0020 20120222
    0.0023 20120223
    0.0022 20120224
    0.0020 20120225
    0.0017 20120226
    0.0015 20120227
    0.0014 20120228
    0.0013 20120229
    0.0013 20120301
    0.0012 20120302
    0.0012 20120303
    0.0011 20120304
    0.0011 20120305
    0.0014 20120306
    0.0013 20120307
    0.0011 20120308
    0.0012 20120309
    0.0012 20120310
    0.0010 20120311
    0.0014 20120312
    0.0013 20120313
    0.0012 20120314
    0.0012 20120315
    0.0011 20120316
    0.0011 20120317
    0.0010 20120318
    0.0009 20120319
    0.0213 20120320
    0.0339 20120321
    0.0391 20120322
    0.0400 20120323
    0.0385 20120324
    0.0340 20120325
    0.0308 20120326
    0.0272 20120327
    0.0234 20120328
    0.0201 20120329
    0.0175 20120330
    0.0151 20120331
    0.0141 20120401
    0.0124 20120402
    0.0111 20120403
    0.0098 20120404
    0.0086 20120405
    0.0082 20120406
    0.0072 20120407
    0.0069 20120408
    0.0068 20120409
    0.0056 20120410
    0.0051 20120411
    0.0059 20120412
    0.0057 20120413
    0.0047 20120414
    0.0042 20120415
    0.0042 20120416
    0.0042 20120417
    0.0042 20120418
    0.0037 20120419
    0.0037 20120420
    0.0032 20120421
    0.0028 20120422
    0.0032 20120423
    0.0026 20120424
    0.0031 20120425
    0.0026 20120426
    0.0024 20120427
    0.0027 20120428
    0.0024 20120429
    0.0024 20120430
    0.0016 20120501
    0.0021 20120502
    0.0020 20120503
    0.0018 20120504
    0.0018 20120505
    0.0016 20120506
    0.0014 20120507
    0.0013 20120508
    0.0014 20120509
    0.0015 20120510
    0.0014 20120511
    0.0013 20120512
    0.0012 20120513
    0.0012 20120514
    0.0015 20120515
    0.0014 20120516
    0.0012 20120517
    0.0011 20120518
    0.0010 20120519
    0.0013 20120520
    0.0014 20120521
    0.0010 20120522
    0.0013 20120523
    0.0012 20120524
    0.0011 20120525
    0.0009 20120526
    0.0008 20120527
    0.0009 20120528
    0.0008 20120529
    0.0010 20120530
    0.0010 20120531
    0.0009 20120601
    0.0008 20120602
    0.0007 20120603
    0.0007 20120604
    0.0006 20120605
    0.0006 20120606
    0.0006 20120607
    0.0008 20120608
    0.0008 20120609
    0.0007 20120610
    0.0008 20120611
    0.0007 20120612
    0.0008 20120613
    0.0007 20120614
    0.0007 20120615
    0.0007 20120616
    0.0006 20120617
    0.0009 20120618
    0.0009 20120619
    0.0006 20120620
    0.0006 20120621
    0.0005 20120622
    0.0005 20120623
    0.0005 20120624
    0.0004 20120625
    0.0004 20120626
    0.0007 20120627
    0.0007 20120628
    0.0006 20120629
    0.0005 20120630
    0.0004 20120701
    0.0004 20120702
    0.0005 20120703
    0.0005 20120704
    0.0004 20120705
    0.0004 20120706
    0.0004 20120707
    0.0004 20120708
    0.0004 20120709
    0.0004 20120710
    0.0004 20120711
    0.0004 20120712
    0.0004 20120713
    0.0004 20120714
    0.0004 20120715
    0.0007 20120716
    0.0006 20120717
    0.0003 20120718
    0.0006 20120719
    0.0005 20120720
    0.0005 20120721
    0.0004 20120722
    0.0004 20120723
    0.0004 20120724
    0.0004 20120725
    0.0003 20120726
    0.0003 20120727
    0.0003 20120728
    0.0006 20120729
    0.0005 20120730
    0.0005 20120731
    0.0003 20120801
    0.0003 20120802
    0.0006 20120803
    0.0005 20120804
    0.0005 20120805
    0.0004 20120806
    0.0004 20120807
    0.0004 20120808
    0.0003 20120809
    0.0004 20120810
    0.0003 20120811
    0.0003 20120812
    0.0003 20120813
    0.0003 20120814
    0.0005 20120815
    0.0005 20120816
    0.0004 20120817
    0.0004 20120818
    0.0004 20120819
    0.0004 20120820
    0.0004 20120821
    0.0003 20120822
    0.0003 20120823
    0.0003 20120824
    0.0003 20120825
    0.0003 20120826
    0.0003 20120827
    0.0002 20120828
    0.0002 20120829
    0.0003 20120830
    0.0004 20120831
    0.0004 20120901
    0.0003 20120902
    0.0003 20120903
    0.0003 20120904
    0.0003 20120905
    0.0002 20120906
    0.0002 20120907
    0.0002 20120908
    0.0002 20120909
    0.0002 20120910
    0.0002 20120911
    0.0002 20120912
    0.0002 20120913
    0.0002 20120914
    0.0002 20120915
    0.0002 20120916
    0.0002 20120917
    0.0002 20120918
    0.0002 20120919
    0.0002 20120920
    0.0002 20120921
    0.0002 20120922
    0.0001 20120923
    0.0001 20120924
    0.0001 20120925
    0.0001 20120926
    0.0001 20120927
   10.9600 20120928
    5.3990 20120929
    2.2540 20120930
    1.4190 20121001
    0.9744 20121002
    0.6565 20121003
    0.5820 20121004
    0.4890 20121005
    0.3987 20121006
    0.3242 20121007
    0.2637 20121008
    0.2156 20121009
    0.1760 20121010
    0.1451 20121011
    0.1196 20121012
    0.0983 20121013
    0.0850 20121014
    0.0714 20121015
    0.0598 20121016
    0.0526 20121017
    0.0442 20121018
    0.0430 20121019
    0.0554 20121020
    0.0542 20121021
    0.0503 20121022
    0.0454 20121023
    0.0410 20121024
    0.0370 20121025
    0.0319 20121026
    0.0273 20121027
    0.0251 20121028
    0.0216 20121029
    0.0217 20121030
    0.0197 20121031
    0.0176 20121101
    0.0168 20121102
    0.0145 20121103
    0.0133 20121104
    0.0121 20121105
    0.0125 20121106
    0.0138 20121107
    0.0128 20121108
    0.0115 20121109
    0.0102 20121110
    0.0129 20121111
    0.0163 20121112
    0.0173 20121113
    0.0165 20121114
    0.0146 20121115
    0.0126 20121116
    0.0120 20121117
    0.0114 20121118
    0.0097 20121119
    0.0088 20121120
    0.0078 20121121
    0.0077 20121122
    0.0071 20121123
    0.0059 20121124
    0.0057 20121125
    0.0054 20121126
    0.0064 20121127
    0.0064 20121128
    0.0059 20121129
    0.0053 20121130
    0.0070 20121201
    0.0059 20121202
    0.0059 20121203
    0.0048 20121204
    0.0053 20121205
    0.0042 20121206
    0.0044 20121207
    0.0044 20121208
    0.0035 20121209
    0.0037 20121210
    0.0039 20121211
    0.0035 20121212
    0.0030 20121213
    0.0027 20121214
    0.0030 20121215
    0.0023 20121216
    0.0029 20121217
    0.0026 20121218
    0.0022 20121219
    0.0022 20121220
    0.0027 20121221
    0.0025 20121222
    0.0022 20121223
    0.0020 20121224
    0.0018 20121225
    0.0019 20121226
    0.0017 20121227
    0.0022 20121228
    0.0019 20121229
    0.0017 20121230
    0.0015 20121231
    0.0014 20130101
    0.0013 20130102
    0.0014 20130103
    0.0013 20130104
    0.0014 20130105
    0.0013 20130106
    0.0017 20130107
    0.0016 20130108
    0.0015 20130109
    0.0014 20130110
    0.0012 20130111
    0.0012 20130112
    0.0012 20130113
    0.0011 20130114
    0.0011 20130115
    0.0011 20130116
    0.0011 20130117
    0.0014 20130118
    0.0015 20130119
    0.0013 20130120
    0.0011 20130121
    0.0015 20130122
    0.0012 20130123
    0.0011 20130124
    0.0014 20130125
    0.0013 20130126
    0.0012 20130127
    0.0011 20130128
    0.0010 20130129
    0.0013 20130130
    0.0009 20130131
    0.0010 20130201
    0.0010 20130202
    0.0009 20130203
    0.0012 20130204
    0.0011 20130205
    0.0011 20130206
    0.0011 20130207
    0.0010 20130208
    0.0009 20130209
    0.0008 20130210
    0.0008 20130211
    0.0008 20130212
    0.0007 20130213
    0.0007 20130214
    0.0006 20130215
    0.0007 20130216
    0.0009 20130217
    0.0009 20130218
    0.0008 20130219
    0.0008 20130220
    0.0008 20130221
    0.0007 20130222
    0.0007 20130223
    0.0007 20130224
    0.0007 20130225
    0.0006 20130226
    0.0006 20130227
    0.2714 20130228
    0.3571 20130301
    0.3498 20130302
    0.2958 20130303
    0.2401 20130304
    0.1941 20130305
    0.1504 20130306
    0.1192 20130307
    0.0956 20130308
    0.0765 20130309
    0.0636 20130310
    0.0524 20130311
    0.0446 20130312
    0.0374 20130313
    0.0328 20130314
    0.0281 20130315
    0.0238 20130316
    0.0223 20130317
    0.0197 20130318
    0.0179 20130319
    0.0153 20130320
    0.0148 20130321
    0.0134 20130322
    0.0117 20130323
    0.0106 20130324
    0.0110 20130325
    0.0092 20130326
    0.0082 20130327
    0.0079 20130328
    0.0075 20130329
    0.0073 20130330
    0.0074 20130331
    0.0066 20130401
    0.0064 20130402
    0.0057 20130403
    0.0058 20130404
    0.0065 20130405
    0.0065 20130406
    0.0056 20130407
    0.0054 20130408
    0.0056 20130409
    0.0053 20130410
    0.0044 20130411
    0.0038 20130412
    0.0041 20130413
    0.0035 20130414
    0.0042 20130415
    0.0039 20130416
    0.0034 20130417
    0.0037 20130418
    0.0032 20130419
    0.0029 20130420
    0.0028 20130421
    0.0025 20130422
    0.0023 20130423
    0.0026 20130424
    0.0143 20130425
    0.0210 20130426
    0.0251 20130427
    0.1724 20130428
    0.2724 20130429
    0.3284 20130430
    0.3412 20130501
    0.3230 20130502
    0.2877 20130503
    0.2527 20130504
    0.2178 20130505
    0.1844 20130506
    0.1532 20130507
    0.1327 20130508
    0.1097 20130509
    0.0952 20130510
    0.0802 20130511
    0.0699 20130512
    0.0596 20130513
    0.0523 20130514
    0.0460 20130515
    0.0434 20130516
    0.0382 20130517
    0.0342 20130518
    0.0303 20130519
    0.0264 20130520
    0.0249 20130521
    0.0228 20130522
    0.0198 20130523
    0.0182 20130524
    0.0160 20130525
    0.0152 20130526
    0.0141 20130527
    0.0123 20130528
    0.0120 20130529
    0.0112 20130530
    0.0107 20130531
    0.0102 20130601
    0.0093 20130602
    0.0082 20130603
    0.0076 20130604
    0.0072 20130605
    0.0071 20130606
    0.0066 20130607
    0.0060 20130608
    0.0059 20130609
    0.0060 20130610
    0.0058 20130611
    0.0051 20130612
    0.0050 20130613
    0.0049 20130614
    0.0046 20130615
    0.0041 20130616
    0.0037 20130617
    0.0039 20130618
    0.0038 20130619
    0.0040 20130620
    0.0037 20130621
    0.0038 20130622
    0.0034 20130623
    0.0030 20130624
    0.0026 20130625
    0.0027 20130626
    0.0025 20130627
    0.0022 20130628
    0.0026 20130629
    0.0024 20130630
    0.0022 20130701
    0.0021 20130702
    0.0025 20130703
    0.0020 20130704
    0.0025 20130705
    0.0023 20130706
    0.0021 20130707
    0.0019 20130708
    0.0018 20130709
    0.0023 20130710
    0.0018 20130711
    0.0023 20130712
    0.0020 20130713
    0.0017 20130714
    0.0016 20130715
    0.0020 20130716
    0.0014 20130717
    0.0014 20130718
    0.0018 20130719
    0.0013 20130720
    0.0017 20130721
    0.0016 20130722
    0.0014 20130723
    0.0012 20130724
    0.0012 20130725
    0.0011 20130726
    0.0014 20130727
    0.0014 20130728
    0.0012 20130729
    0.0012 20130730
    0.0012 20130731
    0.0011 20130801
    0.0010 20130802
    0.0009 20130803
    0.0010 20130804
    0.0014 20130805
    0.0012 20130806
    0.0009 20130807
    0.0013 20130808
    0.0012 20130809
    0.0011 20130810
    0.0011 20130811
    0.0010 20130812
    0.0010 20130813
    0.0009 20130814
    0.0008 20130815
    0.0007 20130816
    0.0007 20130817
    0.0007 20130818
    0.0008 20130819
    0.0008 20130820
    0.0007 20130821
    0.0007 20130822
    0.0007 20130823
    0.0006 20130824
    0.0006 20130825
    0.0006 20130826
    0.0144 20130827
    0.0226 20130828
    0.0289 20130829
    0.0302 20130830
    0.0289 20130831
    0.0272 20130901
    0.0239 20130902
    0.0210 20130903
    0.0182 20130904
    0.0155 20130905
    0.0134 20130906
    0.0138 20130907
    0.0125 20130908
    0.0104 20130909
    0.0104 20130910
    0.0084 20130911
    0.0074 20130912
    0.0071 20130913
    0.0065 20130914
    0.0060 20130915
    0.0049 20130916
    0.0047 20130917
    0.0049 20130918
    0.0043 20130919
    0.0037 20130920
    0.0036 20130921
    0.0032 20130922
    0.0035 20130923
    0.0030 20130924
    0.0032 20130925
    0.0028 20130926
    0.0025 20130927
    0.0029 20130928
    0.0024 20130929
    0.0020 20130930
    0.0019 20131001
    0.0018 20131002
    0.0016 20131003
    0.0020 20131004
    0.0018 20131005
    0.0016 20131006
    0.0014 20131007
    0.0018 20131008
    0.0016 20131009
    0.0014 20131010
    0.0014 20131011
    0.0012 20131012
    0.0016 20131013
    0.0015 20131014
    0.0014 20131015
    0.0013 20131016
    0.0012 20131017
    0.0011 20131018
    0.0012 20131019
    0.0011 20131020
    0.0010 20131021
    0.0009 20131022
    0.0009 20131023
    0.0008 20131024
    0.0008 20131025
    0.0007 20131026
    0.0007 20131027
    0.0006 20131028
    0.0011 20131029
    0.0011 20131030
    0.0010 20131031
    0.0010 20131101
    0.0009 20131102
    0.0008 20131103
    0.0008 20131104
    0.0007 20131105
    0.0006 20131106
    0.0006 20131107
    0.0007 20131108
    0.0008 20131109
    0.0007 20131110
    0.0007 20131111
    0.0007 20131112
    0.0007 20131113
    0.0010 20131114
    0.0010 20131115
    0.0009 20131116
    0.0008 20131117
    0.0007 20131118
    0.0006 20131119
    0.0007 20131120
    0.0006 20131121
    0.0006 20131122
    0.0005 20131123
    0.0005 20131124
    0.0004 20131125
    0.0004 20131126
    0.0011 20131127
    0.0023 20131128
    0.0029 20131129
    0.0034 20131130
    0.0046 20131201
    0.0056 20131202
    0.0049 20131203
    0.0049 20131204
    0.0046 20131205
    0.0038 20131206
    0.0033 20131207
    0.0032 20131208
    0.0035 20131209
    0.0029 20131210
    0.0029 20131211
    0.0023 20131212
    0.0023 20131213
    0.0026 20131214
    0.0022 20131215
    0.0020 20131216
    0.0017 20131217
    0.0015 20131218
    0.0042 20131219
    0.0040 20131220
    0.0039 20131221
    0.0034 20131222
    0.0031 20131223
    0.0028 20131224
    0.0051 20131225
    0.0049 20131226
    0.0041 20131227
    0.0042 20131228
    0.0036 20131229
    0.0032 20131230
    0.0030 20131231
    0.0027 20140101
    0.0036 20140102
    0.0033 20140103
    0.0025 20140104
    0.0027 20140105
    0.0022 20140106
    0.0023 20140107
    0.0024 20140108
    0.0024 20140109
    0.0020 20140110
    0.0017 20140111
    0.0016 20140112
    0.0014 20140113
    0.0014 20140114
    0.0018 20140115
    0.0015 20140116
    0.0014 20140117
    0.0019 20140118
    0.0025 20140119
    0.0024 20140120
    0.0023 20140121
    0.0025 20140122
    0.0029 20140123
    0.0022 20140124
    0.0020 20140125
    0.0020 20140126
    0.0020 20140127
    0.0016 20140128
    0.0019 20140129
    0.0015 20140130
    0.0013 20140131
    0.0014 20140201
    0.0013 20140202
    0.0011 20140203
    0.0011 20140204
    0.0015 20140205
    0.0015 20140206
    0.0014 20140207
    0.0014 20140208
    0.0013 20140209
    0.0011 20140210
    0.0011 20140211
    0.0010 20140212
    0.0009 20140213
    0.0009 20140214
    0.0009 20140215
    0.0008 20140216
    0.0007 20140217
    0.0007 20140218
    0.0007 20140219
    0.0006 20140220
    0.0006 20140221
    0.0007 20140222
    0.0007 20140223
    0.0006 20140224
    0.0006 20140225
    0.0005 20140226
    0.0005 20140227
    0.0005 20140228
    0.0005 20140301
    0.0005 20140302
    0.0006 20140303
    0.0005 20140304
    0.0006 20140305
    0.0005 20140306
    0.0005 20140307
    0.0005 20140308
    0.0005 20140309
    0.0004 20140310
    0.0008 20140311
    0.0004 20140312
    0.0007 20140313
    0.0006 20140314
    0.0006 20140315
    0.0005 20140316
    0.0006 20140317
    0.0005 20140318
    0.0005 20140319
    0.0004 20140320
    0.0004 20140321
    0.0004 20140322
    0.0004 20140323
    0.0003 20140324
    0.0003 20140325
    0.0006 20140326
    0.0005 20140327
    0.0005 20140328
    0.0005 20140329
    0.0004 20140330
    0.0004 20140331
    0.0005 20140401
    0.0005 20140402
    0.0008 20140403
    0.0009 20140404
    0.0009 20140405
    0.0007 20140406
    0.0009 20140407
    0.0007 20140408
    0.0009 20140409
    0.0007 20140410
    0.0006 20140411
    0.0006 20140412
    0.0006 20140413
    0.0005 20140414
    0.0009 20140415
    0.0007 20140416
    0.0006 20140417
    0.0006 20140418
    0.0005 20140419
    0.0005 20140420
    0.0004 20140421
    0.0004 20140422
    0.0004 20140423
    0.0003 20140424
    0.0003 20140425
    0.0003 20140426
    0.0004 20140427
    0.0005 20140428
    0.0004 20140429
    0.0004 20140430
    0.0004 20140501
    0.0004 20140502
    0.0004 20140503
    0.0004 20140504
    0.0004 20140505
    0.0004 20140506
    0.0003 20140507
    0.0004 20140508
    0.0003 20140509
    0.0003 20140510
    0.0006 20140511
    0.0005 20140512
    0.0005 20140513
    0.0005 20140514
    0.0004 20140515
    0.0004 20140516
    0.0004 20140517
    0.0004 20140518
    0.0003 20140519
    0.0003 20140520
    0.0003 20140521
    0.0003 20140522
    0.0003 20140523
    0.0003 20140524
    0.0003 20140525
    0.0003 20140526
    0.0002 20140527
    0.0002 20140528
    0.0002 20140529
    0.0002 20140530
    0.0003 20140531
    0.0004 20140601
    0.0003 20140602
    0.0003 20140603
    0.0003 20140604
    0.0003 20140605
    0.0003 20140606
    0.0003 20140607
    0.0003 20140608
    0.0003 20140609
    0.0003 20140610
    0.0003 20140611
    0.0003 20140612
    0.0003 20140613
    0.0002 20140614
    0.0002 20140615
    0.0002 20140616
    0.0002 20140617
    0.0002 20140618
    0.0002 20140619
    0.0002 20140620
    0.0002 20140621
    0.0002 20140622
    0.0002 20140623
    0.0003 20140624
    0.0002 20140625
    0.0002 20140626
    0.0002 20140627
    0.0003 20140628
    0.0003 20140629
    0.0003 20140630
    0.0002 20140701
    0.0002 20140702
    0.0002 20140703
    0.0002 20140704
    0.0002 20140705
    0.0002 20140706
    0.0002 20140707
    0.0002 20140708
    0.0002 20140709
    0.0002 20140710
    0.0002 20140711
    0.0004 20140712
    0.0002 20140713
    0.0004 20140714
    0.0003 20140715
    0.0003 20140716
    0.0003 20140717
    0.0003 20140718
    0.0003 20140719
    0.0003 20140720
    0.0003 20140721
    0.0003 20140722
    0.0003 20140723
    0.0002 20140724
    0.0002 20140725
    0.0002 20140726
    0.0002 20140727
    0.0002 20140728
    0.0002 20140729
    0.0002 20140730
    0.0002 20140731
    0.0002 20140801
    0.0002 20140802
    0.0002 20140803
    0.0002 20140804
    0.0002 20140805
    0.0002 20140806
    0.0002 20140807
    0.0002 20140808
    0.0002 20140809
    0.0002 20140810
    0.0002 20140811
    0.0002 20140812
    0.0002 20140813
    0.0002 20140814
    0.0002 20140815
    0.0002 20140816
    0.0002 20140817
    0.0002 20140818
    0.0002 20140819
    0.0001 20140820
    0.0001 20140821
    0.0001 20140822
    0.0001 20140823
    0.0001 20140824
    0.0001 20140825
    0.0002 20140826
    0.0001 20140827
    0.0001 20140828
    0.0001 20140829
    0.0001 20140830
    0.0001 20140831
    0.0001 20140901
    0.0001 20140902
    0.0001 20140903
    0.0001 20140904
    0.0001 20140905
    0.0001 20140906
    0.0001 20140907
    0.0001 20140908
    0.0001 20140909
    0.0001 20140910
    0.0001 20140911
    0.0001 20140912
    0.0001 20140913
    0.0001 20140914
    0.0001 20140915
    0.0001 20140916
    0.0001 20140917
    0.0001 20140918
    0.0001 20140919
    0.0001 20140920
    0.0001 20140921
    0.0001 20140922
    0.0001 20140923
    0.0001 20140924
    0.0001 20140925
    4.0050 20140926
    1.9560 20140927
    1.1820 20140928
    1.0260 20140929
    0.6504 20140930
    0.5527 20141001
    0.4428 20141002
    0.3495 20141003
    0.2739 20141004
    0.2164 20141005
    0.1732 20141006
    0.1387 20141007
    0.1159 20141008
    0.0936 20141009
    0.0792 20141010
    0.0646 20141011
    0.0562 20141012
    0.0489 20141013
    0.0491 20141014
    0.0453 20141015
    0.0411 20141016
    0.0388 20141017
    0.0343 20141018
    0.0321 20141019
    0.0282 20141020
    0.0267 20141021
    0.0243 20141022
    0.0223 20141023
    0.0202 20141024
    0.0180 20141025
    0.0166 20141026
    0.0151 20141027
    0.0141 20141028
    0.0121 20141029
    0.0116 20141030
    0.0107 20141031
    0.0100 20141101
    0.0103 20141102
    0.0092 20141103
    0.0108 20141104
    0.0101 20141105
    0.0095 20141106
    0.0088 20141107
    0.0084 20141108
    0.0077 20141109
    0.0070 20141110
    0.0077 20141111
    0.0065 20141112
    0.0066 20141113
    0.0058 20141114
    0.0061 20141115
    0.0056 20141116
    0.0055 20141117
    0.0050 20141118
    0.0046 20141119
    0.0041 20141120
    0.0042 20141121
    0.0036 20141122
    0.0040 20141123
    0.0041 20141124
    0.0033 20141125
    0.0045 20141126
    0.0041 20141127
    0.0038 20141128
    0.0043 20141129
    0.0045 20141130
    0.0038 20141201
    0.0037 20141202
    0.0038 20141203
    0.0076 20141204
    0.0086 20141205
    0.0086 20141206
    0.0086 20141207
    0.0084 20141208
    0.0070 20141209
    0.0070 20141210
    0.0062 20141211
    0.0056 20141212
    0.0051 20141213
    0.0066 20141214
    0.0071 20141215
    0.0065 20141216
    0.0053 20141217
    0.0052 20141218
    0.0050 20141219
    0.0046 20141220
    0.0038 20141221
    0.0040 20141222
    0.0033 20141223
    0.0035 20141224
    0.0028 20141225
    0.0027 20141226
    0.0028 20141227
    0.0029 20141228
    0.0023 20141229
    0.0025 20141230
    0.0023 20141231
    0.0021 20150101
    0.0021 20150102
    0.0020 20150103
    0.0019 20150104
    0.0017 20150105
    0.0015 20150106
    0.0015 20150107
    0.0013 20150108
    0.0018 20150109
    0.0017 20150110
    0.0015 20150111
    0.0013 20150112
    0.0014 20150113
    0.0015 20150114
    0.0014 20150115
    0.0013 20150116
    0.0012 20150117
    0.0016 20150118
    0.0020 20150119
    0.0021 20150120
    0.0017 20150121
    0.0019 20150122
    0.0019 20150123
    0.0016 20150124
    0.0017 20150125
    0.0018 20150126
    0.0015 20150127
    0.0014 20150128
    0.0012 20150129
    0.0011 20150130
    0.0017 20150131
    0.0019 20150201
    0.0018 20150202
    0.0017 20150203
    0.0014 20150204
    0.0012 20150205
    0.0011 20150206
    0.0010 20150207
    0.0013 20150208
    0.0011 20150209
    0.0010 20150210
    0.0010 20150211
    0.0014 20150212
    0.0011 20150213
    0.0010 20150214
    0.0013 20150215
    0.0012 20150216
    0.0014 20150217
    0.0009 20150218
    0.0010 20150219
    0.0013 20150220
    0.0012 20150221
    0.0010 20150222
    0.0010 20150223
    0.0009 20150224
    0.0012 20150225
    0.0010 20150226
    0.0009 20150227
    0.0009 20150228
    0.0009 20150301
    0.0008 20150302
    0.0009 20150303
    0.0008 20150304
    0.0007 20150305
    0.0007 20150306
    0.0007 20150307
    0.0007 20150308
    0.0007 20150309
    0.0007 20150310
    0.0006 20150311
    0.0006 20150312
    0.0006 20150313
    0.0005 20150314
    0.0005 20150315
    0.0005 20150316
    0.0005 20150317
    0.0010 20150318
    0.0008 20150319
    0.0008 20150320
    0.0015 20150321
    0.0014 20150322
    0.0014 20150323
    0.0019 20150324
    0.0024 20150325
    0.0022 20150326
    0.0019 20150327
    0.0020 20150328
    0.0020 20150329
    0.0015 20150330
    0.0016 20150331
    0.0016 20150401
    0.0013 20150402
    0.0015 20150403
    0.0013 20150404
    0.0012 20150405
    0.0010 20150406
    0.0013 20150407
    0.0012 20150408
    0.0010 20150409
    0.0012 20150410
    0.0009 20150411
    0.0010 20150412
    0.0013 20150413
    0.0011 20150414
    0.0016 20150415
    0.0016 20150416
    0.0016 20150417
    0.0014 20150418
    0.0014 20150419
    0.0011 20150420
    0.0013 20150421
    0.0011 20150422
    0.0013 20150423
    0.0010 20150424
    0.0010 20150425
    0.0012 20150426
    0.0010 20150427
    0.0008 20150428
    0.0007 20150429
    0.0006 20150430
    0.0007 20150501
    0.0008 20150502
    0.0007 20150503
    0.0006 20150504
    0.0006 20150505
    0.0005 20150506
    0.0005 20150507
    0.0005 20150508
    0.0004 20150509
    0.0004 20150510
    0.0004 20150511
    0.0007 20150512
    0.0006 20150513
    0.0006 20150514
    0.0005 20150515
    0.0005 20150516
    0.0004 20150517
    0.0004 20150518
    0.0004 20150519
    0.0003 20150520
    0.0004 20150521
    0.0004 20150522
    0.0006 20150523
    0.0006 20150524
    0.0005 20150525
    0.0005 20150526
    0.0005 20150527
    0.0004 20150528
    0.0004 20150529
    0.0004 20150530
    0.0004 20150531
    0.0005 20150601
    0.0005 20150602
    0.0005 20150603
    0.0004 20150604
    0.0004 20150605
    0.0004 20150606
    0.0004 20150607
    0.0004 20150608
    0.0004 20150609
    0.0003 20150610
    0.0003 20150611
    0.0003 20150612
    0.0003 20150613
    0.0003 20150614
    0.0003 20150615
    0.0003 20150616
    0.0003 20150617
    0.0003 20150618
    0.0003 20150619
    0.0002 20150620
    0.0002 20150621
    0.0002 20150622
    0.0002 20150623
    0.0002 20150624
    0.0002 20150625
    0.0002 20150626
    0.0002 20150627
    0.0002 20150628
    0.0002 20150629
    0.0002 20150630
    0.0003 20150701
    0.0003 20150702
    0.0004 20150703
    0.0003 20150704
    0.0003 20150705
    0.0003 20150706
    0.0003 20150707
    0.0003 20150708
    0.0003 20150709
    0.0003 20150710
    0.0003 20150711
    0.0003 20150712
    0.0003 20150713
    0.0002 20150714
    0.0002 20150715
    0.0002 20150716
    0.0002 20150717
    0.0002 20150718
    0.0002 20150719
    0.0002 20150720
    0.0002 20150721
    0.0002 20150722
    0.0002 20150723
    0.0002 20150724
    0.0002 20150725
    0.0002 20150726
    0.0002 20150727
    0.0002 20150728
    0.0002 20150729
    0.0002 20150730
    0.0002 20150731
    0.0002 20150801
    0.0002 20150802
    0.0002 20150803
    0.0002 20150804
    0.0002 20150805
    0.0002 20150806
    0.0002 20150807
    0.0002 20150808
    0.0002 20150809
    0.0002 20150810
    0.0002 20150811
    0.0002 20150812
    0.0002 20150813
    0.0001 20150814
    0.0003 20150815
    0.0002 20150816
    0.0002 20150817
    0.0002 20150818
    0.0002 20150819
    0.0001 20150820
    0.0001 20150821
    0.0001 20150822
    0.0001 20150823
    0.0001 20150824
    0.0001 20150825
    0.0001 20150826
    0.0001 20150827
    0.0001 20150828
    0.0001 20150829
    0.0001 20150830
    0.0001 20150831
    0.0001 20150901
    0.0001 20150902
    0.0001 20150903
    0.0001 20150904
    0.0003 20150905
   10.4700 20150906
    4.8920 20150907
    2.1370 20150908
    1.3430 20150909
    0.9071 20150910
    0.6359 20150911
    0.5511 20150912
    0.4528 20150913
    0.3663 20150914
    0.2926 20150915
    0.2345 20150916
    0.1918 20150917
    0.1580 20150918
    0.1284 20150919
    0.1064 20150920
    0.0883 20150921
    0.0746 20150922
    0.0651 20150923
    0.0550 20150924
    0.0490 20150925
    0.0402 20150926
    0.0401 20150927
    0.0397 20150928
    0.0396 20150929
    0.0367 20150930
    0.0355 20151001
    0.0330 20151002
    0.0293 20151003
    0.0278 20151004
    0.0256 20151005
    0.0241 20151006
    0.0219 20151007
    0.0203 20151008
    0.0183 20151009
    0.0172 20151010
    0.0145 20151011
    0.0139 20151012
    0.0133 20151013
    0.0126 20151014
    0.0120 20151015
    0.0096 20151016
    0.0099 20151017
    0.0089 20151018
    0.0278 20151019
    0.0369 20151020
    0.0396 20151021
    0.0395 20151022
    0.0351 20151023
    0.0319 20151024
    0.0312 20151025
    0.0281 20151026
    0.0235 20151027
    0.0204 20151028
    0.0192 20151029
    0.0158 20151030
    0.0144 20151031
    0.0143 20151101
    0.0676 20151102
    0.0953 20151103
    0.1130 20151104
    0.1196 20151105
    0.1158 20151106
    0.1087 20151107
    0.0988 20151108
    0.0903 20151109
    0.0790 20151110
    0.0700 20151111
    0.0613 20151112
    0.0542 20151113
    0.0481 20151114
    0.0425 20151115
    0.0379 20151116
    0.0337 20151117
    0.0291 20151118
    0.0267 20151119
    0.0242 20151120
    0.0216 20151121
    0.0190 20151122
    0.0171 20151123
    0.0154 20151124
    0.0151 20151125
    0.0133 20151126
    0.0125 20151127
    0.0124 20151128
    0.0111 20151129
    0.0098 20151130
    0.0092 20151201
    0.0084 20151202
    0.0079 20151203
    0.0078 20151204
    0.0075 20151205
    0.0072 20151206
    0.0070 20151207
    0.0059 20151208
    0.0063 20151209
    0.0065 20151210
    0.0068 20151211
    0.0062 20151212
    0.0051 20151213
    0.0054 20151214
    0.0054 20151215
    0.0052 20151216
    0.0044 20151217
    0.0044 20151218
    0.0038 20151219
    0.0038 20151220
    0.0039 20151221
    0.0036 20151222
    0.0031 20151223
    0.0028 20151224
    0.0030 20151225
    0.0027 20151226
    0.0025 20151227
    0.0022 20151228
    0.0025 20151229
    0.0027 20151230
    0.0025 20151231
    0.0025 20160101
    0.0023 20160102
    0.0020 20160103
    0.0025 20160104
    0.0022 20160105
    0.0021 20160106
    0.0023 20160107
    0.0020 20160108
    0.0019 20160109
    0.0017 20160110
    0.0017 20160111
    0.0015 20160112
    0.0014 20160113
    0.0018 20160114
    0.0024 20160115
    0.0024 20160116
    0.0025 20160117
    0.0020 20160118
    0.0021 20160119
    0.0019 20160120
    0.0021 20160121
    0.0018 20160122
    0.0017 20160123
    0.0019 20160124
    0.0016 20160125
    0.0014 20160126
    0.0013 20160127
    0.0011 20160128
    0.0012 20160129
    0.0011 20160130
    0.0011 20160131
    0.0013 20160201
    0.0012 20160202
    0.0013 20160203
    0.0012 20160204
    0.0011 20160205
    0.0011 20160206
    0.0010 20160207
    0.0014 20160208
    0.0013 20160209
    0.0012 20160210
    0.0011 20160211
    0.0010 20160212
    0.0014 20160213
    0.0013 20160214
    0.0012 20160215
    0.0011 20160216
    0.0012 20160217
    0.0012 20160218
    0.0011 20160219
    0.0010 20160220
    0.0009 20160221
    0.0009 20160222
    0.0008 20160223
    0.0008 20160224
    0.0008 20160225
    0.0007 20160226
    0.0008 20160227
    0.0008 20160228
    0.0008 20160229
    0.0007 20160301
    0.0007 20160302
    0.0007 20160303
    0.0007 20160304
    0.0006 20160305
    0.0006 20160306
    0.0006 20160307
    0.0007 20160308
    0.0007 20160309
    0.0007 20160310
    0.0007 20160311
    0.0007 20160312
    0.0007 20160313
    0.0006 20160314
    0.0006 20160315
    0.0006 20160316
    0.0005 20160317
    0.0006 20160318
    0.0007 20160319
    0.0006 20160320
    0.0057 20160321
    0.0091 20160322
    0.0110 20160323
    0.0124 20160324
    0.0122 20160325
    0.0123 20160326
    0.0115 20160327
    0.0096 20160328
    0.0091 20160329
    0.0081 20160330
    0.0073 20160331
    0.0070 20160401
    0.0060 20160402
    0.0052 20160403
    0.0054 20160404
    0.0129 20160405
    0.0145 20160406
    0.0148 20160407
    0.0140 20160408
    0.0141 20160409
    0.0131 20160410
    0.0105 20160411
    0.0101 20160412
    0.0093 20160413
    0.0083 20160414
    0.0073 20160415
    0.0060 20160416
    0.0064 20160417
    0.0048 20160418
    0.0046 20160419
    0.0045 20160420
    0.0037 20160421
    0.0033 20160422
    0.0034 20160423
    0.0028 20160424
    0.0030 20160425
    0.0025 20160426
    0.0023 20160427
    0.0019 20160428
    0.0024 20160429
    0.0018 20160430
    0.0020 20160501
    0.0019 20160502
    0.0017 20160503
    0.0015 20160504
    0.0015 20160505
    0.0019 20160506
    0.0016 20160507
    0.0015 20160508
    0.0013 20160509
    0.0018 20160510
    0.0016 20160511
    0.0015 20160512
    0.0012 20160513
    0.0014 20160514
    0.0012 20160515
    0.0011 20160516
    0.0016 20160517
    0.0014 20160518
    0.0012 20160519
    0.0015 20160520
    0.0011 20160521
    0.0014 20160522
    0.0013 20160523
    0.0011 20160524
    0.0010 20160525
    0.0010 20160526
    0.0009 20160527
    0.0008 20160528
    0.0008 20160529
    0.0007 20160530
    0.0007 20160531
    0.0008 20160601
    0.0008 20160602
    0.0009 20160603
    0.0008 20160604
    0.0008 20160605
    0.0008 20160606
    0.0007 20160607
    0.0007 20160608
    0.0007 20160609
    0.0006 20160610
    0.0006 20160611
    0.0006 20160612
    0.0005 20160613
    0.0005 20160614
    0.0005 20160615
    0.0005 20160616
    0.0005 20160617
    0.0008 20160618
    0.0007 20160619
    0.0007 20160620
    0.0006 20160621
    0.0005 20160622
    0.0005 20160623
    0.0005 20160624
    0.0005 20160625
    0.0004 20160626
    0.0004 20160627
    0.0004 20160628
    0.0004 20160629
    0.0003 20160630
    0.0005 20160701
    0.0006 20160702
    0.0006 20160703
    0.0004 20160704
    0.0004 20160705
    0.0003 20160706
    0.0003 20160707
    0.0003 20160708
    0.0003 20160709
    0.0004 20160710
    0.0003 20160711
    0.0004 20160712
    0.0003 20160713
    0.0003 20160714
    0.0006 20160715
    0.0005 20160716
    0.0005 20160717
    0.0005 20160718
    0.0005 20160719
    0.0004 20160720
    0.0004 20160721
    0.0004 20160722
    0.0003 20160723
    0.0003 20160724
    0.0003 20160725
    0.0006 20160726
    0.0005 20160727
    0.0005 20160728
    0.0004 20160729
    0.0004 20160730
    0.0004 20160731
    0.0005 20160801
    0.0005 20160802
    0.0004 20160803
    0.0004 20160804
    0.0004 20160805
    0.0004 20160806
    0.0003 20160807
    0.0003 20160808
    0.0003 20160809
    0.0003 20160810
    0.0005 20160811
    0.0003 20160812
    0.0005 20160813
    0.0005 20160814
    0.0004 20160815
    0.0004 20160816
    0.0004 20160817
    0.0004 20160818
    0.0003 20160819
    0.0003 20160820
    0.0003 20160821
    0.0003 20160822
    0.0003 20160823
    0.0003 20160824
    0.0003 20160825
    0.0003 20160826
    0.0002 20160827
    0.0002 20160828
    0.0002 20160829
    0.0002 20160830
    0.0002 20160831
    0.0002 20160901
    0.0002 20160902
    0.0002 20160903
    0.0002 20160904
    0.0002 20160905
    0.0002 20160906
    0.0002 20160907
    0.0002 20160908
    0.0002 20160909
    0.0002 20160910
    0.0002 20160911
    0.0002 20160912
    0.0002 20160913
    0.0002 20160914
    0.0001 20160915
    0.0001 20160916
    0.0001 20160917
    0.0001 20160918
    0.0001 20160919
    0.0001 20160920
    0.0001 20160921
    0.0001 20160922
    0.0001 20160923
    0.0001 20160924
    0.0001 20160925
    0.0001 20160926
    0.0001 20160927
    0.0002 20160928
    0.0003 20160929
    0.0006 20160930
    0.0006 20161001
    0.0008 20161002
    0.0009 20161003
    0.0012 20161004
    0.0013 20161005
    0.0015 20161006
    0.0016 20161007
    0.0020 20161008
    0.0019 20161009
    0.0019 20161010
    0.0024 20161011
    0.0023 20161012
    0.0026 20161013
    0.0024 20161014
    0.0025 20161015
    0.0024 20161016
    0.0026 20161017
    0.0027 20161018
    0.0027 20161019
    0.0024 20161020
    0.0025 20161021
    0.0023 20161022
    0.0025 20161023
    0.0021 20161024
    0.0019 20161025
    0.0022 20161026
    0.0019 20161027
    0.0023 20161028
    0.0020 20161029
    0.0018 20161030
    0.0019 20161031
    0.0022 20161101
    0.0017 20161102
    0.0016 20161103
    0.0015 20161104
    0.0014 20161105
    0.0019 20161106
    0.0016 20161107
    0.0014 20161108
    0.0012 20161109
    0.0012 20161110
    0.0010 20161111
    0.0011 20161112
    0.0012 20161113
    0.0012 20161114
    0.0011 20161115
    0.0010 20161116
    0.0014 20161117
    0.0012 20161118
    0.0011 20161119
    0.0014 20161120
    0.0012 20161121
    0.0011 20161122
    0.0078 20161123
    0.0105 20161124
    0.0127 20161125
    0.0134 20161126
    0.0131 20161127
    0.0125 20161128
    0.0116 20161129
    0.0104 20161130
    0.0102 20161201
    0.0102 20161202
    0.0083 20161203
    0.0106 20161204
    0.0102 20161205
    0.0093 20161206
    0.0088 20161207
    0.0078 20161208
    0.0084 20161209
    0.0079 20161210
    0.0070 20161211
    0.0068 20161212
    0.0061 20161213
    0.0057 20161214
    0.0067 20161215
    0.0061 20161216
    1.9600 20161217
   60.1100 20161218
   23.9900 20161219
    9.8540 20161220
    3.9840 20161221
    2.2670 20161222
    1.3460 20161223
    0.7656 20161224
    0.6873 20161225
    0.5751 20161226
    0.4631 20161227
    0.3715 20161228
    0.2953 20161229
    0.2401 20161230
    0.1953 20161231
    0.1611 20170101
    0.1317 20170102
    0.1108 20170103
    0.0924 20170104
    0.0797 20170105
    0.0693 20170106
    0.0604 20170107
    0.0524 20170108
    0.0466 20170109
    0.0409 20170110
    0.0358 20170111
    0.0320 20170112
    0.0287 20170113
    0.0263 20170114
    0.0241 20170115
    0.0225 20170116
    0.0199 20170117
    0.0993 20170118
    1.0800 20170119
    0.7071 20170120
    0.6705 20170121
    0.5612 20170122
    0.4521 20170123
    0.3574 20170124
    0.2830 20170125
    0.2235 20170126
    0.1806 20170127
    0.1483 20170128
    0.1235 20170129
    0.1037 20170130
    0.0881 20170131
    0.0761 20170201
    0.0650 20170202
    0.0589 20170203
    0.0520 20170204
    0.0469 20170205
    0.0429 20170206
    0.0381 20170207
    0.0363 20170208
    0.0327 20170209
    0.0314 20170210
    0.0292 20170211
    0.0265 20170212
    0.0253 20170213
    0.0236 20170214
    0.0242 20170215
    0.0209 20170216
    0.0209 20170217
    0.0202 20170218
    0.0192 20170219
    0.0176 20170220
    0.0161 20170221
    0.0150 20170222
    0.0136 20170223
    0.0129 20170224
    0.0119 20170225
    0.0121 20170226
    0.0113 20170227
    0.0107 20170228
    0.0093 20170301
    0.0091 20170302
    0.0085 20170303
    0.0084 20170304
    0.0088 20170305
    0.0081 20170306
    0.0073 20170307
    0.0071 20170308
    0.0072 20170309
    0.0070 20170310
    0.0064 20170311
    0.0056 20170312
    0.0472 20170313
    0.0752 20170314
    0.0847 20170315
    0.0810 20170316
    0.0728 20170317
    0.0643 20170318
    0.0537 20170319
    0.0478 20170320
    0.0405 20170321
    0.0349 20170322
    0.0306 20170323
    0.0264 20170324
    0.0233 20170325
    0.0215 20170326
    0.0185 20170327
    0.0173 20170328
    0.0149 20170329
    0.0136 20170330
    0.0132 20170331
    0.0118 20170401
    0.0104 20170402
    0.0105 20170403
    0.0086 20170404
    0.0089 20170405
    0.0080 20170406
    0.0075 20170407
    0.0072 20170408
    0.0063 20170409
    0.0066 20170410
    0.0058 20170411
    0.0061 20170412
    0.0058 20170413
    0.0057 20170414
    0.0049 20170415
    0.0043 20170416
    0.0038 20170417
    0.0041 20170418
    0.0039 20170419
    0.0036 20170420
    0.0040 20170421
    0.0038 20170422
    0.0039 20170423
    0.0032 20170424
    0.0029 20170425
    0.0026 20170426
    0.0027 20170427
    0.0024 20170428
    0.0025 20170429
    0.0023 20170430
    0.0025 20170501
    0.0026 20170502
    0.0022 20170503
    0.0022 20170504
    0.0025 20170505
    0.0024 20170506
    0.0020 20170507
    0.0021 20170508
    0.0019 20170509
    0.0023 20170510
    0.0021 20170511
    0.0019 20170512
    0.0018 20170513
    0.0016 20170514
    0.0017 20170515
    0.0016 20170516
    0.0015 20170517
    0.0019 20170518
    0.0017 20170519
    0.0017 20170520
    0.0016 20170521
    0.0014 20170522
    0.0014 20170523
    0.0012 20170524
    0.0012 20170525
    0.0010 20170526
    0.0013 20170527
    0.0013 20170528
    0.0011 20170529
    0.0010 20170530
    0.0013 20170531
    0.0010 20170601
    0.0014 20170602
    0.0012 20170603
    0.0011 20170604
    0.0011 20170605
    0.0010 20170606
    0.0009 20170607
    0.0009 20170608
    0.0008 20170609
    0.0009 20170610
    0.0009 20170611
    0.0008 20170612
    0.0007 20170613
    0.0007 20170614
    0.0008 20170615
    0.0008 20170616
    0.0008 20170617
    0.0008 20170618
    0.0007 20170619
    0.0007 20170620
    0.0006 20170621
    0.0006 20170622
    0.0006 20170623
    0.0006 20170624
    0.0005 20170625
    0.0005 20170626
    0.0005 20170627
    0.0005 20170628
    0.0005 20170629
    0.0005 20170630
    0.0008 20170701
    0.0008 20170702
    0.0008 20170703
    0.0010 20170704
    0.0008 20170705
    0.0011 20170706
    0.0009 20170707
    0.0008 20170708
    0.0010 20170709
    0.0009 20170710
    0.0008 20170711
    0.0010 20170712
    0.0009 20170713
    0.0009 20170714
    0.0008 20170715
    0.0007 20170716
    0.0007 20170717
    0.0006 20170718
    0.0006 20170719
    0.0005 20170720
    0.0007 20170721
    0.0007 20170722
    0.0007 20170723
    0.0007 20170724
    0.0006 20170725
    0.0006 20170726
    0.0006 20170727
    0.0005 20170728
    0.0006 20170729
    0.0005 20170730
    0.0005 20170731
    0.0005 20170801
    0.0005 20170802
    0.0005 20170803
    0.0005 20170804
    0.0005 20170805
    0.0005 20170806
    0.0004 20170807
    0.0004 20170808
    0.0004 20170809
    0.0004 20170810
    0.0004 20170811
    0.0007 20170812
    0.0006 20170813
    0.0006 20170814
    0.0005 20170815
    0.0005 20170816
    0.0005 20170817
    0.0004 20170818
    0.0005 20170819
    0.0004 20170820
    0.0004 20170821
    0.0004 20170822
    0.0003 20170823
    0.0003 20170824
    0.0003 20170825
    0.0006 20170826
    0.0005 20170827
    0.0005 20170828
    0.0242 20170829
    0.0441 20170830
    0.0545 20170831
    0.0591 20170901
    0.0565 20170902
    0.0533 20170903
    0.0488 20170904
    0.0438 20170905
    0.0383 20170906
    0.0347 20170907
    0.0307 20170908
    0.0273 20170909
    0.0237 20170910
    0.0220 20170911
    0.0200 20170912
    0.0169 20170913
    0.0159 20170914
    0.0148 20170915
    0.0134 20170916
    0.0128 20170917
    0.0110 20170918
    0.0108 20170919
    0.0087 20170920
    0.0088 20170921
    0.0076 20170922
    0.0082 20170923
    0.0065 20170924
    0.0062 20170925
    0.0063 20170926
    0.0060 20170927
    0.0060 20170928
    0.0051 20170929
    0.0051 20170930
    0.0049 20171001
    0.0041 20171002
    0.0041 20171003
    0.0045 20171004
    0.0037 20171005
    0.0041 20171006
    0.0034 20171007
    0.0035 20171008
    0.0030 20171009
    0.0026 20171010
    0.0028 20171011
    0.0026 20171012
    0.0024 20171013
    0.0026 20171014
    0.0023 20171015
    0.0028 20171016
    0.0022 20171017
    0.0022 20171018
    0.0022 20171019
    0.0026 20171020
    0.0020 20171021
    0.0025 20171022
    0.0022 20171023
    0.0019 20171024
    0.0023 20171025
    0.0021 20171026
    0.0018 20171027
    0.0016 20171028
    0.0014 20171029
    0.0012 20171030
    0.0011 20171031
    0.0012 20171101
    0.0015 20171102
    0.0011 20171103
    0.0011 20171104
    0.0015 20171105
    0.0011 20171106
    0.0011 20171107
    0.0014 20171108
    0.0013 20171109
    0.0011 20171110
    0.0014 20171111
    0.0014 20171112
    0.0010 20171113
    0.0014 20171114
    0.0012 20171115
    0.0012 20171116
    0.0011 20171117
    0.0010 20171118
    0.0009 20171119
    0.0008 20171120
    0.0008 20171121
    0.0009 20171122
    0.0008 20171123
    0.0007 20171124
    0.0007 20171125
    0.0006 20171126
    0.0006 20171127
    0.0008 20171128
    0.0009 20171129
    0.0010 20171130
    0.0008 20171201
    0.0007 20171202
    0.0007 20171203
    0.0007 20171204
    0.0006 20171205
    0.0006 20171206
    0.0005 20171207
    0.0006 20171208
    0.0005 20171209
    0.0005 20171210
    0.0006 20171211
    0.0006 20171212
    0.0007 20171213
    0.0007 20171214
    0.0006 20171215
    0.0006 20171216
    0.0006 20171217
    0.0005 20171218
    0.0005 20171219
    0.0005 20171220
    0.0005 20171221
    0.0005 20171222
    0.0004 20171223
    0.0004 20171224
    0.0004 20171225
    0.0007 20171226
    0.0006 20171227
    0.0006 20171228
    0.0005 20171229
    0.0005 20171230
    0.0005 20171231
    0.0003 20180101
    0.0004 20180102
    0.0004 20180103
    0.0004 20180104
    0.0004 20180105
    0.0004 20180106
    0.0003 20180107
    0.0004 20180108
    0.0004 20180109
    0.0005 20180110
    0.0004 20180111
    0.0004 20180112
    0.0003 20180113
    0.0004 20180114
    0.0005 20180115
    0.0004 20180116
    0.0006 20180117
    0.0003 20180118
    0.0006 20180119
    0.0005 20180120
    0.0005 20180121
    0.0004 20180122
    0.0004 20180123
    0.0004 20180124
    0.0003 20180125
    0.0003 20180126
    0.0007 20180127
    0.0250 20180128
    0.0547 20180129
    0.0852 20180130
    0.1059 20180131
    0.1181 20180201
    0.1226 20180202
    0.1166 20180203
    0.1079 20180204
    0.0968 20180205
    0.0873 20180206
    0.0758 20180207
    0.0665 20180208
    0.0575 20180209
    0.0519 20180210
    0.0457 20180211
    0.0391 20180212
    0.0351 20180213
    0.0319 20180214
    0.0288 20180215
    0.0254 20180216
    0.0235 20180217
    0.0213 20180218
    0.0189 20180219
    0.0178 20180220
    0.0160 20180221
    0.0154 20180222
    0.0130 20180223
    0.0127 20180224
    0.0116 20180225
    0.0109 20180226
    0.0094 20180227
    0.0096 20180228
    0.0087 20180301
    0.0083 20180302
    0.0088 20180303
    0.0082 20180304
    0.0079 20180305
    0.0075 20180306
    0.0071 20180307
    0.0066 20180308
    0.0059 20180309
    0.0063 20180310
    0.0058 20180311
    0.0056 20180312
    0.0055 20180313
    0.0046 20180314
    0.0040 20180315
    0.0039 20180316
    0.0041 20180317
    0.0042 20180318
    0.0038 20180319
    0.0039 20180320
    0.0034 20180321
    0.0035 20180322
    0.0030 20180323
    0.0032 20180324
    0.0034 20180325
    0.0031 20180326
    0.0031 20180327
    0.0027 20180328
    0.0023 20180329
    0.0025 20180330
    0.0022 20180331
    0.0022 20180401
    0.0026 20180402
    0.0023 20180403
    0.0021 20180404
    0.0019 20180405
    0.0021 20180406
    0.0021 20180407
    0.0020 20180408
    0.0018 20180409
    0.0016 20180410
    0.0015 20180411
    0.0019 20180412
    0.0019 20180413
    0.0016 20180414
    0.0014 20180415
    0.0013 20180416
    0.0012 20180417
    0.0014 20180418
    0.0013 20180419
    0.0012 20180420
    0.0011 20180421
    0.0011 20180422
    0.0015 20180423
    0.0013 20180424
    0.0016 20180425
    0.0019 20180426
    0.0015 20180427
    0.0016 20180428
    0.0012 20180429
    0.0010 20180430
    0.0010 20180501
    0.0010 20180502
    0.0013 20180503
    0.0011 20180504
    0.0011 20180505
    0.0014 20180506
    0.0013 20180507
    0.0011 20180508
    0.0011 20180509
    0.0010 20180510
    0.0009 20180511
    0.0008 20180512
    0.0009 20180513
    0.0009 20180514
    0.0009 20180515
    0.0008 20180516
    0.0008 20180517
    0.0007 20180518
    0.0007 20180519
    0.0006 20180520
    0.0006 20180521
    0.0005 20180522
    0.0005 20180523
    0.0005 20180524
    0.0005 20180525
    0.0008 20180526
    0.0006 20180527
    0.0006 20180528
    0.0006 20180529
    0.0010 20180530
    0.0007 20180531
    0.0006 20180601
    0.0010 20180602
    0.0010 20180603
    0.0009 20180604
    0.0010 20180605
    0.0013 20180606
    0.0013 20180607
    0.0014 20180608
    0.0017 20180609
    0.0015 20180610
    0.0014 20180611
    0.0014 20180612
    0.0013 20180613
    0.0010 20180614
    0.0013 20180615
    0.0011 20180616
    0.0009 20180617
    0.0009 20180618
    0.0012 20180619
    0.0010 20180620
    0.0009 20180621
    0.0008 20180622
    0.0007 20180623
    0.0008 20180624
    0.0007 20180625
    0.0006 20180626
    0.0011 20180627
    0.0009 20180628
    0.0008 20180629
    0.0007 20180630
    0.0005 20180701
    0.0005 20180702
    0.0006 20180703
    0.0006 20180704
    0.0006 20180705
    0.0006 20180706
    0.0006 20180707
    0.0006 20180708
    0.0006 20180709
    0.0006 20180710
    0.0005 20180711
    0.0005 20180712
    0.0005 20180713
    0.0005 20180714
    0.0004 20180715
    0.0005 20180716
    0.0004 20180717
    0.0005 20180718
    0.0004 20180719
    0.0007 20180720
    0.0007 20180721
    0.0006 20180722
    0.0005 20180723
    0.0005 20180724
    0.0005 20180725
    0.0005 20180726
    0.0005 20180727
    0.0004 20180728
    0.0004 20180729
    0.0004 20180730
    0.0003 20180731
    0.0004 20180801
    0.0004 20180802
    0.0004 20180803
    0.0003 20180804
    0.0004 20180805
    0.0004 20180806
    0.0003 20180807
    0.0003 20180808
    0.0006 20180809
    0.0006 20180810
    0.0005 20180811
    0.0005 20180812
    0.0004 20180813
    0.0004 20180814
    0.0004 20180815
    0.0004 20180816
    0.0003 20180817
    0.0003 20180818
    0.0003 20180819
    0.0003 20180820
    0.0003 20180821
    0.0005 20180822
    0.0005 20180823
    0.0005 20180824
    0.0004 20180825
    0.0004 20180826
    0.0003 20180827
    0.0003 20180828
    0.0003 20180829
    0.0003 20180830
    0.0003 20180831
    0.0003 20180901
    0.0003 20180902
    0.0003 20180903
    0.0003 20180904
    0.0003 20180905
    0.0003 20180906
    0.0003 20180907
    0.0003 20180908
    0.0003 20180909
    0.0003 20180910
    0.0003 20180911
    0.0004 20180912
    0.0010 20180913
    0.0040 20180914
    2.2970 20180915
    1.5280 20180916
    0.8327 20180917
    0.6864 20180918
    0.5561 20180919
    0.4325 20180920
    0.3294 20180921
    0.2556 20180922
    0.2031 20180923
    0.1601 20180924
    0.1275 20180925
    0.1036 20180926
    0.0867 20180927
    0.0711 20180928
    0.0608 20180929
    0.0523 20180930
    0.0430 20181001
    0.0388 20181002
    0.0327 20181003
    0.0281 20181004
    0.0254 20181005
    0.0237 20181006
    0.0208 20181007
    0.0194 20181008
    0.0167 20181009
    0.0158 20181010
    0.0144 20181011
    0.0134 20181012
    0.0125 20181013
    0.1598 20181014
    0.2163 20181015
    0.2169 20181016
    0.1909 20181017
    0.1572 20181018
    0.1273 20181019
    0.1069 20181020
    0.0846 20181021
    0.0672 20181022
    0.0581 20181023
    0.0471 20181024
    0.0379 20181025
    0.0327 20181026
    0.0283 20181027
    0.0249 20181028
    0.0217 20181029
    0.0225 20181030
    0.0246 20181031
    0.0233 20181101
    0.0203 20181102
    0.0173 20181103
    0.0164 20181104
    0.0152 20181105
    0.0124 20181106
    0.0118 20181107
    0.0104 20181108
    0.0110 20181109
    0.0091 20181110
    0.0084 20181111
    0.0076 20181112
    0.0348 20181113
    0.0943 20181114
    0.5895 20181115
    5.9040 20181116
    2.6670 20181117
    1.7110 20181118
    1.1130 20181119
    0.6769 20181120
    0.6201 20181121
    0.5420 20181122
    0.4544 20181123
    0.3769 20181124
    0.3075 20181125
    0.2561 20181126
    0.2076 20181127
    0.1729 20181128
    0.1421 20181129
    0.1195 20181130
    0.1031 20181201
    0.0863 20181202
    0.0723 20181203
    0.0621 20181204
    0.0554 20181205
    0.0483 20181206
    0.0419 20181207
    0.0363 20181208
    0.0327 20181209
    0.0307 20181210
    0.0263 20181211
    0.0244 20181212
    0.0225 20181213
    0.0210 20181214
    0.0192 20181215
    0.0180 20181216
    0.0161 20181217
    0.0144 20181218
    0.0140 20181219
    0.0132 20181220
    0.0125 20181221
    0.0114 20181222
    0.0096 20181223
    0.0099 20181224
    0.0089 20181225
    0.0084 20181226
    0.0074 20181227
    0.0077 20181228
    0.0091 20181229
    0.0095 20181230
    0.0087 20181231
    0.0082 20190101
    0.0075 20190102
    0.0072 20190103
    0.0072 20190104
    0.0062 20190105
    0.0056 20190106
    0.0052 20190107
    0.0051 20190108
    0.0054 20190109
    0.0051 20190110
    0.0048 20190111
    0.0049 20190112
    0.0046 20190113
    0.0048 20190114
    0.0044 20190115
    0.0042 20190116
    0.0039 20190117
    0.0036 20190118
    0.0039 20190119
    0.0040 20190120
    0.0038 20190121
    0.0039 20190122
    0.0034 20190123
    0.0036 20190124
    0.0035 20190125
    0.0033 20190126
    0.0030 20190127
    0.0033 20190128
    0.0032 20190129
    0.0028 20190130
    0.0031 20190131
    0.0031 20190201
    0.0029 20190202
    0.0026 20190203
    0.0025 20190204
    0.0023 20190205
    0.0023 20190206
    0.0022 20190207
    0.0020 20190208
    0.0020 20190209
    0.0023 20190210
    0.0021 20190211
    0.0020 20190212
    0.0019 20190213
    0.0023 20190214
    0.0019 20190215
    0.0023 20190216
    0.0022 20190217
    0.0020 20190218
    0.0020 20190219
    0.0019 20190220
    0.0018 20190221
    0.0016 20190222
    0.0016 20190223
    0.0015 20190224
    0.0019 20190225
    0.0015 20190226
    0.0015 20190227
    0.0013 20190228
    0.0017 20190301
    0.0014 20190302
    0.0014 20190303
    0.0014 20190304
    0.0016 20190305
    0.0015 20190306
    0.0014 20190307
    0.0011 20190308
    0.0011 20190309
    0.0015 20190310
    0.0015 20190311
    0.0013 20190312
    0.0012 20190313
    0.0012 20190314
    0.0011 20190315
    0.0012 20190316
    0.0012 20190317
    0.0012 20190318
    0.0017 20190319
    0.0016 20190320
    0.0013 20190321
    0.0011 20190322
    0.0017 20190323
    0.0014 20190324
    0.0016 20190325
    0.0014 20190326
    0.0012 20190327
    0.0012 20190328
    0.0013 20190329
    0.0012 20190330
    0.0037 20190331
    0.0041 20190401
    0.0045 20190402
    0.0046 20190403
    0.0046 20190404
    0.0041 20190405
    0.0042 20190406
    0.0039 20190407
    0.0037 20190408
    0.0034 20190409
    0.0028 20190410
    0.0030 20190411
    0.0027 20190412
    0.0024 20190413
    0.0021 20190414
    0.0023 20190415
    0.0053 20190416
    3.7310 20190417
    2.3110 20190418
    4.0100 20190419
    9.2710 20190420
    3.3080 20190421
    1.8190 20190422
    1.0940 20190423
    0.6963 20190424
    0.6057 20190425
    0.4953 20190426
    0.3938 20190427
    0.3105 20190428
    0.2461 20190429
    0.1987 20190430
    0.1607 20190501
    0.1322 20190502
    0.1108 20190503
    0.0902 20190504
    0.0761 20190505
    0.0636 20190506
    0.0567 20190507
    0.0492 20190508
    0.0411 20190509
    0.0376 20190510
    0.0332 20190511
    0.0299 20190512
    0.0262 20190513
    0.0246 20190514
    0.0211 20190515
    0.0196 20190516
    0.0180 20190517
    0.0176 20190518
    0.0151 20190519
    0.0150 20190520
    0.0130 20190521
    0.0127 20190522
    0.0114 20190523
    0.0107 20190524
    0.0093 20190525
    0.0091 20190526
    0.0084 20190527
    0.0084 20190528
    0.0077 20190529
    0.0070 20190530
    0.0072 20190531
    0.0059 20190601
    0.0059 20190602
    0.0057 20190603
    0.0052 20190604
    0.0055 20190605
    0.0054 20190606
    0.0052 20190607
    0.0051 20190608
    0.0043 20190609
    0.0039 20190610
    0.0041 20190611
    0.0035 20190612
    0.0040 20190613
    0.0037 20190614
    0.0034 20190615
    0.0038 20190616
    0.0033 20190617
    0.0029 20190618
    0.0025 20190619
    0.0022 20190620
    0.0022 20190621
    0.0026 20190622
    0.0022 20190623
    0.0026 20190624
    0.0024 20190625
    0.0021 20190626
    0.0025 20190627
    0.0021 20190628
    0.0019 20190629
    0.0024 20190630
    0.0023 20190701
    0.0022 20190702
    0.0021 20190703
    0.0020 20190704
    0.0018 20190705
    0.0017 20190706
    0.0016 20190707
    0.0015 20190708
    0.0016 20190709
    0.0015 20190710
    0.0015 20190711
    0.0014 20190712
    0.0018 20190713
    0.0013 20190714
    0.0012 20190715
    0.0016 20190716
    0.0015 20190717
    0.0013 20190718
    0.0013 20190719
    0.0011 20190720
    0.0010 20190721
    0.0011 20190722
    0.0011 20190723
    0.0010 20190724
    0.0012 20190725
    0.0011 20190726
    0.0011 20190727
    0.0010 20190728
    0.0014 20190729
    0.0012 20190730
    0.0011 20190731
    0.0010 20190801
    0.0010 20190802
    0.0009 20190803
    0.0013 20190804
    0.0013 20190805
    0.0012 20190806
    0.0011 20190807
    0.0010 20190808
    0.0010 20190809
    0.0009 20190810
    0.0009 20190811
    0.0008 20190812
    0.0008 20190813
    0.0008 20190814
    0.0008 20190815
    0.0008 20190816
    0.0007 20190817
    0.0009 20190818
    0.0008 20190819
    0.0008 20190820
    0.0009 20190821
    0.0011 20190822
    0.0007 20190823
    0.0015 20190824
    0.0026 20190825
    0.0050 20190826
    0.0112 20190827
    0.0165 20190828
    0.0197 20190829
    0.0235 20190830
    0.0249 20190831
    0.0262 20190901
    0.0256 20190902
    0.0258 20190903
    0.0248 20190904
    0.0235 20190905
    0.0214 20190906
    0.0210 20190907
    0.0180 20190908
    0.4933 20190909
   12.5400 20190910
    5.8660 20190911
   24.7700 20190912
   39.3600 20190913
   14.6700 20190914
    5.7820 20190915
    3.0410 20190916
    1.6140 20190917
    0.8408 20190918
    0.7450 20190919
    0.6048 20190920
    0.4740 20190921
    0.3689 20190922
    0.2896 20190923
    0.2293 20190924
    0.1832 20190925
    0.1476 20190926
    0.1195 20190927
    0.1008 20190928
    0.0830 20190929
    0.0692 20190930
    0.0598 20191001
    0.0517 20191002
    0.0441 20191003
    0.0402 20191004
    0.0347 20191005
    0.0316 20191006
    0.0274 20191007
    0.0251 20191008
    0.0228 20191009
    0.0209 20191010
    0.0184 20191011
    0.0175 20191012
    0.0157 20191013
    0.0149 20191014
    0.0144 20191015
    0.0128 20191016
    0.0116 20191017
    0.0114 20191018
    0.0137 20191019
    0.0186 20191020
    0.0260 20191021
    0.1435 20191022
    0.1904 20191023
    0.1959 20191024
    0.1802 20191025
    0.1559 20191026
    0.1310 20191027
    0.1124 20191028
    0.0937 20191029
    0.0789 20191030
    0.0661 20191031
    0.0572 20191101
    0.0496 20191102
    0.0408 20191103
    0.0374 20191104
    0.0325 20191105
    0.0286 20191106
    0.0244 20191107
    0.0227 20191108
    0.0204 20191109
    0.0191 20191110
    0.0168 20191111
    0.0152 20191112
    0.0140 20191113
    0.0133 20191114
    0.0122 20191115
    0.0110 20191116
    0.0107 20191117
    0.0108 20191118
    0.0106 20191119
    0.0091 20191120
    0.0089 20191121
    0.0096 20191122
    0.0089 20191123
    0.0076 20191124
    0.0069 20191125
    0.0071 20191126
    0.0069 20191127
    0.0056 20191128
    0.0076 20191129
    0.0455 20191130
    0.1221 20191201
    0.2356 20191202
    5.6870 20191203
    2.2520 20191204
    1.0860 20191205
    0.8713 20191206
    0.7162 20191207
    0.5564 20191208
    0.4295 20191209
    0.3330 20191210
    0.2578 20191211
    0.2019 20191212
    0.1635 20191213
    0.1315 20191214
    0.1076 20191215
    0.0918 20191216
    0.0765 20191217
    0.0638 20191218
    0.0572 20191219
    0.0498 20191220
    0.0439 20191221
    0.0388 20191222
    0.0340 20191223
    0.0317 20191224
    0.0271 20191225
    0.0245 20191226
    0.0221 20191227
    0.0207 20191228
    0.0187 20191229
    0.0177 20191230
    0.0159 20191231
    0.0153 20200101
    0.0140 20200102
    0.0134 20200103
    0.0116 20200104
    0.0119 20200105
    0.0113 20200106
    0.0104 20200107
    0.0107 20200108
    0.0104 20200109
    0.0112 20200110
    0.0137 20200111
    0.0145 20200112
    0.0178 20200113
    0.0197 20200114
    0.0232 20200115
    0.0254 20200116
    0.0291 20200117
    0.0304 20200118
    0.0358 20200119
    0.0533 20200120
    0.1203 20200121
    0.2046 20200122
    0.2719 20200123
    0.3030 20200124
    0.3083 20200125
    0.2902 20200126
    0.2609 20200127
    0.2301 20200128
    0.2041 20200129
    0.1679 20200130
    0.1399 20200131
    0.1223 20200201
    0.1089 20200202
    0.1019 20200203
    0.0996 20200204
    0.0970 20200205
    0.0981 20200206
    0.0980 20200207
    0.1003 20200208
    0.0996 20200209
    0.1032 20200210
    0.1037 20200211
    0.1053 20200212
    0.1058 20200213
    0.1058 20200214
    0.1053 20200215
    0.1050 20200216
    0.1061 20200217
    0.1035 20200218
    0.1018 20200219
    0.1012 20200220
    0.0986 20200221
    0.0979 20200222
    0.0950 20200223
    0.0922 20200224
    0.0915 20200225
    0.0885 20200226
    0.0638 20200227
    0.0497 20200228
    0.0407 20200229
    0.0344 20200301
    0.0285 20200302
    0.0230 20200303
    0.0196 20200304
    0.0191 20200305
    0.0168 20200306
    0.0140 20200307
    0.0123 20200308
    0.0120 20200309
    0.0106 20200310
    0.0096 20200311
    0.0078 20200312
    0.0077 20200313
    0.0072 20200314
    0.0070 20200315
    0.0069 20200316
    0.0057 20200317
    0.0049 20200318
    0.0049 20200319
    0.0049 20200320
    0.0055 20200321
    0.0063 20200322
    0.0094 20200323
    5.9720 20200324
    3.3140 20200325
    1.9310 20200326
    0.8288 20200327
    0.7174 20200328
    0.6186 20200329
    0.5290 20200330
    0.4470 20200331
    0.3735 20200401
    0.3114 20200402
    0.2666 20200403
    0.2302 20200404
    0.2042 20200405
    0.1918 20200406
    0.1812 20200407
    0.1790 20200408
    0.1792 20200409
    0.1824 20200410
    0.1922 20200411
    0.2053 20200412
    0.2175 20200413
    0.2295 20200414
    0.2411 20200415
    0.2508 20200416
    0.2564 20200417
    0.2620 20200418
    0.2689 20200419
    0.2683 20200420
    0.2707 20200421
    0.2685 20200422
    0.2639 20200423
    0.2646 20200424
    0.2633 20200425
    0.2244 20200426
    0.1874 20200427
    0.1631 20200428
    0.1429 20200429
    0.1197 20200430
    0.1025 20200501
    0.0874 20200502
    0.0771 20200503
    0.0664 20200504
    0.0555 20200505
    0.0478 20200506
    0.0431 20200507
    0.0380 20200508
    0.0335 20200509
    0.0282 20200510
    0.0253 20200511
    0.0237 20200512
    0.0221 20200513
    0.0208 20200514
    0.0200 20200515
    0.0174 20200516
    0.0166 20200517
    0.0149 20200518
    0.0137 20200519
    0.0121 20200520
    0.0120 20200521
    0.0106 20200522
    0.0096 20200523
    0.0088 20200524
    0.0090 20200525
    0.0081 20200526
    0.0081 20200527
    0.0076 20200528
    0.0072 20200529
    0.0066 20200530
    0.0057 20200531
    0.0054 20200601
    0.0054 20200602
    0.0057 20200603
    0.0059 20200604
    0.0064 20200605
    0.0052 20200606
    0.0047 20200607
    0.0060 20200608
    0.0062 20200609
    0.0054 20200610
    0.0047 20200611
    0.0050 20200612
    0.0042 20200613
    0.0043 20200614
    0.0038 20200615
    0.0039 20200616
    0.0040 20200617
    0.0033 20200618
    0.0030 20200619
    0.0027 20200620
    0.0029 20200621
    0.0026 20200622
    0.0023 20200623
    0.0025 20200624
    0.0024 20200625
    0.0026 20200626
    0.0023 20200627
    0.0021 20200628
    0.0019 20200629
    0.0021 20200630
    0.0023 20200701
    0.0022 20200702
    0.0020 20200703
    0.0019 20200704
    0.0018 20200705
    0.0015 20200706
    0.0017 20200707
    0.0017 20200708
    0.0016 20200709
    0.0015 20200710
    0.0014 20200711
    0.0019 20200712
    0.0017 20200713
    0.0015 20200714
    0.0014 20200715
    0.0013 20200716
    0.0013 20200717
    0.0012 20200718
    0.0011 20200719
    0.0011 20200720
    0.0010 20200721
    0.0014 20200722
    0.0014 20200723
    0.0012 20200724
    0.0013 20200725
    0.0012 20200726
    0.0013 20200727
    0.0013 20200728
    0.0011 20200729
    0.0010 20200730
    0.0009 20200731
    0.0010 20200801
    0.0009 20200802
    0.0013 20200803
    0.0011 20200804
    0.0010 20200805
    0.0010 20200806
    0.0009 20200807
    0.0009 20200808
    0.0008 20200809
    0.0008 20200810
    0.0008 20200811
    0.0010 20200812
    0.0009 20200813
    0.0011 20200814
    0.0010 20200815
    0.0009 20200816
    0.0008 20200817
    0.0008 20200818
    0.0009 20200819
    0.0008 20200820
    0.0007 20200821
    0.0007 20200822
    0.0007 20200823
    0.0006 20200824
    0.0006 20200825
    0.0005 20200826
    0.0006 20200827
    0.0005 20200828
    0.0010 20200829
    0.0009 20200830
    0.0009 20200831
    0.0008 20200901
    0.0010 20200902
    0.0008 20200903
    0.0008 20200904
    0.0009 20200905
    0.0010 20200906
    0.0009 20200907
    0.0008 20200908
    0.0008 20200909
    0.0007 20200910
    0.0006 20200911
    0.0006 20200912
    0.0005 20200913
    0.0005 20200914
    0.0009 20200915
    0.0005 20200916
    0.0008 20200917
    0.0005 20200918
    0.0004 20200919
    0.0007 20200920
    0.0006 20200921
    0.0005 20200922
    0.0004 20200923
    0.0004 20200924
    0.0004 20200925
    0.0004 20200926
    0.0004 20200927
    0.0004 20200928
    0.0004 20200929
    0.0004 20200930
    0.0004 20201001
    0.0004 20201002
    0.0007 20201003
    0.0006 20201004
    0.0003 20201005
    0.0006 20201006
    0.0005 20201007
    0.0005 20201008
    0.0004 20201009
    0.0004 20201010
    0.0004 20201011
    0.0004 20201012
    0.0003 20201013
    0.0004 20201014
    0.0003 20201015
    0.0003 20201016
    0.0003 20201017
    0.0005 20201018
    0.0005 20201019
    0.0004 20201020
    0.0004 20201021
    0.0004 20201022
    0.0003 20201023
    0.0003 20201024
    0.0003 20201025
    0.0006 20201026
    0.0005 20201027
    0.0005 20201028
    0.0005 20201029
    0.0005 20201030
    0.0004 20201031
    0.0003 20201101
    0.0003 20201102
    0.0003 20201103
    0.0003 20201104
    0.0003 20201105
    0.0003 20201106
    0.0005 20201107
    0.0005 20201108
    0.0004 20201109
    0.0004 20201110
    0.0004 20201111
    0.0004 20201112
    0.0004 20201113
    0.0003 20201114
    0.0003 20201115
    0.0003 20201116
    0.0003 20201117
    0.0003 20201118
    0.0003 20201119
    0.0003 20201120
    0.0003 20201121
    0.0003 20201122
    0.0003 20201123
    0.0002 20201124
    0.0002 20201125
    0.0002 20201126
    0.0002 20201127
    0.0002 20201128
    0.0002 20201129
    0.0002 20201130
    0.0003 20201201
    0.0003 20201202
    0.0003 20201203
    0.0003 20201204
    0.0003 20201205
    0.0003 20201206
    0.0003 20201207
    0.0002 20201208
    0.0002 20201209
    0.0002 20201210
    0.0002 20201211
    0.0003 20201212
    0.0002 20201213
    0.0002 20201214
    0.0002 20201215
    0.0002 20201216
    0.0002 20201217
    0.0002 20201218
    0.0002 20201219
    0.0002 20201220
    0.0002 20201221
    0.0002 20201222
    0.0002 20201223
    0.0002 20201224
    0.0002 20201225
    0.0002 20201226
    0.0002 20201227
    0.0001 20201228
    0.0001 20201229
    0.0001 20201230
    0.0001 20201231
    0.0002 20210101
    0.0002 20210102
    0.0002 20210103
    0.0002 20210104
    0.0002 20210105
    0.0002 20210106
    0.0002 20210107
    0.0007 20210108
    0.0013 20210109
    0.0030 20210110
    0.0049 20210111
    0.0079 20210112
    0.0108 20210113
    0.0127 20210114
    0.0144 20210115
    0.0161 20210116
    0.0170 20210117
    0.0166 20210118
    0.0159 20210119
    0.0158 20210120
    0.0154 20210121
    0.0146 20210122
    0.0144 20210123
    0.0123 20210124
    0.0126 20210125
    0.0109 20210126
    0.0106 20210127
    0.0106 20210128
    0.0093 20210129
    0.0092 20210130
    0.0086 20210131
    0.0080 20210201
    0.0078 20210202
    0.0071 20210203
    0.0073 20210204
    0.0062 20210205
    0.0061 20210206
    0.0052 20210207
    0.0051 20210208
    0.0052 20210209
    0.0051 20210210
    0.0053 20210211
    0.0043 20210212
    0.0042 20210213
    0.0044 20210214
    0.0036 20210215
    0.0039 20210216
    0.0041 20210217
    0.0037 20210218
    0.0038 20210219
    0.0038 20210220
    0.0032 20210221
    0.0028 20210222
    0.0025 20210223
    0.0028 20210224
    0.0023 20210225
    0.0027 20210226
    0.0025 20210227
    0.0022 20210228
    0.0025 20210301
    0.0020 20210302
    0.0025 20210303
    0.0023 20210304
    0.0021 20210305
    0.0020 20210306
    0.0038 20210307
    0.0115 20210308
    0.0284 20210309
    0.0537 20210310
    0.0761 20210311
    0.0929 20210312
    0.0989 20210313
    0.0981 20210314
    0.0950 20210315
    0.0873 20210316
    0.0799 20210317
    0.0714 20210318
    0.0662 20210319
    0.0574 20210320
    0.0518 20210321
    0.0483 20210322
    0.0477 20210323
    0.0485 20210324
    0.0494 20210325
    0.0512 20210326
    0.0528 20210327
    0.0573 20210328
    0.0623 20210329
    0.0666 20210330
    0.0701 20210331
    0.0747 20210401
    0.0772 20210402
    0.0802 20210403
    0.0846 20210404
    0.0869 20210405
    0.0888 20210406
    0.0904 20210407
    0.0782 20210408
    0.0716 20210409
    0.0614 20210410
    0.0569 20210411
    0.0517 20210412
    0.0462 20210413
    0.0420 20210414
    0.0384 20210415
    0.0348 20210416
    0.0316 20210417
    0.0271 20210418
    0.0236 20210419
    0.0221 20210420
    0.0200 20210421
    0.3153 20210422
    0.5570 20210423
    0.5555 20210424
    0.5296 20210425
    0.4857 20210426
    0.4284 20210427
    0.3660 20210428
    0.3074 20210429
    0.2590 20210430
    0.2243 20210501
    0.2018 20210502
    0.1889 20210503
    0.1797 20210504
    0.1774 20210505
    0.1829 20210506
    0.1862 20210507
    0.1938 20210508
    0.2022 20210509
    0.2117 20210510
    0.2218 20210511
    0.2325 20210512
    0.2390 20210513
    0.2443 20210514
    0.2492 20210515
    0.2547 20210516
    0.2587 20210517
    0.2598 20210518
    0.2607 20210519
    0.2610 20210520
    0.2558 20210521
    0.2571 20210522
    5.3590 20210523
    2.7150 20210524
    1.5810 20210525
    0.7529 20210526
    0.6612 20210527
    0.5788 20210528
    0.4981 20210529
    0.4224 20210530
    0.3539 20210531
    0.2981 20210601
    0.2524 20210602
    0.2131 20210603
    0.1874 20210604
    0.1648 20210605
    0.1475 20210606
    0.1318 20210607
    0.1206 20210608
    0.1111 20210609
    0.1000 20210610
    0.0898 20210611
    0.0817 20210612
    0.0702 20210613
    0.0608 20210614
    0.0533 20210615
    0.0448 20210616
    0.0405 20210617
    0.0365 20210618
    0.0320 20210619
    0.0282 20210620
    0.0255 20210621
    0.0229 20210622
    0.0215 20210623
    0.0191 20210624
    0.0178 20210625
    0.0161 20210626
    0.0149 20210627
    0.0148 20210628
    0.0131 20210629
    0.0124 20210630
    0.0106 20210701
    0.0102 20210702
    0.0098 20210703
    0.0091 20210704
    0.0081 20210705
    0.0082 20210706
    0.0077 20210707
    0.0070 20210708
    0.0067 20210709
    0.0057 20210710
    0.0055 20210711
    0.0055 20210712
    0.0051 20210713
    0.0054 20210714
    0.0053 20210715
    0.0044 20210716
    0.0039 20210717
    0.0039 20210718
    0.0036 20210719
    0.0035 20210720
    0.0037 20210721
    0.0040 20210722
    0.0038 20210723
    0.0035 20210724
    0.0031 20210725
    0.0037 20210726
    0.0036 20210727
    0.0034 20210728
    0.0028 20210729
    0.0023 20210730
    0.0026 20210731
    0.0023 20210801
    0.0021 20210802
    0.0024 20210803
    0.0022 20210804
    0.0024 20210805
    0.0023 20210806
    0.0021 20210807
    0.0018 20210808
    0.0022 20210809
    0.0018 20210810
    0.0017 20210811
    0.0016 20210812
    0.0015 20210813
    0.0014 20210814
    0.0018 20210815
    0.0017 20210816
    0.0015 20210817
    0.0013 20210818
    0.0013 20210819
    0.0013 20210820
    0.0012 20210821
    0.0013 20210822
    0.0012 20210823
    0.0011 20210824
    0.0011 20210825
    0.0014 20210826
    0.0013 20210827
    0.0011 20210828
    0.0010 20210829
    0.0013 20210830
    0.0010 20210831
    0.0013 20210901
    0.0012 20210902
    0.0013 20210903
    0.0011 20210904
    0.0010 20210905
    0.0011 20210906
    0.0011 20210907
    0.0010 20210908
    0.0009 20210909
    0.0009 20210910
    0.0008 20210911
    0.0008 20210912
    0.0007 20210913
    0.0007 20210914
    0.0007 20210915
    0.0006 20210916
    0.0006 20210917
    0.0006 20210918
    0.0006 20210919
    0.0009 20210920
    0.0109 20210921
    0.0506 20210922
    0.1133 20210923
    0.1656 20210924
    0.1922 20210925
    0.1995 20210926
    0.1906 20210927
    0.1751 20210928
    0.1531 20210929
    0.1335 20210930
    0.1179 20211001
    0.1008 20211002
    0.0872 20211003
    0.0760 20211004
    0.0651 20211005
    0.0560 20211006
    0.0478 20211007
    0.0418 20211008
    0.0383 20211009
    0.0338 20211010
    0.0297 20211011
    0.0264 20211012
    0.0235 20211013
    0.0213 20211014
    0.0197 20211015
    0.0175 20211016
    0.0167 20211017
    0.0156 20211018
    0.0138 20211019
    0.0120 20211020
    0.0121 20211021
    0.0103 20211022
    0.0096 20211023
    0.0097 20211024
    0.0082 20211025
    0.0279 20211026
    0.0698 20211027
    0.1248 20211028
    0.1695 20211029
    0.1918 20211030
    0.1946 20211031
    0.1835 20211101
    0.1672 20211102
    0.1468 20211103
    0.1289 20211104
    0.1131 20211105
    0.0975 20211106
    0.0843 20211107
    0.0717 20211108
    0.0636 20211109
    0.0554 20211110
    0.0475 20211111
    0.0419 20211112
    0.0366 20211113
    0.0315 20211114
    0.0289 20211115
    0.0255 20211116
    0.0261 20211117
    0.0259 20211118
    0.0275 20211119
    4.2480 20211120
    2.6550 20211121
    1.5780 20211122
    0.7508 20211123
    0.6586 20211124
    0.5744 20211125
    0.4938 20211126
    0.4173 20211127
    0.3497 20211128
    0.2909 20211129
    0.2400 20211130
    0.2002 20211201
    0.1663 20211202
    0.1379 20211203
    0.1158 20211204
    0.0989 20211205
    0.0806 20211206
    0.0712 20211207
    0.0603 20211208
    0.0518 20211209
    0.0470 20211210
    0.0414 20211211
    0.0355 20211212
    0.0318 20211213
    0.0282 20211214
    0.0263 20211215
    0.0234 20211216
    0.0218 20211217
    0.0205 20211218
    0.0172 20211219
    0.0162 20211220
    0.0155 20211221
    0.0127 20211222
    0.0120 20211223
    0.0117 20211224
    0.0104 20211225
    0.0097 20211226
    0.0099 20211227
    0.0090 20211228
    0.0080 20211229
    0.0072 20211230
    0.0077 20211231
    0.0069 20220101
    0.0058 20220102
    0.0062 20220103
    0.0053 20220104
    0.0053 20220105
    0.0058 20220106
    0.0049 20220107
    0.0042 20220108
    0.0044 20220109
    0.0037 20220110
    0.0039 20220111
    0.0039 20220112
    0.0037 20220113
    0.0041 20220114
    0.0036 20220115
    0.0035 20220116
    0.0033 20220117
    0.0035 20220118
    0.0030 20220119
    0.0026 20220120
    0.0023 20220121
    0.0025 20220122
    0.0023 20220123
    0.0027 20220124
    0.0030 20220125
    0.0032 20220126
    0.0028 20220127
    0.0027 20220128
    0.0022 20220129
    0.0023 20220130
    0.0020 20220131
    0.0024 20220201
    0.0022 20220202
    0.0020 20220203
    0.0025 20220204
    0.0023 20220205
    0.0020 20220206
    0.0025 20220207
    0.0030 20220208
    0.0045 20220209
    0.0075 20220210
    0.0132 20220211
    0.0219 20220212
    0.0325 20220213
    0.0444 20220214
    0.0578 20220215
    0.0706 20220216
    0.0803 20220217
    0.0898 20220218
    0.0980 20220219
    0.1034 20220220
    0.1076 20220221
    0.1113 20220222
    0.1136 20220223
    0.1148 20220224
    0.1155 20220225
    0.1170 20220226
    0.1160 20220227
    0.0951 20220228
    0.0810 20220301
    0.0677 20220302
    0.0577 20220303
    0.0557 20220304
    0.0551 20220305
    0.0537 20220306
    0.0552 20220307
    0.0568 20220308
    0.0618 20220309
    0.0684 20220310
    0.0762 20220311
    0.0831 20220312
    0.0937 20220313
    0.1049 20220314
    0.1138 20220315
    0.1254 20220316
    0.1823 20220317
    0.2522 20220318
    0.3154 20220319
    0.3618 20220320
    0.3885 20220321
    0.4018 20220322
    0.7199 20220323
    0.8382 20220324
    0.9630 20220325
    1.0050 20220326
    1.0260 20220327
    1.0390 20220328
    1.0550 20220329
    1.1850 20220330
    1.1930 20220331
    1.2620 20220401
    1.3460 20220402
    1.7560 20220403
    1.6320 20220404
    3.7850 20220405
    3.1000 20220406
    2.6230 20220407
    2.4310 20220408
    2.3260 20220409
    2.2610 20220410
    2.2220 20220411
    2.1990 20220412
    2.1750 20220413
    2.1490 20220414
    2.1190 20220415
    2.0920 20220416
    2.0580 20220417
    2.0210 20220418
    1.9800 20220419
    2.0060 20220420
    1.9500 20220421
    0.7971 20220422
    0.7970 20220423
    0.7777 20220424
    0.5687 20220425
    0.4387 20220426
    0.3546 20220427
    0.3020 20220428
    0.2650 20220429
    0.2403 20220430
    0.2243 20220501
    0.2202 20220502
    0.2197 20220503
    0.2372 20220504
    0.2664 20220505
    0.3008 20220506
    0.3386 20220507
    0.3736 20220508
    0.4095 20220509
    0.4384 20220510
    0.4661 20220511
    0.4893 20220512
    0.5051 20220513
    0.5171 20220514
    0.5285 20220515
    0.5337 20220516
    0.5363 20220517
    0.5404 20220518
    0.5373 20220519
    0.5367 20220520
    0.4810 20220521
    0.4141 20220522
    0.3672 20220523
    0.3026 20220524
    0.2507 20220525
    0.2142 20220526
    0.1853 20220527
    0.1643 20220528
    0.1477 20220529
    0.1309 20220530
    0.1065 20220531
    0.0896 20220601
    0.0758 20220602
    0.0651 20220603
    0.0564 20220604
    0.0491 20220605
    0.0429 20220606
    0.0362 20220607
    0.0328 20220608
    0.0290 20220609
    0.0260 20220610
    0.0232 20220611
    0.0210 20220612
    0.0200 20220613
    0.0187 20220614
    0.0165 20220615
    0.0158 20220616
    0.0140 20220617
    0.0131 20220618
    0.0124 20220619
    0.0112 20220620
    0.0105 20220621
    0.0096 20220622
    0.0088 20220623
    0.0084 20220624
    0.0078 20220625
    0.0075 20220626
    0.0070 20220627
    0.0069 20220628
    0.0059 20220629
    0.0058 20220630
    0.0054 20220701
    0.0057 20220702
    0.0058 20220703
    0.0051 20220704
    0.0045 20220705
    0.0039 20220706
    0.0040 20220707
    0.0038 20220708
    0.0040 20220709
    0.0035 20220710
    0.0039 20220711
    0.0038 20220712
    0.0035 20220713
    0.0033 20220714
    0.0035 20220715
    0.0032 20220716
    0.0029 20220717
    0.0026 20220718
    0.0023 20220719
    0.0028 20220720
    0.0025 20220721
    0.0021 20220722
    0.0026 20220723
    0.0020 20220724
    0.0025 20220725
    0.0022 20220726
    0.0019 20220727
    0.0018 20220728
    0.0018 20220729
    0.0016 20220730
    0.0021 20220731
    0.0014 20220801
    0.0015 20220802
    0.0014 20220803
    0.0014 20220804
    0.0014 20220805
    0.0014 20220806
    0.0018 20220807
    0.0025 20220808
    0.0022 20220809
    0.0022 20220810
    0.0018 20220811
    0.0019 20220812
    0.0021 20220813
    0.0021 20220814
    0.0019 20220815
    0.0017 20220816
    0.0016 20220817
    0.0016 20220818
    0.0015 20220819
    0.0019 20220820
    0.0017 20220821
    0.0015 20220822
    0.0014 20220823
    0.0012 20220824
    0.0011 20220825
    0.0011 20220826
    0.0013 20220827
    0.0012 20220828
    0.0010 20220829
    0.0014 20220830
    0.0012 20220831
    0.0011 20220901
    0.0010 20220902
    0.0010 20220903
    0.0010 20220904
    0.0009 20220905
    0.0008 20220906
    0.0007 20220907
    0.0007 20220908
    0.0007 20220909
    0.0007 20220910
    0.0006 20220911
    0.0006 20220912
    0.0006 20220913
    0.0005 20220914
    0.0005 20220915
    0.0009 20220916
    0.0008 20220917
    0.0007 20220918
    0.0004 20220919
    0.0007 20220920
    0.0006 20220921
    0.0006 20220922
    0.0004 20220923
    0.0004 20220924
    5.8190 20220925
    3.4740 20220926
    2.0290 20220927
    0.8505 20220928
    0.7288 20220929
    0.6279 20220930
    0.5344 20221001
    0.4519 20221002
    0.3756 20221003
    0.3149 20221004
    0.2591 20221005
    0.2916 20221006
    0.3192 20221007
    0.3333 20221008
    0.3288 20221009
    0.3033 20221010
    0.2728 20221011
    0.2375 20221012
    0.2053 20221013
    0.1719 20221014
    0.1473 20221015
    0.1256 20221016
    0.1056 20221017
    0.0888 20221018
    0.0777 20221019
    0.0652 20221020
    0.0576 20221021
    0.0490 20221022
    0.0435 20221023
    0.0375 20221024
    0.0343 20221025
    0.0296 20221026
    0.0279 20221027
    0.0241 20221028
    0.0216 20221029
    0.0196 20221030
    0.0173 20221031
    0.0165 20221101
    0.0148 20221102
    0.0130 20221103
    0.0132 20221104
    0.0120 20221105
    0.0117 20221106
    0.0097 20221107
    0.0098 20221108
    0.0093 20221109
    0.0079 20221110
    0.0073 20221111
    0.0078 20221112
    0.0066 20221113
    0.0063 20221114
    0.0062 20221115
    0.0062 20221116
    0.0054 20221117
    0.0051 20221118
    0.0058 20221119
    0.0076 20221120
    0.0091 20221121
    0.0101 20221122
    0.0119 20221123
    0.0139 20221124
    0.0158 20221125
    0.0178 20221126
    0.0192 20221127
    0.0198 20221128
    0.0212 20221129
    0.0222 20221130
    0.0233 20221201
    0.0214 20221202
    0.0173 20221203
    0.0155 20221204
    0.0132 20221205
    0.0135 20221206
    0.0120 20221207
    0.0110 20221208
    0.0089 20221209
    0.0076 20221210
    0.0075 20221211
    0.0072 20221212
    0.0061 20221213
    0.0053 20221214
    0.0058 20221215
    0.0057 20221216
    0.0053 20221217
    0.0044 20221218
    0.0042 20221219
    0.0042 20221220
    0.0036 20221221
    0.0037 20221222
    0.0028 20221223
    0.0032 20221224
    0.0027 20221225
    0.0032 20221226
    0.0028 20221227
    0.0025 20221228
    0.0024 20221229
    0.0024 20221230
    0.0022 20221231
    0.0027 20230101
    0.0025 20230102
    0.0021 20230103
    0.0020 20230104
    0.0018 20230105
    0.0017 20230106
    0.0014 20230107
    0.0014 20230108
    0.0013 20230109
    0.0017 20230110
    0.0014 20230111
    0.0013 20230112
    0.0013 20230113
    0.0011 20230114
    0.0012 20230115
    0.0012 20230116
    0.0014 20230117
    0.0015 20230118
    0.0017 20230119
    0.0018 20230120
    0.0016 20230121
    0.0019 20230122
    0.0017 20230123
    0.0021 20230124
    0.0020 20230125
    0.0021 20230126
    0.0020 20230127
    0.0019 20230128
    0.0025 20230129
    0.0022 20230130
    0.0026 20230131
    0.0023 20230201
    0.0022 20230202
    0.0021 20230203
    0.0020 20230204
    0.0021 20230205
    0.0019 20230206
    0.0021 20230207
    0.0025 20230208
    0.0027 20230209
    0.0025 20230210
    0.0024 20230211
    0.0024 20230212
    0.0028 20230213
    0.0027 20230214
    0.0027 20230215
    0.0027 20230216
    0.0027 20230217
    0.0027 20230218
    0.0026 20230219
    0.0027 20230220
    0.0027 20230221
    0.0026 20230222
    0.0026 20230223
    0.0025 20230224
    0.0027 20230225
    0.0022 20230226
    0.0024 20230227
    0.0021 20230228
    0.0025 20230301
    0.0022 20230302
    0.0020 20230303
    0.0019 20230304
    0.0023 20230305
    0.0020 20230306
    0.0021 20230307
    0.0019 20230308
    0.0020 20230309
    0.0020 20230310
    0.0018 20230311
    0.0022 20230312
    0.0020 20230313
    0.0018 20230314
    0.0017 20230315
    0.0020 20230316
    0.0018 20230317
    0.0016 20230318
    0.0014 20230319
    0.0013 20230320
    0.0012 20230321
    0.0011 20230322
    0.0014 20230323
    0.0012 20230324
    0.0011 20230325
    0.0011 20230326
    0.0014 20230327
    0.0012 20230328
    0.0012 20230329
    0.0010 20230330
    0.0009 20230331
    0.0009 20230401
    0.0009 20230402
    0.0009 20230403
    0.0008 20230404
    0.0007 20230405
    0.0007 20230406
    0.0007 20230407
    0.0007 20230408
    0.0006 20230409
    0.0006 20230410
    0.0006 20230411
    0.0008 20230412
    0.0008 20230413
    0.0008 20230414
    0.0007 20230415
    0.0008 20230416
    0.0008 20230417
    0.0008 20230418
    0.0007 20230419
    0.0006 20230420
    0.0006 20230421
    0.0006 20230422
    0.0006 20230423
    0.0005 20230424
    0.0005 20230425
    0.0005 20230426
    0.0004 20230427
    0.0008 20230428
    0.0010 20230429
    0.0007 20230430
    0.0008 20230501
    0.0008 20230502
    0.0008 20230503
    0.0007 20230504
    0.0009 20230505
    0.0008 20230506
    0.0008 20230507
    0.0010 20230508
    0.0204 20230509
    0.1243 20230510
    0.1596 20230511
    0.1577 20230512
    0.1379 20230513
    0.1156 20230514
    0.0946 20230515
    0.0884 20230516
    0.0731 20230517
    0.0593 20230518
    0.3393 20230519
    0.5518 20230520
    0.5523 20230521
    0.5283 20230522
    2.1140 20230523
    1.0780 20230524
    0.7757 20230525
    0.6706 20230526
    0.5731 20230527
    0.4966 20230528
    0.4232 20230529
    0.3639 20230530
    0.3025 20230531
    0.2516 20230601
    0.2104 20230602
    0.1728 20230603
    0.1464 20230604
    0.1234 20230605
    0.1037 20230606
    0.0861 20230607
    0.0761 20230608
    0.0620 20230609
    0.0553 20230610
    0.0488 20230611
    0.0420 20230612
    0.0373 20230613
    0.0329 20230614
    0.0297 20230615
    0.0269 20230616
    0.0233 20230617
    0.0217 20230618
    0.0207 20230619
    0.0181 20230620
    0.0160 20230621
    0.0147 20230622
    0.0140 20230623
    0.0122 20230624
    0.0123 20230625
    0.0120 20230626
    0.0099 20230627
    0.0095 20230628
    0.0093 20230629
    0.0083 20230630
    0.0082 20230701
    0.0076 20230702
    0.0072 20230703
    0.0074 20230704
    0.0063 20230705
    0.0062 20230706
    0.0059 20230707
    0.0052 20230708
    0.0051 20230709
    0.0051 20230710
    0.0054 20230711
    0.0044 20230712
    0.0045 20230713
    0.0038 20230714
    0.0039 20230715
    0.0036 20230716
    0.0040 20230717
    0.0041 20230718
    0.0039 20230719
    0.0034 20230720
    0.0038 20230721
    0.0033 20230722
    0.0028 20230723
    0.0025 20230724
    0.0029 20230725
    0.0023 20230726
    0.0027 20230727
    0.0024 20230728
    0.0022 20230729
    0.0025 20230730
    0.0022 20230731
    0.0022 20230801
    0.0020 20230802
    0.0022 20230803
    0.0021 20230804
    0.0019 20230805
    0.0018 20230806
    0.0017 20230807
    0.0016 20230808
    0.0017 20230809
    0.0015 20230810
    0.0014 20230811
    0.0016 20230812
    0.0015 20230813
    0.0014 20230814
    0.0013 20230815
    0.0017 20230816
    0.0122 20230817
    0.0180 20230818
    0.0211 20230819
    0.0219 20230820
    0.0234 20230821
    0.0215 20230822
    0.0194 20230823
    0.0173 20230824
    0.0148 20230825
    0.0135 20230826
    0.0107 20230827
    0.0106 20230828
    0.0088 20230829
    0.0088 20230830
    0.0069 20230831
    0.0067 20230901
    0.0068 20230902
    0.0072 20230903
    0.0068 20230904
    0.0068 20230905
    0.0062 20230906
    0.0061 20230907
    0.0063 20230908
    0.0062 20230909
    0.0056 20230910
    0.0050 20230911
    0.0055 20230912
    0.0048 20230913
    0.0052 20230914
    0.0044 20230915
    0.0042 20230916
    0.0043 20230917
    0.0040 20230918
    0.0035 20230919
    0.0035 20230920
    0.0038 20230921
    0.0036 20230922
    0.0036 20230923
    0.0034 20230924
    0.0030 20230925
    0.0026 20230926
    0.0023 20230927
    0.0025 20230928
    0.0023 20230929
    0.0026 20230930
    0.0023 20231001
    0.0025 20231002
    0.0023 20231003
    0.0021 20231004
    0.0019 20231005
    0.0022 20231006
    0.0020 20231007
    0.0019 20231008
    0.0017 20231009
    0.0015 20231010
    0.0015 20231011
    0.0015 20231012
    0.0019 20231013
    0.0017 20231014
    0.0015 20231015
    0.0016 20231016
    0.0015 20231017
    0.0013 20231018
    0.0012 20231019
    0.0011 20231020
    0.0010 20231021
    0.0013 20231022
    0.0012 20231023
    0.0010 20231024
    0.0014 20231025
    0.0012 20231026
    0.0012 20231027
    0.0010 20231028
    0.0009 20231029
    0.0008 20231030
    0.0008 20231031
    0.0011 20231101
    0.0011 20231102
    0.0010 20231103
    0.0009 20231104
    0.0009 20231105
    0.0015 20231106
    0.0016 20231107
    0.0012 20231108
    0.0014 20231109
    0.0011 20231110
    0.0009 20231111
    0.0012 20231112
    0.0009 20231113
    0.0012 20231114
    0.0011 20231115
    0.0010 20231116
    0.0009 20231117
    0.0008 20231118
    0.0011 20231119
    0.0010 20231120
    0.0009 20231121
    0.0008 20231122
    0.0007 20231123
    0.0007 20231124
    0.0006 20231125
    0.0008 20231126
    0.0008 20231127
    0.0008 20231128
    0.0007 20231129
    0.0007 20231130
    0.0006 20231201
    0.0005 20231202
    0.0005 20231203
    0.0005 20231204
    0.0005 20231205
    0.0008 20231206
    0.0006 20231207
    0.0007 20231208
    0.0006 20231209
    0.0006 20231210
    0.0006 20231211
    0.0006 20231212
    0.0006 20231213
    0.0005 20231214
    0.0005 20231215
    0.0005 20231216
    0.0004 20231217
    0.0005 20231218
    0.0004 20231219
    0.0004 20231220
    0.0007 20231221
    0.0006 20231222
    0.0006 20231223
    0.0005 20231224
    0.0005 20231225
    0.0005 20231226
    0.0005 20231227
    0.0004 20231228
    0.0004 20231229
    0.0004 20231230
    0.0003 20231231
