    0.0050 20030101
    0.0045 20030102
    0.0042 20030103
    0.0037 20030104
    0.0034 20030105
    0.0031 20030106
    0.0030 20030107
    0.0027 20030108
    0.0024 20030109
    3.9730 20030110
    0.3006 20030111
    1.2120 20030112
    0.2036 20030113
    0.1501 20030114
    0.1169 20030115
    0.0967 20030116
    0.0814 20030117
    0.0761 20030118
    0.0631 20030119
    0.0615 20030120
    0.0543 20030121
    0.0446 20030122
    0.0358 20030123
    0.0287 20030124
    0.0229 20030125
    0.0184 20030126
    0.0158 20030127
    0.0146 20030128
    0.0134 20030129
    0.0122 20030130
    0.0110 20030131
    0.0121 20030201
    0.0112 20030202
    0.0102 20030203
    0.0094 20030204
    0.0087 20030205
    0.0080 20030206
    0.0075 20030207
    0.0070 20030208
    0.0065 20030209
    0.0060 20030210
    0.0056 20030211
    0.0052 20030212
    0.1662 20030213
    0.0101 20030214
    0.0078 20030215
    0.0261 20030216
    0.0064 20030217
    0.0114 20030218
    0.0054 20030219
    0.0055 20030220
    0.0050 20030221
    0.0047 20030222
    0.0044 20030223
    0.0041 20030224
    0.2610 20030225
    0.0140 20030226
    0.0066 20030227
    0.0060 20030228
    0.0091 20030301
    0.0085 20030302
    0.0077 20030303
    0.0071 20030304
    0.0065 20030305
    0.0060 20030306
    0.0057 20030307
    0.0053 20030308
    0.0050 20030309
    0.0046 20030310
    0.0044 20030311
    0.0041 20030312
    0.0039 20030313
    0.0037 20030314
    0.0036 20030315
    0.0129 20030316
    0.0034 20030317
    0.0033 20030318
    0.0031 20030319
    0.0031 20030320
    0.0029 20030321
    0.0027 20030322
    0.0028 20030323
    0.0026 20030324
    0.0025 20030325
    0.0026 20030326
    0.0098 20030327
    0.0027 20030328
    0.0158 20030329
    0.0027 20030330
    0.0023 20030331
    0.0033 20030401
    0.0031 20030402
    0.0029 20030403
    0.0028 20030404
    0.0027 20030405
    0.0024 20030406
    0.0024 20030407
    0.0022 20030408
    0.0022 20030409
    0.0020 20030410
    0.0021 20030411
    0.0019 20030412
    0.0018 20030413
    0.0019 20030414
    0.0663 20030415
    0.1765 20030416
    0.0089 20030417
    0.0043 20030418
    0.0374 20030419
    0.0047 20030420
    0.0035 20030421
    0.0033 20030422
    0.0032 20030423
    0.0028 20030424
    0.0027 20030425
    0.0027 20030426
    0.0025 20030427
    0.0022 20030428
    0.0023 20030429
    0.0021 20030430
    0.0049 20030501
    0.0044 20030502
    0.0042 20030503
    0.0039 20030504
    0.0075 20030505
    0.2396 20030506
    0.0103 20030507
    0.1249 20030508
    0.0094 20030509
    0.0058 20030510
    0.0054 20030511
    0.0050 20030512
    0.0046 20030513
    0.0041 20030514
    0.0039 20030515
    0.0036 20030516
    0.0033 20030517
    0.0031 20030518
    0.0030 20030519
    0.0029 20030520
    0.0025 20030521
    0.0025 20030522
    0.0023 20030523
    0.0023 20030524
    0.0021 20030525
    0.0019 20030526
    0.0020 20030527
    0.0019 20030528
    0.0018 20030529
    0.0017 20030530
    0.0018 20030531
    0.0037 20030601
    0.0033 20030602
    0.0031 20030603
    0.0028 20030604
    0.0026 20030605
    0.0024 20030606
    0.0023 20030607
    0.0022 20030608
    0.0021 20030609
    0.0019 20030610
    0.0019 20030611
    0.0017 20030612
    0.0017 20030613
    0.0016 20030614
    0.0015 20030615
    0.0013 20030616
    0.0015 20030617
    0.0014 20030618
    0.0013 20030619
    0.0012 20030620
    0.0011 20030621
    0.0013 20030622
    0.0012 20030623
    0.0012 20030624
    0.0011 20030625
    0.0010 20030626
    0.0010 20030627
    0.0010 20030628
    0.0009 20030629
    0.0009 20030630
    0.0038 20030701
    0.0035 20030702
    0.0032 20030703
    0.0029 20030704
    0.0027 20030705
    0.0025 20030706
    0.0022 20030707
    0.0022 20030708
    0.0020 20030709
    0.0018 20030710
    0.0017 20030711
    0.0016 20030712
    0.0014 20030713
    0.0014 20030714
    0.0014 20030715
    0.0012 20030716
    0.0011 20030717
    0.0012 20030718
    0.0011 20030719
    0.0010 20030720
    0.0010 20030721
    0.0010 20030722
    0.0009 20030723
    0.0009 20030724
    0.0008 20030725
    0.0009 20030726
    0.0009 20030727
    0.0008 20030728
    0.0008 20030729
    0.0007 20030730
    0.0007 20030731
    0.0014 20030801
    0.0013 20030802
    0.0013 20030803
    0.0011 20030804
    0.0011 20030805
    0.0009 20030806
    0.0010 20030807
    0.0008 20030808
    0.0009 20030809
    0.0008 20030810
    0.0007 20030811
    0.0008 20030812
    0.0007 20030813
    0.0007 20030814
    0.0006 20030815
    0.0006 20030816
    0.0006 20030817
    0.0007 20030818
    0.0006 20030819
    0.0006 20030820
    0.0006 20030821
    0.0005 20030822
    0.0005 20030823
    0.0005 20030824
    0.0005 20030825
    0.0005 20030826
    0.0004 20030827
    0.0004 20030828
    0.0004 20030829
    0.0005 20030830
    0.0005 20030831
    0.0006 20030901
    0.0006 20030902
    0.0005 20030903
    0.0037 20030904
    0.0006 20030905
    0.0005 20030906
    0.0005 20030907
    0.0005 20030908
    0.0005 20030909
    0.0004 20030910
    0.0004 20030911
    0.0004 20030912
    0.0005 20030913
    0.0005 20030914
    0.0005 20030915
    0.0004 20030916
    0.0004 20030917
    0.0004 20030918
    0.0004 20030919
    0.0004 20030920
    0.0004 20030921
    0.0003 20030922
    0.0003 20030923
    0.0003 20030924
    0.0003 20030925
    0.0003 20030926
    0.0003 20030927
    0.0003 20030928
    0.0003 20030929
    0.0003 20030930
    0.0003 20031001
    0.0003 20031002
    0.0003 20031003
    0.0003 20031004
    0.0003 20031005
    0.4330 20031006
    0.0895 20031007
    0.0241 20031008
    0.0155 20031009
    0.0126 20031010
    0.0112 20031011
    0.0093 20031012
    0.0079 20031013
    0.0456 20031014
    0.0079 20031015
    0.4362 20031016
    0.5391 20031017
    0.0595 20031018
    0.0464 20031019
    0.0396 20031020
    0.0368 20031021
    0.0363 20031022
    0.0291 20031023
    0.0235 20031024
    0.0185 20031025
    0.0159 20031026
    0.0818 20031027
    0.0147 20031028
    0.0128 20031029
    0.0114 20031030
    0.0102 20031031
    0.0101 20031101
    0.0092 20031102
    0.0082 20031103
    0.0074 20031104
    0.0068 20031105
    0.0060 20031106
    0.0055 20031107
    0.0052 20031108
    0.0048 20031109
    0.0043 20031110
    0.0040 20031111
    0.0036 20031112
    0.0033 20031113
    0.0032 20031114
    0.0386 20031115
    0.0277 20031116
    0.1913 20031117
    6.5920 20031118
    0.8121 20031119
    0.3252 20031120
    0.2196 20031121
    0.1700 20031122
    0.1366 20031123
    0.1155 20031124
    0.1573 20031125
    0.0952 20031126
    0.0811 20031127
    0.0719 20031128
    0.0695 20031129
    0.0619 20031130
    0.0564 20031201
    0.0569 20031202
    0.0471 20031203
    0.0384 20031204
    0.0308 20031205
    0.0251 20031206
    0.0202 20031207
    0.0166 20031208
    0.5429 20031209
    0.3235 20031210
    0.0568 20031211
    0.0471 20031212
    0.0403 20031213
    0.0368 20031214
    0.0344 20031215
    0.0279 20031216
    0.0226 20031217
    0.0182 20031218
    0.0160 20031219
    0.0146 20031220
    0.0135 20031221
    0.0125 20031222
    0.0115 20031223
    0.0104 20031224
    0.0096 20031225
    0.0089 20031226
    0.0082 20031227
    0.0077 20031228
    0.0072 20031229
    0.0067 20031230
    0.0064 20031231
    0.0083 20040101
    0.0078 20040102
    0.0072 20040103
    0.0068 20040104
    0.0064 20040105
    0.0059 20040106
    0.0055 20040107
    0.0052 20040108
    0.0050 20040109
    0.0047 20040110
    0.0046 20040111
    0.0044 20040112
    0.0042 20040113
    0.0040 20040114
    0.0039 20040115
    0.0036 20040116
    0.0036 20040117
    0.0035 20040118
    0.0033 20040119
    0.0033 20040120
    0.0031 20040121
    0.0031 20040122
    0.0030 20040123
    0.0028 20040124
    0.0028 20040125
    0.0027 20040126
    0.0026 20040127
    0.0081 20040128
    0.0027 20040129
    0.0024 20040130
    0.0025 20040131
    0.0043 20040201
    0.0040 20040202
    0.0037 20040203
    0.0034 20040204
    0.0032 20040205
    0.0030 20040206
    0.0028 20040207
    0.0028 20040208
    0.0026 20040209
    0.0025 20040210
    0.0023 20040211
    0.0022 20040212
    0.0022 20040213
    0.0020 20040214
    0.0020 20040215
    0.0019 20040216
    0.0019 20040217
    0.0018 20040218
    0.0018 20040219
    0.0226 20040220
    0.0026 20040221
    0.0020 20040222
    0.0019 20040223
    0.0018 20040224
    0.0021 20040225
    0.0503 20040226
    0.0041 20040227
    0.0024 20040228
    0.0022 20040229
    0.0046 20040301
    0.0042 20040302
    0.0038 20040303
    0.0036 20040304
    0.0034 20040305
    0.0031 20040306
    0.0029 20040307
    0.0027 20040308
    0.0026 20040309
    0.0024 20040310
    0.0023 20040311
    0.0023 20040312
    0.0710 20040313
    0.0231 20040314
    0.0088 20040315
    0.0030 20040316
    0.0028 20040317
    0.0027 20040318
    0.0027 20040319
    0.0024 20040320
    0.0025 20040321
    0.0023 20040322
    0.0021 20040323
    0.0022 20040324
    0.0021 20040325
    1.3660 20040326
    0.1827 20040327
    0.1030 20040328
    0.1372 20040329
    0.0600 20040330
    0.0497 20040331
    0.0435 20040401
    0.0324 20040402
    0.0288 20040403
    0.0220 20040404
    0.0174 20040405
    0.0154 20040406
    0.0142 20040407
    0.0128 20040408
    0.1866 20040409
    0.0221 20040410
    1.3160 20040411
    0.1259 20040412
    0.0839 20040413
    0.0660 20040414
    1.6580 20040415
    3.5270 20040416
    0.4215 20040417
    0.2895 20040418
    0.2091 20040419
    0.1569 20040420
    0.1251 20040421
    0.0916 20040422
    0.0684 20040423
    0.0578 20040424
    0.0448 20040425
    0.0351 20040426
    0.0280 20040427
    0.1013 20040428
    0.0250 20040429
    0.0195 20040430
    0.0183 20040501
    0.0160 20040502
    0.1678 20040503
    0.0186 20040504
    0.0150 20040505
    0.0138 20040506
    0.0126 20040507
    0.0116 20040508
    0.0108 20040509
    0.0196 20040510
    0.2506 20040511
    0.0152 20040512
    0.0116 20040513
    0.0107 20040514
    0.0098 20040515
    0.0092 20040516
    0.0085 20040517
    0.0077 20040518
    0.0076 20040519
    0.0071 20040520
    0.0094 20040521
    0.0929 20040522
    0.0082 20040523
    0.0067 20040524
    0.0064 20040525
    0.0058 20040526
    0.0056 20040527
    0.0053 20040528
    0.0050 20040529
    0.0048 20040530
    0.0046 20040531
    0.0057 20040601
    0.0054 20040602
    0.0049 20040603
    0.0048 20040604
    0.0044 20040605
    0.0042 20040606
    0.0042 20040607
    0.0038 20040608
    0.0037 20040609
    0.0036 20040610
    0.0035 20040611
    0.0033 20040612
    0.0032 20040613
    0.4250 20040614
    0.0239 20040615
    0.0138 20040616
    0.0110 20040617
    0.0100 20040618
    0.0073 20040619
    0.0058 20040620
    0.0048 20040621
    0.0044 20040622
    0.0039 20040623
    0.0037 20040624
    0.0036 20040625
    0.0033 20040626
    0.0034 20040627
    0.0031 20040628
    0.0032 20040629
    0.0030 20040630
    0.0061 20040701
    0.0055 20040702
    0.0051 20040703
    0.0047 20040704
    0.0043 20040705
    0.0040 20040706
    0.0038 20040707
    0.0034 20040708
    0.0034 20040709
    0.0031 20040710
    0.0030 20040711
    0.0028 20040712
    0.0025 20040713
    0.0025 20040714
    0.0024 20040715
    0.0022 20040716
    0.0022 20040717
    0.0021 20040718
    0.0019 20040719
    0.0020 20040720
    0.0019 20040721
    0.0018 20040722
    0.0018 20040723
    0.0017 20040724
    0.0016 20040725
    0.0016 20040726
    0.0017 20040727
    0.0016 20040728
    0.0015 20040729
    0.0014 20040730
    0.0014 20040731
    0.0021 20040801
    0.0019 20040802
    0.0018 20040803
    0.0018 20040804
    0.0017 20040805
    0.0015 20040806
    0.0015 20040807
    0.0014 20040808
    0.0014 20040809
    0.0013 20040810
    0.0012 20040811
    0.0012 20040812
    0.0012 20040813
    0.0012 20040814
    0.0011 20040815
    0.0010 20040816
    0.0010 20040817
    0.0011 20040818
    0.0010 20040819
    0.0010 20040820
    0.0009 20040821
    0.0009 20040822
    0.0008 20040823
    0.0008 20040824
    0.0008 20040825
    0.0009 20040826
    0.0009 20040827
    0.0008 20040828
    0.0008 20040829
    0.0008 20040830
    0.0007 20040831
    0.0010 20040901
    0.0009 20040902
    0.0008 20040903
    0.0008 20040904
    0.0007 20040905
    0.0008 20040906
    0.0008 20040907
    0.0007 20040908
    0.0007 20040909
    0.0007 20040910
    0.0006 20040911
    0.0006 20040912
    0.0006 20040913
    0.0007 20040914
    0.0007 20040915
    0.0006 20040916
    0.0006 20040917
    0.0006 20040918
    0.0006 20040919
    0.0005 20040920
    0.0005 20040921
    0.0005 20040922
    0.0005 20040923
    0.0005 20040924
    0.0004 20040925
    0.0004 20040926
    0.0004 20040927
    0.0004 20040928
    0.0005 20040929
    0.0005 20040930
    0.0004 20041001
    0.0004 20041002
    0.0005 20041003
    0.0005 20041004
    0.0005 20041005
    0.0005 20041006
    0.0004 20041007
    0.0004 20041008
    0.0004 20041009
    0.0004 20041010
    0.0004 20041011
    0.0004 20041012
    0.0004 20041013
    0.0004 20041014
    0.0003 20041015
    0.0003 20041016
    0.0003 20041017
    0.0003 20041018
    0.0003 20041019
    0.0003 20041020
    0.0003 20041021
    0.0003 20041022
    0.0003 20041023
    0.0003 20041024
    0.0029 20041025
    0.0003 20041026
    0.0002 20041027
    0.0004 20041028
    0.0004 20041029
    0.0003 20041030
    0.0003 20041031
    0.0013 20041101
    0.0013 20041102
    0.0012 20041103
    0.0031 20041104
    0.0011 20041105
    0.0578 20041106
    0.0043 20041107
    0.0021 20041108
    0.0020 20041109
    0.0019 20041110
    0.0017 20041111
    0.0053 20041112
    0.0015 20041113
    0.0013 20041114
    0.0013 20041115
    0.0011 20041116
    0.0011 20041117
    0.0010 20041118
    0.0011 20041119
    0.0010 20041120
    0.0009 20041121
    0.0008 20041122
    0.0009 20041123
    0.0008 20041124
    0.0008 20041125
    0.0007 20041126
    0.0007 20041127
    0.0006 20041128
    0.0006 20041129
    0.0043 20041130
    0.0032 20041201
    0.0022 20041202
    0.3142 20041203
    1.6800 20041204
    2.2980 20041205
    0.2730 20041206
    0.1778 20041207
    0.1510 20041208
    0.1199 20041209
    0.1020 20041210
    0.1022 20041211
    0.0838 20041212
    0.0736 20041213
    0.0665 20041214
    0.0646 20041215
    0.0583 20041216
    0.0539 20041217
    0.0446 20041218
    0.0363 20041219
    0.0292 20041220
    0.3247 20041221
    1.1230 20041222
    0.1320 20041223
    0.0951 20041224
    0.0779 20041225
    0.0629 20041226
    0.0527 20041227
    0.0473 20041228
    0.0372 20041229
    0.0328 20041230
    0.0260 20041231
    0.0213 20050101
    0.0210 20050102
    0.0220 20050103
    0.0156 20050104
    0.0144 20050105
    0.0132 20050106
    0.0123 20050107
    0.0115 20050108
    0.0105 20050109
    0.0098 20050110
    0.0090 20050111
    0.0085 20050112
    0.0079 20050113
    0.0074 20050114
    0.0069 20050115
    0.0066 20050116
    0.0063 20050117
    0.0060 20050118
    0.0058 20050119
    0.0054 20050120
    0.0051 20050121
    0.0051 20050122
    0.0049 20050123
    0.0047 20050124
    0.0044 20050125
    0.0043 20050126
    0.0041 20050127
    0.0041 20050128
    0.0038 20050129
    0.0117 20050130
    0.0039 20050131
    0.0060 20050201
    0.0057 20050202
    0.0052 20050203
    0.0050 20050204
    0.0771 20050205
    0.0075 20050206
    0.0057 20050207
    0.0053 20050208
    0.3957 20050209
    0.9234 20050210
    0.0947 20050211
    0.0681 20050212
    0.0547 20050213
    0.0464 20050214
    0.0450 20050215
    0.0339 20050216
    0.0266 20050217
    0.0244 20050218
    0.0194 20050219
    0.0161 20050220
    0.0148 20050221
    0.0136 20050222
    0.0126 20050223
    0.0115 20050224
    0.0401 20050225
    0.0107 20050226
    0.0316 20050227
    0.1923 20050228
    0.1205 20050301
    0.0322 20050302
    0.0298 20050303
    0.1181 20050304
    0.0359 20050305
    0.0284 20050306
    0.0227 20050307
    0.0182 20050308
    0.0171 20050309
    0.0155 20050310
    0.0142 20050311
    0.0131 20050312
    0.0120 20050313
    0.0111 20050314
    0.0353 20050315
    0.0103 20050316
    0.0092 20050317
    0.0085 20050318
    0.0078 20050319
    0.0074 20050320
    0.0068 20050321
    0.0064 20050322
    0.0059 20050323
    0.0058 20050324
    0.0053 20050325
    0.0051 20050326
    0.0048 20050327
    0.0048 20050328
    0.0045 20050329
    0.0043 20050330
    0.0042 20050331
    0.0043 20050401
    0.0084 20050402
    0.0041 20050403
    0.0039 20050404
    0.0037 20050405
    0.0034 20050406
    0.0034 20050407
    0.0147 20050408
    0.0222 20050409
    0.0040 20050410
    0.0033 20050411
    0.0031 20050412
    0.0031 20050413
    0.0029 20050414
    0.0030 20050415
    0.0028 20050416
    0.0026 20050417
    0.0027 20050418
    0.0026 20050419
    0.0024 20050420
    0.0023 20050421
    0.0024 20050422
    0.0023 20050423
    0.0022 20050424
    0.0021 20050425
    0.0022 20050426
    0.0021 20050427
    0.0020 20050428
    0.0019 20050429
    0.0018 20050430
    0.0030 20050501
    0.0029 20050502
    0.0026 20050503
    0.0026 20050504
    0.0024 20050505
    0.0023 20050506
    0.0020 20050507
    0.0019 20050508
    0.0019 20050509
    0.0017 20050510
    0.0017 20050511
    0.0016 20050512
    0.0016 20050513
    0.0015 20050514
    0.0014 20050515
    0.0015 20050516
    0.0014 20050517
    0.0013 20050518
    0.0012 20050519
    0.0012 20050520
    0.0013 20050521
    0.0012 20050522
    0.0011 20050523
    0.0011 20050524
    0.0010 20050525
    0.0010 20050526
    0.0011 20050527
    0.0011 20050528
    0.0010 20050529
    0.0010 20050530
    0.0059 20050531
    0.0020 20050601
    0.0018 20050602
    0.0018 20050603
    0.0016 20050604
    0.0014 20050605
    0.0013 20050606
    0.0013 20050607
    0.0012 20050608
    0.0012 20050609
    0.0010 20050610
    0.0011 20050611
    0.0010 20050612
    0.0009 20050613
    0.0010 20050614
    0.0009 20050615
    0.0008 20050616
    0.0008 20050617
    0.0009 20050618
    0.0008 20050619
    0.0008 20050620
    0.0007 20050621
    0.0007 20050622
    0.0007 20050623
    0.0006 20050624
    0.0006 20050625
    0.0006 20050626
    0.0007 20050627
    0.0007 20050628
    0.0006 20050629
    0.0006 20050630
    0.0021 20050701
    0.0019 20050702
    0.0018 20050703
    0.0016 20050704
    0.0015 20050705
    0.0014 20050706
    0.0012 20050707
    0.0012 20050708
    0.0011 20050709
    0.0010 20050710
    0.0010 20050711
    0.0009 20050712
    0.0008 20050713
    0.0008 20050714
    0.0007 20050715
    0.0007 20050716
    0.0007 20050717
    0.0007 20050718
    0.0006 20050719
    0.0007 20050720
    0.0006 20050721
    0.0006 20050722
    0.0005 20050723
    0.0005 20050724
    0.0005 20050725
    0.0005 20050726
    0.0005 20050727
    0.0005 20050728
    0.0005 20050729
    0.0005 20050730
    0.0004 20050731
    0.0008 20050801
    5.5250 20050802
    0.3974 20050803
    0.2543 20050804
    0.1753 20050805
    0.1296 20050806
    0.0955 20050807
    0.0770 20050808
    0.0584 20050809
    0.0528 20050810
    0.0306 20050811
    0.0263 20050812
    0.0197 20050813
    0.0161 20050814
    0.0146 20050815
    0.0133 20050816
    0.0120 20050817
    0.0110 20050818
    0.0099 20050819
    0.0092 20050820
    0.0083 20050821
    0.0075 20050822
    0.0070 20050823
    0.0064 20050824
    0.0060 20050825
    0.0055 20050826
    0.0050 20050827
    0.0048 20050828
    0.0045 20050829
    0.0042 20050830
    0.0039 20050831
    0.0039 20050901
    0.0037 20050902
    0.0034 20050903
    0.0032 20050904
    0.0031 20050905
    0.0030 20050906
    0.0769 20050907
    0.0056 20050908
    0.0038 20050909
    0.0034 20050910
    0.0034 20050911
    0.0029 20050912
    2.0350 20050913
    0.1924 20050914
    0.1208 20050915
    0.0854 20050916
    0.3731 20050917
    0.2972 20050918
    0.0548 20050919
    0.0466 20050920
    0.0446 20050921
    0.0350 20050922
    0.0274 20050923
    0.0219 20050924
    0.0174 20050925
    0.0155 20050926
    0.0142 20050927
    0.0128 20050928
    0.0116 20050929
    0.0104 20050930
    0.0095 20051001
    0.0086 20051002
    0.0077 20051003
    0.0071 20051004
    0.0066 20051005
    0.0059 20051006
    0.0055 20051007
    0.0050 20051008
    0.0048 20051009
    0.0042 20051010
    0.0040 20051011
    0.0091 20051012
    0.0036 20051013
    0.0034 20051014
    0.0033 20051015
    0.0030 20051016
    0.0029 20051017
    0.0025 20051018
    0.0025 20051019
    0.0026 20051020
    0.0023 20051021
    0.0023 20051022
    0.0021 20051023
    0.0021 20051024
    0.0020 20051025
    0.0018 20051026
    0.0017 20051027
    0.0019 20051028
    0.0017 20051029
    0.0016 20051030
    0.0016 20051031
    0.0039 20051101
    0.0035 20051102
    0.0033 20051103
    0.0029 20051104
    0.0028 20051105
    0.0025 20051106
    0.0024 20051107
    0.0022 20051108
    0.0021 20051109
    0.0020 20051110
    0.0390 20051111
    0.5974 20051112
    0.0595 20051113
    0.0525 20051114
    0.1075 20051115
    0.0332 20051116
    0.0228 20051117
    0.0193 20051118
    0.0154 20051119
    0.0140 20051120
    0.0126 20051121
    0.2108 20051122
    0.0247 20051123
    0.0168 20051124
    0.0149 20051125
    0.0133 20051126
    0.0121 20051127
    0.0108 20051128
    0.0099 20051129
    0.0088 20051130
    0.0096 20051201
    0.0086 20051202
    0.0079 20051203
    0.0071 20051204
    0.0065 20051205
    0.0059 20051206
    0.0054 20051207
    0.0050 20051208
    0.0047 20051209
    0.0041 20051210
    0.0039 20051211
    0.0035 20051212
    0.0033 20051213
    0.0031 20051214
    0.0031 20051215
    0.0028 20051216
    0.0025 20051217
    0.0446 20051218
    0.0197 20051219
    0.0039 20051220
    0.0231 20051221
    0.0039 20051222
    0.0032 20051223
    0.0029 20051224
    0.0027 20051225
    0.0026 20051226
    0.0022 20051227
    0.0227 20051228
    0.0029 20051229
    0.0021 20051230
    0.0019 20051231
    0.0068 20060101
    0.0061 20060102
    0.0056 20060103
    0.0050 20060104
    0.0046 20060105
    0.0475 20060106
    0.0173 20060107
    0.0118 20060108
    0.0051 20060109
    0.0956 20060110
    0.0087 20060111
    0.0061 20060112
    0.0057 20060113
    0.0051 20060114
    0.0046 20060115
    0.0043 20060116
    0.0040 20060117
    0.0038 20060118
    0.0035 20060119
    0.0032 20060120
    0.0030 20060121
    0.0029 20060122
    0.0326 20060123
    0.0039 20060124
    0.0026 20060125
    0.0023 20060126
    0.2360 20060127
    0.6137 20060128
    0.0609 20060129
    0.0449 20060130
    0.0414 20060131
    0.0366 20060201
    0.0310 20060202
    0.0675 20060203
    0.1034 20060204
    0.0353 20060205
    0.0323 20060206
    0.0291 20060207
    0.0238 20060208
    0.0191 20060209
    0.0162 20060210
    0.0148 20060211
    0.0326 20060212
    0.0129 20060213
    0.0116 20060214
    0.0105 20060215
    0.0097 20060216
    0.0088 20060217
    0.0082 20060218
    0.0075 20060219
    0.0069 20060220
    0.0065 20060221
    0.0060 20060222
    0.0057 20060223
    0.0052 20060224
    0.0050 20060225
    0.0099 20060226
    0.0045 20060227
    0.0042 20060228
    0.0056 20060301
    0.0051 20060302
    0.0048 20060303
    0.0045 20060304
    0.0042 20060305
    0.0041 20060306
    0.0039 20060307
    0.0037 20060308
    0.0035 20060309
    0.0032 20060310
    0.0032 20060311
    0.0031 20060312
    0.0029 20060313
    0.0027 20060314
    0.0027 20060315
    0.0026 20060316
    0.0026 20060317
    0.0025 20060318
    0.0024 20060319
    0.0024 20060320
    0.0023 20060321
    0.0022 20060322
    0.0021 20060323
    0.0022 20060324
    0.0021 20060325
    0.0020 20060326
    0.0019 20060327
    0.0018 20060328
    0.0019 20060329
    0.0018 20060330
    0.0017 20060331
    0.0021 20060401
    0.0020 20060402
    0.0018 20060403
    0.0018 20060404
    0.0017 20060405
    0.0017 20060406
    0.0016 20060407
    0.0015 20060408
    0.0015 20060409
    0.0015 20060410
    0.0014 20060411
    0.0013 20060412
    0.0014 20060413
    0.0013 20060414
    0.0012 20060415
    0.0012 20060416
    0.7657 20060417
    0.0616 20060418
    0.0379 20060419
    0.0245 20060420
    0.0183 20060421
    0.0816 20060422
    0.0133 20060423
    0.0117 20060424
    0.0099 20060425
    0.0086 20060426
    0.0076 20060427
    0.0291 20060428
    0.0071 20060429
    0.0062 20060430
    0.0076 20060501
    0.0229 20060502
    0.0591 20060503
    0.0814 20060504
    0.0098 20060505
    0.0083 20060506
    0.0074 20060507
    0.0071 20060508
    0.0062 20060509
    0.0056 20060510
    0.0051 20060511
    0.0045 20060512
    0.0044 20060513
    0.0042 20060514
    0.0039 20060515
    0.0034 20060516
    0.0033 20060517
    0.0030 20060518
    0.0028 20060519
    0.0027 20060520
    0.0024 20060521
    0.0024 20060522
    0.0021 20060523
    0.0022 20060524
    0.0020 20060525
    0.0018 20060526
    0.0019 20060527
    0.0018 20060528
    0.0017 20060529
    0.0016 20060530
    0.0784 20060531
    0.0068 20060601
    0.0046 20060602
    0.0041 20060603
    0.0038 20060604
    0.0034 20060605
    0.0032 20060606
    0.0029 20060607
    0.0027 20060608
    0.0025 20060609
    0.0024 20060610
    0.0021 20060611
    0.0021 20060612
    0.0021 20060613
    0.0018 20060614
    0.0017 20060615
    0.0017 20060616
    0.0016 20060617
    0.0015 20060618
    0.0016 20060619
    0.0015 20060620
    0.0014 20060621
    0.0013 20060622
    0.0012 20060623
    0.0014 20060624
    0.0013 20060625
    0.0012 20060626
    0.0012 20060627
    0.0011 20060628
    0.0010 20060629
    0.0010 20060630
    0.0036 20060701
    0.0034 20060702
    0.0030 20060703
    0.0028 20060704
    0.0026 20060705
    0.0023 20060706
    0.0022 20060707
    0.0020 20060708
    0.0019 20060709
    0.0018 20060710
    0.0017 20060711
    0.0015 20060712
    0.0015 20060713
    0.0013 20060714
    0.0013 20060715
    0.0012 20060716
    0.0011 20060717
    0.0012 20060718
    0.0011 20060719
    0.0010 20060720
    0.0009 20060721
    0.0010 20060722
    0.0010 20060723
    0.0009 20060724
    0.0008 20060725
    0.0008 20060726
    0.0008 20060727
    0.0007 20060728
    0.0009 20060729
    0.0008 20060730
    0.0008 20060731
    0.0014 20060801
    0.0012 20060802
    0.0012 20060803
    0.0011 20060804
    0.0010 20060805
    0.0010 20060806
    0.0009 20060807
    0.0035 20060808
    0.0008 20060809
    0.0008 20060810
    0.0007 20060811
    0.0007 20060812
    0.0006 20060813
    0.0007 20060814
    0.0007 20060815
    0.0006 20060816
    0.0006 20060817
    0.0006 20060818
    0.0005 20060819
    0.0005 20060820
    0.0005 20060821
    0.0005 20060822
    0.0006 20060823
    0.0006 20060824
    0.0006 20060825
    0.0005 20060826
    0.0005 20060827
    0.0005 20060828
    0.0005 20060829
    0.0005 20060830
    0.0004 20060831
    0.0006 20060901
    0.0006 20060902
    0.0005 20060903
    0.0005 20060904
    0.0005 20060905
    0.0004 20060906
    0.0005 20060907
    0.0005 20060908
    0.0005 20060909
    0.0005 20060910
    0.0004 20060911
    0.0189 20060912
    0.0018 20060913
    0.0278 20060914
    0.0026 20060915
    0.0006 20060916
    0.0005 20060917
    0.0005 20060918
    0.0005 20060919
    0.0005 20060920
    0.0005 20060921
    0.0007 20060922
    0.0006 20060923
    0.0006 20060924
    0.0006 20060925
    0.0006 20060926
    0.0006 20060927
    0.0005 20060928
    0.0005 20060929
    0.0005 20060930
    0.0006 20061001
    0.0006 20061002
    0.0005 20061003
    0.0005 20061004
    0.0005 20061005
    0.0005 20061006
    0.0005 20061007
    0.0005 20061008
    0.0005 20061009
    0.0004 20061010
    0.0004 20061011
    0.0004 20061012
    0.0004 20061013
    0.0004 20061014
    0.0004 20061015
    0.0004 20061016
    0.0003 20061017
    0.0003 20061018
    0.0003 20061019
    0.0003 20061020
    0.0003 20061021
    0.0003 20061022
    0.0003 20061023
    0.0003 20061024
    0.0003 20061025
    0.0003 20061026
    0.0003 20061027
    0.0003 20061028
    0.0003 20061029
    0.0002 20061030
    0.0002 20061031
    0.0018 20061101
    0.0317 20061102
    0.8540 20061103
    0.0719 20061104
    0.0483 20061105
    0.0397 20061106
    0.2529 20061107
    0.0411 20061108
    0.0364 20061109
    0.0360 20061110
    0.0292 20061111
    0.0233 20061112
    0.0185 20061113
    0.0158 20061114
    0.0144 20061115
    0.0130 20061116
    0.0117 20061117
    0.0108 20061118
    0.0098 20061119
    0.0087 20061120
    0.0078 20061121
    0.0071 20061122
    0.0064 20061123
    0.0058 20061124
    0.0053 20061125
    0.0048 20061126
    0.0044 20061127
    0.0043 20061128
    0.0040 20061129
    0.4334 20061130
    1.3060 20061201
    0.1288 20061202
    0.0909 20061203
    0.0743 20061204
    0.0614 20061205
    0.0544 20061206
    0.0490 20061207
    0.0424 20061208
    0.0381 20061209
    0.0302 20061210
    0.0239 20061211
    0.0193 20061212
    0.0163 20061213
    0.0149 20061214
    0.0135 20061215
    0.0124 20061216
    0.0113 20061217
    0.0104 20061218
    0.0095 20061219
    0.0086 20061220
    0.0080 20061221
    0.0116 20061222
    0.0113 20061223
    0.0064 20061224
    0.0061 20061225
    0.0056 20061226
    0.0052 20061227
    0.0050 20061228
    0.0047 20061229
    0.0045 20061230
    0.0041 20061231
    0.0078 20070101
    0.0071 20070102
    0.0066 20070103
    0.0062 20070104
    0.0058 20070105
    0.0054 20070106
    0.0051 20070107
    0.0048 20070108
    0.0044 20070109
    0.0043 20070110
    0.0041 20070111
    0.0039 20070112
    0.0037 20070113
    0.0036 20070114
    0.0033 20070115
    0.0033 20070116
    0.0033 20070117
    0.0031 20070118
    0.0031 20070119
    0.0029 20070120
    0.0027 20070121
    0.0028 20070122
    0.0026 20070123
    0.0025 20070124
    0.0025 20070125
    0.0539 20070126
    2.8700 20070127
    0.2350 20070128
    0.1525 20070129
    0.1123 20070130
    0.0850 20070131
    0.0722 20070201
    0.0618 20070202
    0.0576 20070203
    0.0524 20070204
    0.0466 20070205
    0.0382 20070206
    0.0309 20070207
    0.0292 20070208
    0.0399 20070209
    0.0197 20070210
    0.0165 20070211
    0.0151 20070212
    0.0141 20070213
    0.0130 20070214
    0.0120 20070215
    0.0113 20070216
    0.0104 20070217
    0.0097 20070218
    0.0091 20070219
    0.0085 20070220
    0.0388 20070221
    0.0085 20070222
    0.0076 20070223
    0.0073 20070224
    0.0068 20070225
    0.0066 20070226
    0.0061 20070227
    0.0059 20070228
    0.0073 20070301
    0.0068 20070302
    0.0065 20070303
    0.0061 20070304
    0.0057 20070305
    0.0055 20070306
    0.0053 20070307
    0.0050 20070308
    0.0048 20070309
    0.0045 20070310
    0.0044 20070311
    0.0043 20070312
    0.0041 20070313
    0.0039 20070314
    0.0038 20070315
    0.0038 20070316
    0.0036 20070317
    0.0035 20070318
    0.0033 20070319
    0.0033 20070320
    0.0032 20070321
    0.0030 20070322
    0.0030 20070323
    0.0029 20070324
    0.0029 20070325
    0.0050 20070326
    0.2301 20070327
    0.0109 20070328
    0.0139 20070329
    0.0048 20070330
    0.0044 20070331
    0.0599 20070401
    0.0166 20070402
    0.0068 20070403
    0.0062 20070404
    0.0058 20070405
    0.0053 20070406
    0.0050 20070407
    0.0122 20070408
    0.1320 20070409
    0.0163 20070410
    0.0133 20070411
    0.0407 20070412
    0.0237 20070413
    0.0130 20070414
    0.0118 20070415
    0.0109 20070416
    0.0098 20070417
    0.0090 20070418
    0.0082 20070419
    0.0073 20070420
    0.0067 20070421
    0.0061 20070422
    0.0055 20070423
    0.0051 20070424
    0.0046 20070425
    0.0043 20070426
    0.0406 20070427
    0.0059 20070428
    0.0046 20070429
    0.0045 20070430
    0.0057 20070501
    0.0051 20070502
    0.0324 20070503
    0.0056 20070504
    0.0048 20070505
    0.0043 20070506
    0.0043 20070507
    0.0038 20070508
    0.0035 20070509
    0.0033 20070510
    0.0030 20070511
    0.0027 20070512
    0.0026 20070513
    0.0024 20070514
    0.0024 20070515
    0.0021 20070516
    0.0021 20070517
    0.0019 20070518
    0.0020 20070519
    0.0018 20070520
    0.0017 20070521
    0.0271 20070522
    0.0030 20070523
    0.0017 20070524
    0.0016 20070525
    0.0015 20070526
    0.0017 20070527
    0.0016 20070528
    0.0015 20070529
    0.0014 20070530
    0.0014 20070531
    0.0030 20070601
    0.0027 20070602
    0.0026 20070603
    0.0024 20070604
    0.0022 20070605
    0.0021 20070606
    0.0018 20070607
    0.0018 20070608
    0.0018 20070609
    0.0016 20070610
    0.0016 20070611
    0.0015 20070612
    0.0013 20070613
    0.0014 20070614
    0.0013 20070615
    0.0012 20070616
    0.0011 20070617
    0.0011 20070618
    0.0012 20070619
    0.0011 20070620
    0.0011 20070621
    0.0010 20070622
    0.0010 20070623
    0.0009 20070624
    0.0009 20070625
    0.0008 20070626
    0.0008 20070627
    0.0010 20070628
    0.0009 20070629
    0.0009 20070630
    0.0032 20070701
    0.0030 20070702
    0.0026 20070703
    0.0024 20070704
    0.0022 20070705
    0.0021 20070706
    0.0019 20070707
    0.0017 20070708
    0.0016 20070709
    0.0015 20070710
    0.0014 20070711
    0.0013 20070712
    0.0013 20070713
    0.0012 20070714
    0.0012 20070715
    0.0011 20070716
    0.0010 20070717
    0.0010 20070718
    0.0009 20070719
    0.0009 20070720
    0.0008 20070721
    0.0009 20070722
    0.0008 20070723
    0.0008 20070724
    0.0007 20070725
    0.0007 20070726
    0.0007 20070727
    0.0006 20070728
    0.0006 20070729
    0.0007 20070730
    0.0007 20070731
    0.0012 20070801
    0.0011 20070802
    0.0011 20070803
    0.0009 20070804
    0.0009 20070805
    0.0008 20070806
    0.0008 20070807
    0.0008 20070808
    0.0007 20070809
    0.0007 20070810
    0.0007 20070811
    0.0006 20070812
    0.0006 20070813
    0.0005 20070814
    0.0006 20070815
    0.0006 20070816
    0.0005 20070817
    0.0005 20070818
    0.0005 20070819
    0.0005 20070820
    0.0004 20070821
    0.0309 20070822
    0.0025 20070823
    0.0006 20070824
    0.0039 20070825
    0.0006 20070826
    0.0007 20070827
    0.0006 20070828
    0.0006 20070829
    0.0006 20070830
    0.0006 20070831
    0.0399 20070901
    0.0036 20070902
    0.0019 20070903
    0.0017 20070904
    0.0016 20070905
    0.0016 20070906
    0.0013 20070907
    0.0013 20070908
    0.0012 20070909
    0.0044 20070910
    0.0338 20070911
    0.0031 20070912
    0.0012 20070913
    0.0011 20070914
    0.0010 20070915
    0.0009 20070916
    0.0008 20070917
    0.0008 20070918
    0.0009 20070919
    0.0009 20070920
    0.2662 20070921
    0.0256 20070922
    0.0083 20070923
    0.0056 20070924
    0.0041 20070925
    0.0030 20070926
    0.0026 20070927
    0.0021 20070928
    0.0019 20070929
    0.0019 20070930
    0.0017 20071001
    0.2440 20071002
    0.0104 20071003
    0.1333 20071004
    0.0216 20071005
    0.0151 20071006
    0.0136 20071007
    0.0123 20071008
    0.0111 20071009
    0.0098 20071010
    0.0580 20071011
    0.0432 20071012
    0.0127 20071013
    0.0113 20071014
    0.0100 20071015
    0.2460 20071016
    0.0251 20071017
    0.4361 20071018
    0.5447 20071019
    0.0650 20071020
    0.1046 20071021
    0.0545 20071022
    0.0520 20071023
    0.0506 20071024
    0.0490 20071025
    0.0468 20071026
    0.0962 20071027
    0.0487 20071028
    0.0430 20071029
    0.0389 20071030
    0.0320 20071031
    0.0290 20071101
    0.0234 20071102
    0.0186 20071103
    0.0159 20071104
    0.0145 20071105
    0.0133 20071106
    0.0121 20071107
    0.0110 20071108
    0.0099 20071109
    0.0090 20071110
    0.0082 20071111
    0.0073 20071112
    0.0066 20071113
    0.0063 20071114
    0.0056 20071115
    0.0054 20071116
    0.0048 20071117
    0.0045 20071118
    0.0043 20071119
    0.0040 20071120
    0.0038 20071121
    0.5250 20071122
    0.0366 20071123
    0.1779 20071124
    0.0759 20071125
    0.0315 20071126
    0.0322 20071127
    0.0295 20071128
    0.0245 20071129
    0.0199 20071130
    0.0171 20071201
    0.0152 20071202
    0.0150 20071203
    0.0137 20071204
    0.0124 20071205
    0.0113 20071206
    0.0105 20071207
    0.0095 20071208
    0.0087 20071209
    0.0080 20071210
    0.0074 20071211
    0.0068 20071212
    0.0064 20071213
    0.0059 20071214
    0.0056 20071215
    0.0681 20071216
    0.0078 20071217
    0.0066 20071218
    0.0058 20071219
    0.0054 20071220
    0.0053 20071221
    0.0047 20071222
    0.0043 20071223
    0.0041 20071224
    0.0038 20071225
    0.0039 20071226
    0.1749 20071227
    0.0139 20071228
    0.0116 20071229
    0.0103 20071230
    0.0091 20071231
    0.0094 20080101
    0.0085 20080102
    0.1613 20080103
    0.0211 20080104
    0.0191 20080105
    0.0159 20080106
    0.0149 20080107
    0.0138 20080108
    0.0127 20080109
    0.0117 20080110
    0.0106 20080111
    0.0097 20080112
    0.0090 20080113
    0.0081 20080114
    0.0075 20080115
    0.0068 20080116
    0.0065 20080117
    0.0059 20080118
    0.0056 20080119
    0.0051 20080120
    0.0049 20080121
    0.0046 20080122
    0.0042 20080123
    0.0041 20080124
    0.0038 20080125
    0.0037 20080126
    0.0037 20080127
    0.0033 20080128
    0.0032 20080129
    0.0032 20080130
    0.0032 20080131
    0.0047 20080201
    0.0043 20080202
    0.0041 20080203
    0.0037 20080204
    0.0036 20080205
    0.0034 20080206
    0.0032 20080207
    0.0031 20080208
    0.0030 20080209
    0.0027 20080210
    0.0027 20080211
    0.0027 20080212
    0.0025 20080213
    0.0023 20080214
    0.0527 20080215
    0.0047 20080216
    0.0028 20080217
    0.0028 20080218
    0.0026 20080219
    0.0025 20080220
    0.0026 20080221
    0.0024 20080222
    0.0023 20080223
    0.1398 20080224
    0.0075 20080225
    0.0037 20080226
    0.0035 20080227
    0.0033 20080228
    0.0032 20080229
    0.0049 20080301
    0.0046 20080302
    0.0043 20080303
    0.0039 20080304
    0.0037 20080305
    0.0034 20080306
    0.0032 20080307
    0.0030 20080308
    0.0029 20080309
    0.0028 20080310
    0.0027 20080311
    0.0025 20080312
    0.0025 20080313
    0.0023 20080314
    0.0022 20080315
    0.0022 20080316
    0.0021 20080317
    0.0019 20080318
    0.0020 20080319
    0.0663 20080320
    0.0051 20080321
    0.0022 20080322
    0.0023 20080323
    0.0022 20080324
    0.0021 20080325
    0.0020 20080326
    0.0019 20080327
    0.0020 20080328
    0.0019 20080329
    0.0019 20080330
    0.0018 20080331
    0.0022 20080401
    0.0021 20080402
    0.0019 20080403
    0.0020 20080404
    0.0018 20080405
    0.0019 20080406
    0.0017 20080407
    0.0016 20080408
    0.0056 20080409
    0.0015 20080410
    0.0015 20080411
    0.0014 20080412
    0.0013 20080413
    0.0013 20080414
    0.0014 20080415
    0.0013 20080416
    0.0013 20080417
    0.0012 20080418
    0.0012 20080419
    0.0011 20080420
    0.0011 20080421
    0.0010 20080422
    0.0012 20080423
    0.0011 20080424
    0.0011 20080425
    0.0010 20080426
    0.0010 20080427
    0.0010 20080428
    0.0009 20080429
    0.0009 20080430
    0.0021 20080501
    0.0020 20080502
    0.0018 20080503
    0.0017 20080504
    0.0016 20080505
    0.0015 20080506
    0.0013 20080507
    1.1470 20080508
    0.0953 20080509
    0.1412 20080510
    0.0559 20080511
    0.0439 20080512
    0.0329 20080513
    0.0244 20080514
    0.0202 20080515
    0.0155 20080516
    0.1586 20080517
    0.0311 20080518
    0.0154 20080519
    0.0138 20080520
    0.0123 20080521
    0.0112 20080522
    0.0099 20080523
    0.0089 20080524
    0.0101 20080525
    0.0072 20080526
    0.0067 20080527
    0.0060 20080528
    0.0054 20080529
    0.0049 20080530
    0.1599 20080531
    0.0117 20080601
    0.0093 20080602
    0.0082 20080603
    0.0077 20080604
    0.0068 20080605
    0.0059 20080606
    0.0057 20080607
    0.0051 20080608
    0.0046 20080609
    0.0041 20080610
    0.0038 20080611
    0.0038 20080612
    0.0035 20080613
    0.0031 20080614
    0.0030 20080615
    0.0028 20080616
    0.0026 20080617
    0.0023 20080618
    0.0022 20080619
    0.0020 20080620
    0.0020 20080621
    0.0018 20080622
    0.0019 20080623
    0.0018 20080624
    0.0016 20080625
    0.0015 20080626
    0.0017 20080627
    0.0016 20080628
    0.0015 20080629
    0.0014 20080630
    0.0045 20080701
    0.0042 20080702
    0.0038 20080703
    0.0035 20080704
    0.0032 20080705
    0.0030 20080706
    0.0027 20080707
    0.0026 20080708
    0.0024 20080709
    0.0022 20080710
    0.0021 20080711
    0.0018 20080712
    0.0018 20080713
    0.0427 20080714
    0.0038 20080715
    0.0154 20080716
    0.0023 20080717
    0.0018 20080718
    0.0016 20080719
    0.0015 20080720
    0.0016 20080721
    0.0015 20080722
    0.0014 20080723
    0.0014 20080724
    0.0013 20080725
    0.0012 20080726
    0.0014 20080727
    0.0013 20080728
    0.0012 20080729
    0.0012 20080730
    0.0011 20080731
    0.0020 20080801
    0.0019 20080802
    0.0018 20080803
    0.0018 20080804
    0.0015 20080805
    0.0015 20080806
    0.0014 20080807
    0.0014 20080808
    0.0013 20080809
    0.0012 20080810
    0.0011 20080811
    0.0012 20080812
    0.0011 20080813
    0.0010 20080814
    0.0010 20080815
    0.0009 20080816
    0.0008 20080817
    0.0010 20080818
    0.0009 20080819
    0.0009 20080820
    0.0009 20080821
    0.0008 20080822
    0.0008 20080823
    0.0007 20080824
    0.0007 20080825
    0.0007 20080826
    0.0007 20080827
    0.0006 20080828
    0.0006 20080829
    0.0008 20080830
    0.0008 20080831
    0.0009 20080901
    0.0008 20080902
    0.0009 20080903
    0.0009 20080904
    0.0008 20080905
    0.0007 20080906
    0.0007 20080907
    0.0007 20080908
    0.0006 20080909
    0.0006 20080910
    0.0006 20080911
    0.0007 20080912
    0.0007 20080913
    0.0006 20080914
    0.0006 20080915
    0.0006 20080916
    0.0006 20080917
    0.0006 20080918
    0.0005 20080919
    0.0005 20080920
    0.0036 20080921
    0.0006 20080922
    0.0030 20080923
    0.8598 20080924
    0.2702 20080925
    0.0648 20080926
    0.1851 20080927
    1.9890 20080928
    0.1931 20080929
    0.1382 20080930
    0.1073 20081001
    0.0879 20081002
    0.0753 20081003
    0.0627 20081004
    0.0558 20081005
    0.0484 20081006
    0.0372 20081007
    0.0292 20081008
    0.2781 20081009
    0.0372 20081010
    0.0552 20081011
    0.0257 20081012
    0.0204 20081013
    0.0165 20081014
    0.0151 20081015
    0.0137 20081016
    0.0125 20081017
    0.0113 20081018
    0.0103 20081019
    0.0092 20081020
    0.0086 20081021
    0.1551 20081022
    1.5160 20081023
    0.1561 20081024
    0.1025 20081025
    0.0748 20081026
    0.0596 20081027
    0.2016 20081028
    0.0529 20081029
    0.0428 20081030
    0.0368 20081031
    0.2190 20081101
    0.1044 20081102
    0.0410 20081103
    0.0416 20081104
    0.0343 20081105
    0.0278 20081106
    0.0224 20081107
    0.0181 20081108
    0.0157 20081109
    0.0145 20081110
    0.0134 20081111
    0.0121 20081112
    0.0110 20081113
    0.0100 20081114
    0.0092 20081115
    0.0084 20081116
    0.0078 20081117
    0.0072 20081118
    0.0067 20081119
    0.0061 20081120
    0.0057 20081121
    0.0055 20081122
    0.0051 20081123
    0.0048 20081124
    0.0045 20081125
    0.5107 20081126
    0.0492 20081127
    0.0256 20081128
    0.0153 20081129
    0.0742 20081130
    0.0154 20081201
    0.0149 20081202
    0.0134 20081203
    0.0120 20081204
    0.0110 20081205
    0.0099 20081206
    0.0091 20081207
    0.0117 20081208
    0.0077 20081209
    0.0071 20081210
    0.0065 20081211
    0.0059 20081212
    0.0133 20081213
    0.0056 20081214
    0.0051 20081215
    0.0048 20081216
    0.0045 20081217
    0.0041 20081218
    0.0039 20081219
    0.0038 20081220
    0.0036 20081221
    0.0032 20081222
    0.0033 20081223
    0.0031 20081224
    0.0031 20081225
    0.0028 20081226
    0.0028 20081227
    0.0026 20081228
    0.0027 20081229
    0.0025 20081230
    0.0024 20081231
    0.0050 20090101
    0.0045 20090102
    0.0042 20090103
    0.0083 20090104
    0.0039 20090105
    0.0036 20090106
    0.0034 20090107
    0.0042 20090108
    0.0030 20090109
    0.0125 20090110
    3.4510 20090111
    0.2717 20090112
    0.1746 20090113
    0.1213 20090114
    0.0929 20090115
    0.0761 20090116
    0.0607 20090117
    0.0500 20090118
    0.0405 20090119
    0.0307 20090120
    0.0279 20090121
    0.0219 20090122
    0.0177 20090123
    0.0156 20090124
    0.0143 20090125
    0.0132 20090126
    0.0122 20090127
    0.0113 20090128
    0.0103 20090129
    0.0096 20090130
    0.0087 20090131
    0.0656 20090201
    0.0116 20090202
    0.0103 20090203
    0.0096 20090204
    0.0088 20090205
    0.0082 20090206
    0.0077 20090207
    0.0072 20090208
    0.0068 20090209
    0.0064 20090210
    0.0061 20090211
    0.0058 20090212
    0.0054 20090213
    0.0053 20090214
    0.0050 20090215
    0.0048 20090216
    0.0046 20090217
    0.0044 20090218
    0.0043 20090219
    0.0040 20090220
    0.0040 20090221
    0.0037 20090222
    0.0037 20090223
    0.0035 20090224
    0.0035 20090225
    0.0033 20090226
    0.0033 20090227
    0.0087 20090228
    0.0046 20090301
    0.0042 20090302
    0.0068 20090303
    0.0037 20090304
    0.0154 20090305
    0.0038 20090306
    0.0034 20090307
    0.0032 20090308
    0.0031 20090309
    0.0030 20090310
    0.0030 20090311
    0.0028 20090312
    0.0027 20090313
    0.0026 20090314
    0.0026 20090315
    0.0024 20090316
    0.0023 20090317
    0.0023 20090318
    0.0022 20090319
    0.0021 20090320
    0.0021 20090321
    0.0020 20090322
    0.0019 20090323
    0.0018 20090324
    0.0019 20090325
    0.0018 20090326
    0.0017 20090327
    0.0443 20090328
    2.4100 20090329
    0.4044 20090330
    0.4162 20090331
    0.1156 20090401
    0.0952 20090402
    0.0805 20090403
    0.0713 20090404
    0.0643 20090405
    0.0552 20090406
    0.0565 20090407
    0.0445 20090408
    0.0358 20090409
    0.0288 20090410
    0.0231 20090411
    0.0186 20090412
    0.0160 20090413
    0.0146 20090414
    0.0134 20090415
    0.0123 20090416
    0.0114 20090417
    0.0103 20090418
    0.2964 20090419
    0.0357 20090420
    0.0120 20090421
    0.0106 20090422
    0.0094 20090423
    0.0086 20090424
    0.0078 20090425
    0.0072 20090426
    0.0065 20090427
    0.0062 20090428
    0.0059 20090429
    0.0053 20090430
    0.0072 20090501
    0.0066 20090502
    0.0061 20090503
    0.0057 20090504
    0.0052 20090505
    0.0049 20090506
    0.0047 20090507
    0.0045 20090508
    0.0056 20090509
    0.0038 20090510
    0.0036 20090511
    0.0035 20090512
    0.0034 20090513
    0.0033 20090514
    0.0030 20090515
    0.0030 20090516
    0.0028 20090517
    0.0028 20090518
    0.0026 20090519
    0.0027 20090520
    0.0025 20090521
    0.0024 20090522
    0.0024 20090523
    0.0023 20090524
    0.0022 20090525
    0.0023 20090526
    0.0021 20090527
    0.0020 20090528
    0.0019 20090529
    0.0020 20090530
    0.0019 20090531
    0.0033 20090601
    0.0031 20090602
    0.0029 20090603
    0.0026 20090604
    0.0024 20090605
    0.0024 20090606
    0.0022 20090607
    0.0020 20090608
    0.0019 20090609
    0.0019 20090610
    0.0017 20090611
    0.0017 20090612
    0.0016 20090613
    0.0016 20090614
    0.0015 20090615
    0.0015 20090616
    0.0014 20090617
    0.0013 20090618
    0.0013 20090619
    0.0013 20090620
    0.0013 20090621
    0.0012 20090622
    0.0011 20090623
    0.0011 20090624
    0.0012 20090625
    0.0011 20090626
    0.0011 20090627
    0.0010 20090628
    0.0010 20090629
    0.0009 20090630
    0.0032 20090701
    0.0030 20090702
    0.0027 20090703
    0.0025 20090704
    0.0024 20090705
    0.0022 20090706
    0.0020 20090707
    0.0019 20090708
    0.0017 20090709
    0.0016 20090710
    0.0015 20090711
    0.0014 20090712
    0.0013 20090713
    0.0013 20090714
    0.0013 20090715
    0.0011 20090716
    0.0011 20090717
    0.0010 20090718
    0.0010 20090719
    0.0010 20090720
    0.0009 20090721
    0.0009 20090722
    0.0009 20090723
    0.0009 20090724
    0.0008 20090725
    0.0008 20090726
    0.0007 20090727
    0.0007 20090728
    0.0008 20090729
    0.0007 20090730
    0.0007 20090731
    0.0013 20090801
    0.0012 20090802
    0.0011 20090803
    0.0011 20090804
    0.0009 20090805
    0.0009 20090806
    0.0008 20090807
    0.0008 20090808
    0.0007 20090809
    0.0008 20090810
    0.0038 20090811
    0.0008 20090812
    0.0008 20090813
    0.0007 20090814
    0.0007 20090815
    0.0006 20090816
    0.0006 20090817
    0.0007 20090818
    0.0006 20090819
    0.0006 20090820
    0.0006 20090821
    0.0005 20090822
    0.0005 20090823
    0.0005 20090824
    0.0005 20090825
    0.0004 20090826
    0.0004 20090827
    0.0005 20090828
    0.0005 20090829
    0.0005 20090830
    0.0005 20090831
    0.0006 20090901
    0.0005 20090902
    0.0005 20090903
    0.0006 20090904
    0.0005 20090905
    0.0005 20090906
    0.0005 20090907
    0.0004 20090908
    0.0004 20090909
    0.0005 20090910
    0.0005 20090911
    0.0004 20090912
    0.0086 20090913
    0.0079 20090914
    0.1518 20090915
    0.0229 20090916
    0.0033 20090917
    0.0025 20090918
    0.0021 20090919
    0.0020 20090920
    0.0019 20090921
    0.0023 20090922
    0.1479 20090923
    0.0075 20090924
    0.0027 20090925
    0.0025 20090926
    2.7890 20090927
    5.5400 20090928
    0.5666 20090929
    0.3665 20090930
    0.2618 20091001
    0.1927 20091002
    0.1442 20091003
    0.1153 20091004
    0.0928 20091005
    0.0701 20091006
    0.0536 20091007
    0.0478 20091008
    0.0371 20091009
    0.0292 20091010
    0.0233 20091011
    0.0186 20091012
    0.0160 20091013
    0.0147 20091014
    0.0135 20091015
    0.3546 20091016
    0.0198 20091017
    0.0137 20091018
    0.0119 20091019
    0.0107 20091020
    0.0097 20091021
    0.0199 20091022
    0.0081 20091023
    0.0074 20091024
    0.0069 20091025
    0.0064 20091026
    0.0061 20091027
    0.0055 20091028
    0.0053 20091029
    0.0049 20091030
    0.0045 20091031
    0.0062 20091101
    0.0057 20091102
    0.0054 20091103
    0.0050 20091104
    0.0048 20091105
    0.0043 20091106
    0.0042 20091107
    0.0039 20091108
    0.0036 20091109
    0.0035 20091110
    0.0033 20091111
    0.0032 20091112
    0.0030 20091113
    0.0029 20091114
    0.0027 20091115
    0.0027 20091116
    0.0025 20091117
    0.0026 20091118
    0.0024 20091119
    0.0023 20091120
    0.0023 20091121
    0.0022 20091122
    0.0021 20091123
    0.0022 20091124
    0.0021 20091125
    0.0020 20091126
    0.0019 20091127
    0.0018 20091128
    0.0696 20091129
    0.0048 20091130
    0.0048 20091201
    0.0044 20091202
    0.0040 20091203
    0.0037 20091204
    0.0034 20091205
    0.0033 20091206
    0.0030 20091207
    0.0027 20091208
    0.0026 20091209
    0.0024 20091210
    0.0023 20091211
    0.0023 20091212
    0.1340 20091213
    1.2190 20091214
    0.1284 20091215
    0.0835 20091216
    0.0617 20091217
    0.2284 20091218
    0.7771 20091219
    0.0960 20091220
    0.0771 20091221
    0.0634 20091222
    0.0594 20091223
    0.0641 20091224
    0.1556 20091225
    0.0531 20091226
    0.0461 20091227
    0.0425 20091228
    0.0353 20091229
    0.0285 20091230
    0.0227 20091231
    0.0210 20100101
    0.0206 20100102
    0.0168 20100103
    0.0152 20100104
    0.0141 20100105
    0.0128 20100106
    0.8215 20100107
    0.0811 20100108
    0.0586 20100109
    0.0466 20100110
    0.0390 20100111
    0.0530 20100112
    0.0278 20100113
    0.0246 20100114
    0.0193 20100115
    0.0162 20100116
    0.0149 20100117
    0.0136 20100118
    0.0273 20100119
    0.0117 20100120
    0.0107 20100121
    0.0098 20100122
    0.0090 20100123
    0.0081 20100124
    0.0689 20100125
    1.0170 20100126
    0.1074 20100127
    0.0702 20100128
    0.0525 20100129
    0.0453 20100130
    0.0338 20100131
    0.0307 20100201
    0.0231 20100202
    0.0181 20100203
    0.0198 20100204
    0.0159 20100205
    0.0146 20100206
    0.0135 20100207
    0.0124 20100208
    0.0116 20100209
    0.0105 20100210
    0.0098 20100211
    0.0091 20100212
    0.0447 20100213
    0.0092 20100214
    0.0854 20100215
    0.0101 20100216
    0.0132 20100217
    0.1912 20100218
    0.0618 20100219
    0.0248 20100220
    0.0196 20100221
    0.0159 20100222
    0.0156 20100223
    0.0136 20100224
    0.0124 20100225
    0.0114 20100226
    0.0104 20100227
    0.0095 20100228
    0.0097 20100301
    0.5933 20100302
    0.1161 20100303
    0.0419 20100304
    0.0333 20100305
    0.0253 20100306
    0.0204 20100307
    0.0160 20100308
    0.0157 20100309
    0.0144 20100310
    0.0132 20100311
    0.0126 20100312
    0.0111 20100313
    0.0101 20100314
    0.0093 20100315
    0.0086 20100316
    0.0080 20100317
    0.0074 20100318
    0.0070 20100319
    0.0065 20100320
    0.0450 20100321
    0.0074 20100322
    0.0065 20100323
    0.0058 20100324
    0.0056 20100325
    0.0053 20100326
    0.0051 20100327
    0.0048 20100328
    0.0044 20100329
    0.0042 20100330
    0.0040 20100331
    0.0046 20100401
    0.0042 20100402
    0.0039 20100403
    0.0037 20100404
    0.0036 20100405
    0.0034 20100406
    0.0034 20100407
    0.0031 20100408
    0.0031 20100409
    0.0029 20100410
    0.0029 20100411
    0.0027 20100412
    0.0026 20100413
    0.0026 20100414
    0.0025 20100415
    0.0023 20100416
    0.0024 20100417
    0.0023 20100418
    0.0022 20100419
    0.0021 20100420
    0.0021 20100421
    0.0209 20100422
    0.0028 20100423
    0.0022 20100424
    0.0021 20100425
    0.0020 20100426
    0.0019 20100427
    0.0018 20100428
    0.0019 20100429
    0.0019 20100430
    0.0031 20100501
    0.0029 20100502
    0.0328 20100503
    0.0039 20100504
    0.0028 20100505
    0.0026 20100506
    0.0024 20100507
    0.0023 20100508
    0.0023 20100509
    0.0020 20100510
    0.0020 20100511
    0.0018 20100512
    0.0019 20100513
    0.0017 20100514
    0.0016 20100515
    0.0017 20100516
    0.0016 20100517
    0.0015 20100518
    0.0014 20100519
    0.0015 20100520
    0.0014 20100521
    0.0013 20100522
    0.0013 20100523
    0.0012 20100524
    0.0011 20100525
    0.0013 20100526
    0.0012 20100527
    0.0121 20100528
    0.0017 20100529
    0.0011 20100530
    0.0011 20100531
    0.0023 20100601
    0.0022 20100602
    0.0103 20100603
    0.0023 20100604
    0.0019 20100605
    0.0018 20100606
    0.0016 20100607
    0.0016 20100608
    0.0014 20100609
    0.0014 20100610
    0.0013 20100611
    0.0012 20100612
    0.0013 20100613
    0.3911 20100614
    0.6285 20100615
    0.0788 20100616
    0.0457 20100617
    0.0365 20100618
    0.0298 20100619
    0.0213 20100620
    0.0177 20100621
    0.0150 20100622
    0.0135 20100623
    0.0121 20100624
    0.0111 20100625
    0.0099 20100626
    0.0089 20100627
    0.0080 20100628
    0.0074 20100629
    0.0064 20100630
    0.0080 20100701
    0.0073 20100702
    0.0066 20100703
    0.0060 20100704
    0.0055 20100705
    0.0050 20100706
    0.0046 20100707
    0.0043 20100708
    0.0038 20100709
    0.0035 20100710
    0.0035 20100711
    0.0031 20100712
    0.0030 20100713
    0.0028 20100714
    0.0024 20100715
    0.0024 20100716
    0.0023 20100717
    0.0023 20100718
    0.0020 20100719
    0.0020 20100720
    0.0018 20100721
    0.0017 20100722
    0.0018 20100723
    0.0016 20100724
    0.0015 20100725
    0.0014 20100726
    0.0016 20100727
    0.0015 20100728
    0.0014 20100729
    0.0013 20100730
    0.0013 20100731
    0.0022 20100801
    0.0021 20100802
    0.0020 20100803
    0.0017 20100804
    0.0017 20100805
    0.0015 20100806
    0.0016 20100807
    0.0014 20100808
    0.0013 20100809
    0.0014 20100810
    0.0013 20100811
    0.0012 20100812
    0.7339 20100813
    0.0630 20100814
    0.0383 20100815
    0.0258 20100816
    0.0173 20100817
    0.0139 20100818
    0.0422 20100819
    0.0112 20100820
    0.0094 20100821
    0.0082 20100822
    0.0070 20100823
    0.0065 20100824
    0.0056 20100825
    0.0051 20100826
    0.0048 20100827
    0.0042 20100828
    0.0038 20100829
    0.0036 20100830
    0.0036 20100831
    0.0033 20100901
    0.0029 20100902
    0.0029 20100903
    0.0025 20100904
    0.0023 20100905
    0.0022 20100906
    0.0021 20100907
    0.0021 20100908
    0.0020 20100909
    0.0017 20100910
    0.0018 20100911
    0.0016 20100912
    0.0014 20100913
    0.0015 20100914
    0.0014 20100915
    0.0013 20100916
    0.0037 20100917
    0.0011 20100918
    0.0013 20100919
    0.0013 20100920
    0.0012 20100921
    0.0011 20100922
    0.0011 20100923
    0.0010 20100924
    0.0010 20100925
    0.0009 20100926
    0.0009 20100927
    0.0009 20100928
    0.0008 20100929
    0.0010 20100930
    0.0008 20101001
    0.0008 20101002
    0.0008 20101003
    0.0010 20101004
    0.0010 20101005
    0.0009 20101006
    0.0009 20101007
    0.0009 20101008
    0.0393 20101009
    0.0436 20101010
    0.0038 20101011
    0.0379 20101012
    0.0034 20101013
    0.0011 20101014
    0.0010 20101015
    0.0010 20101016
    0.0009 20101017
    0.0009 20101018
    0.0008 20101019
    0.0008 20101020
    0.0007 20101021
    0.0007 20101022
    0.0007 20101023
    0.0007 20101024
    0.0010 20101025
    0.0009 20101026
    0.0009 20101027
    0.0008 20101028
    0.0008 20101029
    0.0008 20101030
    0.0008 20101031
    0.0032 20101101
    0.0030 20101102
    0.0027 20101103
    0.0024 20101104
    0.0022 20101105
    0.0021 20101106
    0.0020 20101107
    0.0019 20101108
    0.0016 20101109
    0.0017 20101110
    0.0014 20101111
    0.0013 20101112
    0.0013 20101113
    0.0012 20101114
    0.0011 20101115
    0.0012 20101116
    0.0057 20101117
    0.0011 20101118
    0.0009 20101119
    0.0009 20101120
    0.0008 20101121
    0.0010 20101122
    0.0009 20101123
    0.0506 20101124
    0.0116 20101125
    0.0015 20101126
    0.3100 20101127
    0.0670 20101128
    0.0859 20101129
    0.0735 20101130
    0.0283 20101201
    0.0287 20101202
    0.0238 20101203
    0.0193 20101204
    0.0159 20101205
    0.0145 20101206
    0.0132 20101207
    0.0119 20101208
    0.0108 20101209
    0.0099 20101210
    0.0090 20101211
    0.0079 20101212
    0.0073 20101213
    0.0064 20101214
    0.0059 20101215
    0.0053 20101216
    0.0049 20101217
    0.0319 20101218
    0.0913 20101219
    0.0086 20101220
    0.0071 20101221
    0.0066 20101222
    0.0056 20101223
    0.0048 20101224
    0.0048 20101225
    0.0043 20101226
    0.0037 20101227
    0.0033 20101228
    0.0030 20101229
    0.0032 20101230
    0.0219 20101231
    0.0067 20110101
    0.0059 20110102
    0.0054 20110103
    0.0049 20110104
    0.0045 20110105
    0.0041 20110106
    0.0037 20110107
    0.0035 20110108
    0.0031 20110109
    0.0030 20110110
    0.0027 20110111
    0.0026 20110112
    0.0024 20110113
    0.0021 20110114
    0.0020 20110115
    0.0018 20110116
    0.0018 20110117
    0.0016 20110118
    0.0017 20110119
    0.0015 20110120
    0.0014 20110121
    0.0015 20110122
    0.0066 20110123
    0.0016 20110124
    0.0012 20110125
    0.0108 20110126
    0.0505 20110127
    0.0044 20110128
    0.0019 20110129
    0.0017 20110130
    0.0017 20110131
    0.0047 20110201
    0.0044 20110202
    0.0039 20110203
    0.0036 20110204
    0.0033 20110205
    0.0030 20110206
    0.0029 20110207
    0.0027 20110208
    0.0025 20110209
    0.0024 20110210
    0.0023 20110211
    0.0020 20110212
    0.0020 20110213
    0.0018 20110214
    0.0019 20110215
    0.0017 20110216
    0.0016 20110217
    0.0017 20110218
    0.0016 20110219
    0.0015 20110220
    0.0014 20110221
    0.0015 20110222
    0.0014 20110223
    0.0014 20110224
    0.0013 20110225
    0.0012 20110226
    0.0012 20110227
    0.0011 20110228
    0.0020 20110301
    0.0019 20110302
    0.0018 20110303
    0.2445 20110304
    0.0107 20110305
    0.0057 20110306
    0.0055 20110307
    0.0045 20110308
    0.0039 20110309
    0.0034 20110310
    0.1188 20110311
    0.0953 20110312
    0.0137 20110313
    0.0117 20110314
    0.0689 20110315
    0.0137 20110316
    0.0120 20110317
    0.0107 20110318
    0.0096 20110319
    0.0087 20110320
    0.0077 20110321
    0.0134 20110322
    0.0818 20110323
    0.0095 20110324
    0.0081 20110325
    0.0070 20110326
    0.0062 20110327
    0.0057 20110328
    0.0048 20110329
    0.0045 20110330
    0.0040 20110331
    0.0042 20110401
    0.0039 20110402
    0.0037 20110403
    0.0033 20110404
    0.0031 20110405
    0.0027 20110406
    0.0025 20110407
    0.0024 20110408
    0.0025 20110409
    0.0021 20110410
    0.0020 20110411
    0.0020 20110412
    0.0017 20110413
    0.0018 20110414
    0.0016 20110415
    0.0015 20110416
    0.0013 20110417
    0.0015 20110418
    0.0014 20110419
    0.0013 20110420
    0.0012 20110421
    0.0072 20110422
    0.0014 20110423
    0.0330 20110424
    0.0168 20110425
    0.0024 20110426
    0.0013 20110427
    0.0012 20110428
    0.0396 20110429
    0.0039 20110430
    0.0043 20110501
    0.9388 20110502
    0.0747 20110503
    0.0444 20110504
    0.0290 20110505
    0.0204 20110506
    0.0170 20110507
    0.0131 20110508
    0.0122 20110509
    0.0104 20110510
    0.0091 20110511
    0.0081 20110512
    0.0073 20110513
    0.0066 20110514
    0.0061 20110515
    0.0056 20110516
    0.0049 20110517
    0.0046 20110518
    0.0043 20110519
    0.0038 20110520
    0.0037 20110521
    0.0035 20110522
    0.0032 20110523
    0.0031 20110524
    0.0028 20110525
    0.0026 20110526
    0.0026 20110527
    0.0024 20110528
    0.0023 20110529
    0.0023 20110530
    0.0021 20110531
    0.0104 20110601
    0.0037 20110602
    0.0035 20110603
    0.0031 20110604
    0.0028 20110605
    0.0028 20110606
    0.0026 20110607
    0.0023 20110608
    0.0022 20110609
    0.0021 20110610
    0.0019 20110611
    0.0019 20110612
    0.0017 20110613
    0.0018 20110614
    0.0016 20110615
    0.0015 20110616
    0.0014 20110617
    0.0015 20110618
    0.0014 20110619
    0.0013 20110620
    0.0013 20110621
    0.0012 20110622
    0.0013 20110623
    0.0013 20110624
    0.0012 20110625
    0.0011 20110626
    0.0011 20110627
    0.0010 20110628
    0.0010 20110629
    0.0010 20110630
    0.0036 20110701
    0.0033 20110702
    0.0031 20110703
    0.0028 20110704
    0.0026 20110705
    0.0024 20110706
    0.0022 20110707
    0.0021 20110708
    0.0019 20110709
    0.0018 20110710
    0.0017 20110711
    0.0015 20110712
    0.0014 20110713
    0.0014 20110714
    0.0013 20110715
    0.0013 20110716
    0.0012 20110717
    0.0011 20110718
    0.0012 20110719
    0.0011 20110720
    0.0010 20110721
    0.0009 20110722
    0.0009 20110723
    0.0010 20110724
    0.0009 20110725
    0.0009 20110726
    0.0008 20110727
    0.0008 20110728
    0.0007 20110729
    0.0007 20110730
    0.0007 20110731
    0.0014 20110801
    0.0013 20110802
    0.0011 20110803
    0.0011 20110804
    0.0011 20110805
    0.0010 20110806
    0.0009 20110807
    0.0009 20110808
    0.0008 20110809
    0.0007 20110810
    0.0008 20110811
    0.0007 20110812
    0.0007 20110813
    0.0006 20110814
    0.0006 20110815
    0.0007 20110816
    0.0007 20110817
    0.0006 20110818
    0.0006 20110819
    0.0006 20110820
    0.0005 20110821
    0.0005 20110822
    0.0005 20110823
    0.0005 20110824
    0.0004 20110825
    0.0004 20110826
    0.0005 20110827
    0.0005 20110828
    0.0005 20110829
    0.0005 20110830
    0.0005 20110831
    0.0006 20110901
    0.0546 20110902
    0.2453 20110903
    0.0141 20110904
    0.0114 20110905
    0.0100 20110906
    0.0087 20110907
    0.0076 20110908
    0.0068 20110909
    0.0060 20110910
    0.0055 20110911
    0.0049 20110912
    0.0045 20110913
    0.0040 20110914
    0.0035 20110915
    0.0032 20110916
    0.0030 20110917
    0.0028 20110918
    0.0025 20110919
    0.0025 20110920
    0.0022 20110921
    0.0019 20110922
    0.0086 20110923
    0.0020 20110924
    0.0019 20110925
    0.0018 20110926
    0.0015 20110927
    0.0014 20110928
    0.0012 20110929
    0.0013 20110930
    0.0012 20111001
    0.0011 20111002
    0.0012 20111003
    0.0011 20111004
    0.0010 20111005
    0.0009 20111006
    0.0009 20111007
    0.0008 20111008
    0.0008 20111009
    0.0007 20111010
    0.0009 20111011
    0.0009 20111012
    0.0009 20111013
    0.0008 20111014
    0.0008 20111015
    0.0007 20111016
    0.0007 20111017
    0.0007 20111018
    0.0007 20111019
    0.0006 20111020
    0.0006 20111021
    0.0006 20111022
    0.0006 20111023
    0.0005 20111024
    0.0005 20111025
    0.0005 20111026
    0.0378 20111027
    0.0032 20111028
    0.0006 20111029
    0.0008 20111030
    0.0007 20111031
    0.0030 20111101
    0.0028 20111102
    0.0088 20111103
    0.0926 20111104
    0.0065 20111105
    0.0041 20111106
    0.0037 20111107
    0.0034 20111108
    0.0032 20111109
    0.0028 20111110
    0.0026 20111111
    0.0023 20111112
    0.0022 20111113
    0.0020 20111114
    0.0020 20111115
    0.0019 20111116
    0.0017 20111117
    0.2340 20111118
    0.0096 20111119
    0.0037 20111120
    0.0132 20111121
    0.0036 20111122
    0.2328 20111123
    0.0205 20111124
    0.0144 20111125
    0.0129 20111126
    0.0117 20111127
    0.0104 20111128
    0.0095 20111129
    0.0085 20111130
    0.0087 20111201
    0.0113 20111202
    0.0118 20111203
    0.0068 20111204
    0.0062 20111205
    0.0056 20111206
    0.0051 20111207
    0.0046 20111208
    0.0041 20111209
    0.0040 20111210
    0.0038 20111211
    0.0034 20111212
    0.0029 20111213
    0.0030 20111214
    0.0026 20111215
    0.0024 20111216
    0.0022 20111217
    0.0021 20111218
    0.0020 20111219
    0.0019 20111220
    0.0019 20111221
    0.0017 20111222
    0.0017 20111223
    0.0015 20111224
    0.0014 20111225
    0.0013 20111226
    0.0102 20111227
    0.0019 20111228
    0.0013 20111229
    0.0012 20111230
    0.0011 20111231
    0.0039 20120101
    0.0036 20120102
    0.0033 20120103
    0.0031 20120104
    0.0027 20120105
    0.0026 20120106
    0.0024 20120107
    0.0022 20120108
    0.0020 20120109
    0.0019 20120110
    0.0017 20120111
    0.0016 20120112
    0.0014 20120113
    0.0015 20120114
    0.0013 20120115
    0.0014 20120116
    0.0242 20120117
    0.0204 20120118
    0.0026 20120119
    0.0016 20120120
    0.0014 20120121
    0.0013 20120122
    0.0014 20120123
    0.0013 20120124
    0.0012 20120125
    0.0011 20120126
    0.0010 20120127
    0.0012 20120128
    0.0011 20120129
    0.0010 20120130
    0.0010 20120131
    0.0035 20120201
    0.0440 20120202
    0.0052 20120203
    0.0038 20120204
    0.0035 20120205
    0.0032 20120206
    0.0031 20120207
    0.0028 20120208
    0.0025 20120209
    0.0023 20120210
    0.0022 20120211
    0.0021 20120212
    0.0019 20120213
    0.0331 20120214
    0.0242 20120215
    0.0032 20120216
    0.0018 20120217
    0.0019 20120218
    0.0018 20120219
    0.0016 20120220
    0.0018 20120221
    0.0016 20120222
    0.0015 20120223
    0.0015 20120224
    0.0014 20120225
    0.0013 20120226
    0.0015 20120227
    0.0014 20120228
    0.0014 20120229
    0.0028 20120301
    0.0025 20120302
    0.0023 20120303
    0.0021 20120304
    0.0020 20120305
    0.0019 20120306
    0.0017 20120307
    0.0016 20120308
    0.0017 20120309
    0.0015 20120310
    0.0013 20120311
    0.0014 20120312
    0.0013 20120313
    0.0012 20120314
    0.0011 20120315
    0.0012 20120316
    0.0011 20120317
    0.0010 20120318
    0.0010 20120319
    0.5376 20120320
    0.0354 20120321
    0.0217 20120322
    0.0140 20120323
    0.0127 20120324
    0.0100 20120325
    0.0089 20120326
    0.0074 20120327
    0.0063 20120328
    0.0056 20120329
    0.0051 20120330
    0.0043 20120331
    0.0046 20120401
    0.0043 20120402
    0.0038 20120403
    0.0036 20120404
    0.0032 20120405
    0.0028 20120406
    0.0029 20120407
    0.0026 20120408
    0.0024 20120409
    0.0022 20120410
    0.0022 20120411
    0.0214 20120412
    0.0034 20120413
    0.0023 20120414
    0.0021 20120415
    0.0020 20120416
    0.0017 20120417
    0.0017 20120418
    0.0015 20120419
    0.0016 20120420
    0.0014 20120421
    0.0013 20120422
    0.0011 20120423
    0.0013 20120424
    0.0012 20120425
    0.0011 20120426
    0.0011 20120427
    0.0010 20120428
    0.0009 20120429
    0.0009 20120430
    0.0032 20120501
    0.0029 20120502
    0.0026 20120503
    0.0025 20120504
    0.0023 20120505
    0.0021 20120506
    0.0020 20120507
    0.0017 20120508
    0.0016 20120509
    0.0016 20120510
    0.0014 20120511
    0.0015 20120512
    0.0013 20120513
    0.0012 20120514
    0.0013 20120515
    0.0011 20120516
    0.0010 20120517
    0.0010 20120518
    0.0009 20120519
    0.0381 20120520
    0.0034 20120521
    0.0011 20120522
    0.0010 20120523
    0.0009 20120524
    0.0009 20120525
    0.0008 20120526
    0.0008 20120527
    0.0008 20120528
    0.0010 20120529
    0.0009 20120530
    0.0009 20120531
    0.0024 20120601
    0.0024 20120602
    0.0021 20120603
    0.0020 20120604
    0.0018 20120605
    0.0017 20120606
    0.0015 20120607
    0.0015 20120608
    0.0013 20120609
    0.0013 20120610
    0.0011 20120611
    0.0012 20120612
    0.0011 20120613
    0.0010 20120614
    0.0009 20120615
    0.0010 20120616
    0.0009 20120617
    0.0040 20120618
    0.0042 20120619
    0.0008 20120620
    0.0007 20120621
    0.0007 20120622
    0.0006 20120623
    0.0008 20120624
    0.0007 20120625
    0.0007 20120626
    0.0007 20120627
    0.0006 20120628
    0.0006 20120629
    0.0006 20120630
    0.0029 20120701
    0.0026 20120702
    0.0025 20120703
    0.0021 20120704
    0.0020 20120705
    0.0019 20120706
    0.0017 20120707
    0.0016 20120708
    0.0015 20120709
    0.0014 20120710
    0.0012 20120711
    0.0012 20120712
    0.0011 20120713
    0.0010 20120714
    0.0010 20120715
    0.0009 20120716
    0.0008 20120717
    0.0009 20120718
    0.0008 20120719
    0.0008 20120720
    0.0007 20120721
    0.0007 20120722
    0.0008 20120723
    0.0007 20120724
    0.0007 20120725
    0.0006 20120726
    0.0006 20120727
    0.0006 20120728
    0.0005 20120729
    0.0005 20120730
    0.0005 20120731
    0.0010 20120801
    0.0010 20120802
    0.0010 20120803
    0.0008 20120804
    0.0009 20120805
    0.0007 20120806
    0.0008 20120807
    0.0007 20120808
    0.0006 20120809
    0.0006 20120810
    0.0006 20120811
    0.0006 20120812
    0.0005 20120813
    0.0005 20120814
    0.0005 20120815
    0.0004 20120816
    0.0004 20120817
    0.0005 20120818
    0.0005 20120819
    0.0005 20120820
    0.0004 20120821
    0.0004 20120822
    0.0004 20120823
    0.0004 20120824
    0.0004 20120825
    0.0004 20120826
    0.0003 20120827
    0.0003 20120828
    0.0003 20120829
    0.0003 20120830
    0.0097 20120831
    0.0013 20120901
    0.0009 20120902
    0.0007 20120903
    0.0006 20120904
    0.0007 20120905
    0.0006 20120906
    0.0006 20120907
    0.0005 20120908
    0.0005 20120909
    0.0005 20120910
    0.0005 20120911
    0.0005 20120912
    0.0004 20120913
    0.0004 20120914
    0.0004 20120915
    0.0004 20120916
    0.0003 20120917
    0.0003 20120918
    0.0003 20120919
    0.0003 20120920
    0.0004 20120921
    0.0004 20120922
    0.0004 20120923
    0.0004 20120924
    0.0004 20120925
    0.0004 20120926
    0.0003 20120927
    6.2850 20120928
    0.4423 20120929
    0.2839 20120930
    0.1977 20121001
    0.1411 20121002
    0.1116 20121003
    0.0901 20121004
    0.0736 20121005
    0.0605 20121006
    0.0442 20121007
    0.0374 20121008
    0.0285 20121009
    0.0221 20121010
    0.0174 20121011
    0.0155 20121012
    0.0142 20121013
    0.0128 20121014
    0.0117 20121015
    0.0105 20121016
    0.0095 20121017
    0.0086 20121018
    0.1409 20121019
    0.4745 20121020
    0.0448 20121021
    0.0282 20121022
    0.0165 20121023
    0.0151 20121024
    0.0171 20121025
    0.0183 20121026
    0.0106 20121027
    0.0094 20121028
    0.0084 20121029
    0.0939 20121030
    0.0282 20121031
    0.0115 20121101
    0.0102 20121102
    0.0094 20121103
    0.0085 20121104
    0.0076 20121105
    0.0532 20121106
    0.2114 20121107
    0.0225 20121108
    0.0155 20121109
    0.0139 20121110
    0.2816 20121111
    0.2508 20121112
    0.1184 20121113
    0.0429 20121114
    0.0405 20121115
    0.0391 20121116
    0.0374 20121117
    0.0358 20121118
    0.0300 20121119
    0.0243 20121120
    0.0196 20121121
    0.0162 20121122
    0.0147 20121123
    0.0135 20121124
    0.0122 20121125
    0.0112 20121126
    0.0632 20121127
    0.0110 20121128
    0.0094 20121129
    0.0084 20121130
    0.0817 20121201
    0.0116 20121202
    0.0099 20121203
    0.0088 20121204
    0.0080 20121205
    0.0074 20121206
    0.0068 20121207
    0.0061 20121208
    0.0058 20121209
    0.0053 20121210
    0.0048 20121211
    0.0046 20121212
    0.0041 20121213
    0.0039 20121214
    0.0036 20121215
    0.0034 20121216
    0.0034 20121217
    0.0032 20121218
    0.0031 20121219
    0.0028 20121220
    0.0027 20121221
    0.0027 20121222
    0.0025 20121223
    0.0024 20121224
    0.0024 20121225
    0.0023 20121226
    0.0022 20121227
    0.0020 20121228
    0.0021 20121229
    0.0020 20121230
    0.0019 20121231
    0.0044 20130101
    0.0039 20130102
    0.0038 20130103
    0.0035 20130104
    0.0031 20130105
    0.0030 20130106
    0.0028 20130107
    0.0026 20130108
    0.0025 20130109
    0.0024 20130110
    0.0023 20130111
    0.0021 20130112
    0.0021 20130113
    0.0019 20130114
    0.0019 20130115
    0.0018 20130116
    0.0017 20130117
    0.0017 20130118
    0.0051 20130119
    0.0016 20130120
    0.0017 20130121
    0.0046 20130122
    0.0015 20130123
    0.0014 20130124
    0.0014 20130125
    0.0015 20130126
    0.0014 20130127
    0.0013 20130128
    0.0013 20130129
    0.0012 20130130
    0.0012 20130131
    0.0026 20130201
    0.0025 20130202
    0.0022 20130203
    0.0021 20130204
    0.0019 20130205
    0.0019 20130206
    0.0018 20130207
    0.0017 20130208
    0.0015 20130209
    0.0014 20130210
    0.0014 20130211
    0.0013 20130212
    0.0013 20130213
    0.0012 20130214
    0.0011 20130215
    0.0011 20130216
    0.0011 20130217
    0.0010 20130218
    0.0011 20130219
    0.0010 20130220
    0.0009 20130221
    0.0009 20130222
    0.0009 20130223
    0.0008 20130224
    0.0009 20130225
    0.0009 20130226
    0.0008 20130227
    1.2790 20130228
    0.1191 20130301
    0.0788 20130302
    0.0596 20130303
    0.1354 20130304
    0.2184 20130305
    0.0484 20130306
    0.0387 20130307
    0.0343 20130308
    0.0267 20130309
    0.0211 20130310
    0.0167 20130311
    0.0160 20130312
    0.0140 20130313
    0.0128 20130314
    0.0116 20130315
    0.0105 20130316
    0.0096 20130317
    0.0087 20130318
    0.0079 20130319
    0.0075 20130320
    0.0067 20130321
    0.0062 20130322
    0.0057 20130323
    0.0053 20130324
    0.0051 20130325
    0.0048 20130326
    0.0044 20130327
    0.0041 20130328
    0.0040 20130329
    0.0037 20130330
    0.0036 20130331
    0.0042 20130401
    0.0038 20130402
    0.0035 20130403
    0.0034 20130404
    0.0645 20130405
    0.0053 20130406
    0.0039 20130407
    0.0037 20130408
    0.0034 20130409
    0.0032 20130410
    0.0031 20130411
    0.0030 20130412
    0.0027 20130413
    0.0027 20130414
    0.0025 20130415
    0.0025 20130416
    0.0023 20130417
    0.0022 20130418
    0.0023 20130419
    0.0022 20130420
    0.0020 20130421
    0.0019 20130422
    0.0018 20130423
    0.0020 20130424
    0.4424 20130425
    0.0812 20130426
    0.1332 20130427
    0.9641 20130428
    0.0987 20130429
    0.0821 20130430
    0.0598 20130501
    0.0505 20130502
    0.0473 20130503
    0.0359 20130504
    0.0313 20130505
    0.0241 20130506
    0.0189 20130507
    0.0159 20130508
    0.0147 20130509
    0.0133 20130510
    0.0120 20130511
    0.0108 20130512
    0.0100 20130513
    0.0090 20130514
    0.0845 20130515
    0.0634 20130516
    0.0100 20130517
    0.0086 20130518
    0.0076 20130519
    0.0068 20130520
    0.0290 20130521
    0.0063 20130522
    0.0055 20130523
    0.0048 20130524
    0.0046 20130525
    0.0043 20130526
    0.0043 20130527
    0.0037 20130528
    0.0035 20130529
    0.0032 20130530
    0.0030 20130531
    0.0047 20130601
    0.0043 20130602
    0.0038 20130603
    0.0036 20130604
    0.0033 20130605
    0.0030 20130606
    0.0028 20130607
    0.0027 20130608
    0.0026 20130609
    0.0026 20130610
    0.0023 20130611
    0.0023 20130612
    0.0021 20130613
    0.0019 20130614
    0.0020 20130615
    0.0019 20130616
    0.0017 20130617
    0.0019 20130618
    0.0017 20130619
    0.0016 20130620
    0.0015 20130621
    0.0015 20130622
    0.0016 20130623
    0.0015 20130624
    0.0015 20130625
    0.0014 20130626
    0.0013 20130627
    0.0013 20130628
    0.0012 20130629
    0.0012 20130630
    0.0041 20130701
    0.0038 20130702
    0.0035 20130703
    0.0031 20130704
    0.0030 20130705
    0.0026 20130706
    0.0025 20130707
    0.0022 20130708
    0.0083 20130709
    0.0022 20130710
    0.0020 20130711
    0.0019 20130712
    0.0017 20130713
    0.0017 20130714
    0.0015 20130715
    0.0015 20130716
    0.0014 20130717
    0.0014 20130718
    0.0013 20130719
    0.0012 20130720
    0.0011 20130721
    0.0012 20130722
    0.0011 20130723
    0.0011 20130724
    0.0010 20130725
    0.0010 20130726
    0.0009 20130727
    0.0010 20130728
    0.0010 20130729
    0.0009 20130730
    0.0009 20130731
    0.0016 20130801
    0.0015 20130802
    0.0014 20130803
    0.0013 20130804
    0.0012 20130805
    0.0011 20130806
    0.0011 20130807
    0.0010 20130808
    0.0010 20130809
    0.0009 20130810
    0.0009 20130811
    0.0008 20130812
    0.0009 20130813
    0.0008 20130814
    0.0008 20130815
    0.0007 20130816
    0.0007 20130817
    0.0006 20130818
    0.0008 20130819
    0.0007 20130820
    0.0007 20130821
    0.0006 20130822
    0.0006 20130823
    0.0006 20130824
    0.0006 20130825
    0.0005 20130826
    0.4518 20130827
    0.0269 20130828
    0.0782 20130829
    0.0182 20130830
    0.0132 20130831
    0.0120 20130901
    0.0100 20130902
    0.0084 20130903
    0.0074 20130904
    0.0064 20130905
    0.0056 20130906
    0.0822 20130907
    0.0083 20130908
    0.0066 20130909
    0.0060 20130910
    0.0053 20130911
    0.0047 20130912
    0.0044 20130913
    0.0038 20130914
    0.0035 20130915
    0.0033 20130916
    0.0029 20130917
    0.0026 20130918
    0.0023 20130919
    0.0026 20130920
    0.0023 20130921
    0.0020 20130922
    0.0019 20130923
    0.0018 20130924
    0.0015 20130925
    0.0016 20130926
    0.0013 20130927
    0.0012 20130928
    0.0013 20130929
    0.0012 20130930
    0.0012 20131001
    0.0011 20131002
    0.0010 20131003
    0.0009 20131004
    0.0009 20131005
    0.0011 20131006
    0.0010 20131007
    0.0010 20131008
    0.0009 20131009
    0.0009 20131010
    0.0009 20131011
    0.0008 20131012
    0.0008 20131013
    0.0007 20131014
    0.0007 20131015
    0.0007 20131016
    0.0007 20131017
    0.0006 20131018
    0.0006 20131019
    0.0006 20131020
    0.0006 20131021
    0.0006 20131022
    0.0005 20131023
    0.0005 20131024
    0.0008 20131025
    0.0007 20131026
    0.0007 20131027
    0.0007 20131028
    0.0644 20131029
    0.0047 20131030
    0.0008 20131031
    0.0039 20131101
    0.0036 20131102
    0.0033 20131103
    0.0030 20131104
    0.0027 20131105
    0.0024 20131106
    0.0022 20131107
    0.0020 20131108
    0.0019 20131109
    0.0018 20131110
    0.0018 20131111
    0.0015 20131112
    0.0015 20131113
    0.0633 20131114
    0.0046 20131115
    0.0015 20131116
    0.0013 20131117
    0.0012 20131118
    0.0014 20131119
    0.0012 20131120
    0.0011 20131121
    0.0011 20131122
    0.0010 20131123
    0.0009 20131124
    0.0009 20131125
    0.0080 20131126
    0.1673 20131127
    0.2994 20131128
    0.0265 20131129
    0.0161 20131130
    0.1520 20131201
    0.0289 20131202
    0.0253 20131203
    0.0205 20131204
    0.0165 20131205
    0.0148 20131206
    0.0136 20131207
    0.0124 20131208
    0.0112 20131209
    0.0101 20131210
    0.0091 20131211
    0.0082 20131212
    0.0075 20131213
    0.0068 20131214
    0.0063 20131215
    0.0055 20131216
    0.0051 20131217
    0.0046 20131218
    0.2174 20131219
    0.0114 20131220
    0.0084 20131221
    0.0073 20131222
    0.0068 20131223
    0.0060 20131224
    0.0978 20131225
    0.0128 20131226
    0.0109 20131227
    0.0096 20131228
    0.0085 20131229
    0.0076 20131230
    0.0067 20131231
    0.0081 20140101
    0.0081 20140102
    0.0069 20140103
    0.0062 20140104
    0.0057 20140105
    0.0052 20140106
    0.0048 20140107
    0.0043 20140108
    0.0039 20140109
    0.0037 20140110
    0.0032 20140111
    0.0032 20140112
    0.0028 20140113
    0.0028 20140114
    0.0026 20140115
    0.0026 20140116
    0.0024 20140117
    0.0071 20140118
    0.0562 20140119
    0.0051 20140120
    0.0028 20140121
    0.0106 20140122
    0.0026 20140123
    0.0023 20140124
    0.0022 20140125
    0.0019 20140126
    0.0020 20140127
    0.0017 20140128
    0.0016 20140129
    0.0017 20140130
    0.0015 20140131
    0.0039 20140201
    0.0037 20140202
    0.0035 20140203
    0.0031 20140204
    0.0029 20140205
    0.0027 20140206
    0.0025 20140207
    0.0024 20140208
    0.0023 20140209
    0.0020 20140210
    0.0020 20140211
    0.0020 20140212
    0.0018 20140213
    0.0016 20140214
    0.0017 20140215
    0.0016 20140216
    0.0015 20140217
    0.0014 20140218
    0.0015 20140219
    0.0014 20140220
    0.0013 20140221
    0.0013 20140222
    0.0012 20140223
    0.0013 20140224
    0.0013 20140225
    0.0012 20140226
    0.0012 20140227
    0.0011 20140228
    0.0020 20140301
    0.0020 20140302
    0.0019 20140303
    0.0016 20140304
    0.0015 20140305
    0.0015 20140306
    0.0013 20140307
    0.0013 20140308
    0.0012 20140309
    0.0012 20140310
    0.0011 20140311
    0.0010 20140312
    0.0011 20140313
    0.0010 20140314
    0.0010 20140315
    0.0009 20140316
    0.0008 20140317
    0.0009 20140318
    0.0009 20140319
    0.0008 20140320
    0.0008 20140321
    0.0008 20140322
    0.0007 20140323
    0.0007 20140324
    0.0007 20140325
    0.0006 20140326
    0.0008 20140327
    0.0007 20140328
    0.0007 20140329
    0.0007 20140330
    0.0007 20140331
    0.0011 20140401
    0.0011 20140402
    0.0472 20140403
    0.0038 20140404
    0.0018 20140405
    0.0015 20140406
    0.0015 20140407
    0.0015 20140408
    0.0013 20140409
    0.0013 20140410
    0.0011 20140411
    0.0010 20140412
    0.0011 20140413
    0.0010 20140414
    0.0009 20140415
    0.0008 20140416
    0.0010 20140417
    0.0009 20140418
    0.0008 20140419
    0.0008 20140420
    0.0007 20140421
    0.0007 20140422
    0.0006 20140423
    0.0006 20140424
    0.0008 20140425
    0.0007 20140426
    0.0007 20140427
    0.0007 20140428
    0.0006 20140429
    0.0006 20140430
    0.0021 20140501
    0.0019 20140502
    0.0017 20140503
    0.0017 20140504
    0.0016 20140505
    0.0015 20140506
    0.0012 20140507
    0.0012 20140508
    0.0012 20140509
    0.0010 20140510
    0.0010 20140511
    0.0009 20140512
    0.0008 20140513
    0.0009 20140514
    0.0008 20140515
    0.0007 20140516
    0.0006 20140517
    0.0030 20140518
    0.0008 20140519
    0.0006 20140520
    0.0006 20140521
    0.0006 20140522
    0.0005 20140523
    0.0005 20140524
    0.0005 20140525
    0.0006 20140526
    0.0006 20140527
    0.0005 20140528
    0.0005 20140529
    0.0005 20140530
    0.0005 20140531
    0.0058 20140601
    0.0018 20140602
    0.0016 20140603
    0.0014 20140604
    0.0013 20140605
    0.0012 20140606
    0.0012 20140607
    0.0010 20140608
    0.0010 20140609
    0.0008 20140610
    0.0009 20140611
    0.0007 20140612
    0.0008 20140613
    0.0007 20140614
    0.0006 20140615
    0.0006 20140616
    0.0007 20140617
    0.0006 20140618
    0.0006 20140619
    0.0005 20140620
    0.0005 20140621
    0.0005 20140622
    0.0004 20140623
    0.0277 20140624
    0.0024 20140625
    0.0007 20140626
    0.0006 20140627
    0.0006 20140628
    0.0006 20140629
    0.0006 20140630
    0.0026 20140701
    0.0024 20140702
    0.0022 20140703
    0.0021 20140704
    0.0018 20140705
    0.0018 20140706
    0.0016 20140707
    0.0015 20140708
    0.0014 20140709
    0.0012 20140710
    0.0012 20140711
    0.0011 20140712
    0.0010 20140713
    0.0010 20140714
    0.0009 20140715
    0.0008 20140716
    0.0009 20140717
    0.0008 20140718
    0.0007 20140719
    0.0007 20140720
    0.0006 20140721
    0.0007 20140722
    0.0007 20140723
    0.0006 20140724
    0.0006 20140725
    0.0006 20140726
    0.0005 20140727
    0.0005 20140728
    0.0005 20140729
    0.0005 20140730
    0.0006 20140731
    0.0010 20140801
    0.0010 20140802
    0.0008 20140803
    0.0008 20140804
    0.0007 20140805
    0.0008 20140806
    0.0007 20140807
    0.0006 20140808
    0.0005 20140809
    0.0006 20140810
    0.0006 20140811
    0.0005 20140812
    0.0005 20140813
    0.0004 20140814
    0.0004 20140815
    0.0005 20140816
    0.0005 20140817
    0.0005 20140818
    0.0004 20140819
    0.0004 20140820
    0.0004 20140821
    0.0004 20140822
    0.0004 20140823
    0.0003 20140824
    0.0003 20140825
    0.0003 20140826
    0.0003 20140827
    0.0003 20140828
    0.0003 20140829
    0.0003 20140830
    0.0003 20140831
    0.0004 20140901
    0.0004 20140902
    0.0005 20140903
    0.0004 20140904
    0.0004 20140905
    0.0004 20140906
    0.0003 20140907
    0.0003 20140908
    0.0003 20140909
    0.0003 20140910
    0.0003 20140911
    0.0003 20140912
    0.0003 20140913
    0.0002 20140914
    0.0004 20140915
    0.0003 20140916
    0.0003 20140917
    0.0003 20140918
    0.0003 20140919
    0.0003 20140920
    0.0003 20140921
    0.0046 20140922
    0.0006 20140923
    0.0003 20140924
    0.0003 20140925
    3.9590 20140926
    0.2989 20140927
    0.1912 20140928
    0.8336 20140929
    0.1415 20140930
    0.1085 20141001
    0.1489 20141002
    0.0762 20141003
    0.0710 20141004
    0.0595 20141005
    0.0577 20141006
    0.0505 20141007
    0.0412 20141008
    0.0330 20141009
    0.0265 20141010
    0.0211 20141011
    0.0168 20141012
    0.0152 20141013
    0.2457 20141014
    0.0187 20141015
    0.0140 20141016
    0.0123 20141017
    0.0108 20141018
    0.0097 20141019
    0.0086 20141020
    0.0077 20141021
    0.0070 20141022
    0.0064 20141023
    0.0059 20141024
    0.0054 20141025
    0.0051 20141026
    0.0045 20141027
    0.0043 20141028
    0.0042 20141029
    0.0039 20141030
    0.0035 20141031
    0.0054 20141101
    0.0048 20141102
    0.0044 20141103
    0.1231 20141104
    0.0084 20141105
    0.0063 20141106
    0.0057 20141107
    0.0052 20141108
    0.0046 20141109
    0.0044 20141110
    0.0266 20141111
    0.0043 20141112
    0.0035 20141113
    0.0033 20141114
    0.0031 20141115
    0.0030 20141116
    0.0027 20141117
    0.0026 20141118
    0.0024 20141119
    0.0024 20141120
    0.0022 20141121
    0.0023 20141122
    0.0021 20141123
    0.0020 20141124
    0.0018 20141125
    0.0441 20141126
    0.0039 20141127
    0.0018 20141128
    0.0175 20141129
    0.0438 20141130
    0.0072 20141201
    0.0062 20141202
    0.0056 20141203
    0.3102 20141204
    0.0127 20141205
    0.0095 20141206
    0.0078 20141207
    0.0068 20141208
    0.0060 20141209
    0.0054 20141210
    0.0050 20141211
    0.0046 20141212
    0.0041 20141213
    0.0761 20141214
    0.0226 20141215
    0.0046 20141216
    0.0040 20141217
    0.0037 20141218
    0.0035 20141219
    0.0030 20141220
    0.0029 20141221
    0.0028 20141222
    0.0025 20141223
    0.0025 20141224
    0.0023 20141225
    0.0023 20141226
    0.0022 20141227
    0.0020 20141228
    0.0021 20141229
    0.0020 20141230
    0.0018 20141231
    0.0054 20150101
    0.0051 20150102
    0.0046 20150103
    0.0042 20150104
    0.0040 20150105
    0.0035 20150106
    0.0033 20150107
    0.0031 20150108
    0.0028 20150109
    0.0026 20150110
    0.0025 20150111
    0.0023 20150112
    0.0021 20150113
    0.0020 20150114
    0.0020 20150115
    0.0018 20150116
    0.0018 20150117
    0.0058 20150118
    0.0672 20150119
    0.0050 20150120
    0.0022 20150121
    0.0022 20150122
    0.0019 20150123
    0.0017 20150124
    0.0018 20150125
    0.0016 20150126
    0.0015 20150127
    0.0016 20150128
    0.0015 20150129
    0.0014 20150130
    0.0101 20150131
    0.0046 20150201
    0.0041 20150202
    0.0039 20150203
    0.0035 20150204
    0.0033 20150205
    0.0029 20150206
    0.0028 20150207
    0.0026 20150208
    0.0024 20150209
    0.0023 20150210
    0.0022 20150211
    0.0055 20150212
    0.0020 20150213
    0.0018 20150214
    0.0018 20150215
    0.0016 20150216
    0.0068 20150217
    0.0016 20150218
    0.0015 20150219
    0.0014 20150220
    0.0015 20150221
    0.0014 20150222
    0.0013 20150223
    0.0013 20150224
    0.0012 20150225
    0.0012 20150226
    0.0013 20150227
    0.0012 20150228
    0.0023 20150301
    0.0021 20150302
    0.0020 20150303
    0.0019 20150304
    0.0018 20150305
    0.0017 20150306
    0.0015 20150307
    0.0015 20150308
    0.0013 20150309
    0.0013 20150310
    0.0012 20150311
    0.0012 20150312
    0.0011 20150313
    0.0010 20150314
    0.0010 20150315
    0.0011 20150316
    0.0010 20150317
    0.0040 20150318
    0.0152 20150319
    0.0018 20150320
    0.0687 20150321
    0.0050 20150322
    0.0017 20150323
    0.0676 20150324
    0.0126 20150325
    0.0030 20150326
    0.0026 20150327
    0.0024 20150328
    0.0023 20150329
    0.0020 20150330
    0.0020 20150331
    0.0029 20150401
    0.0027 20150402
    0.0025 20150403
    0.0023 20150404
    0.0020 20150405
    0.0019 20150406
    0.0019 20150407
    0.0017 20150408
    0.0015 20150409
    0.0016 20150410
    0.0014 20150411
    0.0013 20150412
    0.0014 20150413
    0.0013 20150414
    0.0782 20150415
    0.0055 20150416
    0.0013 20150417
    0.0014 20150418
    0.0013 20150419
    0.0013 20150420
    0.0012 20150421
    0.0011 20150422
    0.0011 20150423
    0.0010 20150424
    0.0010 20150425
    0.0009 20150426
    0.0009 20150427
    0.0011 20150428
    0.0011 20150429
    0.0010 20150430
    0.0035 20150501
    0.0031 20150502
    0.0029 20150503
    0.0026 20150504
    0.0023 20150505
    0.0023 20150506
    0.0020 20150507
    0.0019 20150508
    0.0018 20150509
    0.0018 20150510
    0.0015 20150511
    0.0014 20150512
    0.0014 20150513
    0.0013 20150514
    0.0014 20150515
    0.0012 20150516
    0.0011 20150517
    0.0010 20150518
    0.0009 20150519
    0.0011 20150520
    0.0010 20150521
    0.0010 20150522
    0.0009 20150523
    0.0009 20150524
    0.0008 20150525
    0.0008 20150526
    0.0007 20150527
    0.0007 20150528
    0.0009 20150529
    0.0008 20150530
    0.0008 20150531
    0.0024 20150601
    0.0021 20150602
    0.0019 20150603
    0.0017 20150604
    0.0016 20150605
    0.0015 20150606
    0.0014 20150607
    0.0012 20150608
    0.0012 20150609
    0.0012 20150610
    0.0015 20150611
    0.0010 20150612
    0.0010 20150613
    0.0009 20150614
    0.0009 20150615
    0.0008 20150616
    0.0009 20150617
    0.0008 20150618
    0.0008 20150619
    0.0007 20150620
    0.0007 20150621
    0.0006 20150622
    0.0006 20150623
    0.0006 20150624
    0.0005 20150625
    0.0007 20150626
    0.0007 20150627
    0.0006 20150628
    0.0006 20150629
    0.0006 20150630
    0.0026 20150701
    0.0024 20150702
    0.0022 20150703
    0.0020 20150704
    0.0019 20150705
    0.0018 20150706
    0.0016 20150707
    0.0014 20150708
    0.0013 20150709
    0.0012 20150710
    0.0012 20150711
    0.0012 20150712
    0.0010 20150713
    0.0010 20150714
    0.0009 20150715
    0.0009 20150716
    0.0008 20150717
    0.0008 20150718
    0.0007 20150719
    0.0008 20150720
    0.0007 20150721
    0.0006 20150722
    0.0006 20150723
    0.0006 20150724
    0.0007 20150725
    0.0006 20150726
    0.0006 20150727
    0.0006 20150728
    0.0005 20150729
    0.0005 20150730
    0.0005 20150731
    0.0010 20150801
    0.0010 20150802
    0.0008 20150803
    0.0008 20150804
    0.0007 20150805
    0.0007 20150806
    0.0007 20150807
    0.0007 20150808
    0.0006 20150809
    0.0006 20150810
    0.0005 20150811
    0.0006 20150812
    0.0005 20150813
    0.0005 20150814
    0.0134 20150815
    0.0014 20150816
    0.0005 20150817
    0.0005 20150818
    0.0005 20150819
    0.0006 20150820
    0.0006 20150821
    0.0006 20150822
    0.0005 20150823
    0.0005 20150824
    0.0005 20150825
    0.0005 20150826
    0.0004 20150827
    0.0004 20150828
    0.0004 20150829
    0.0004 20150830
    0.0004 20150831
    0.0006 20150901
    0.0006 20150902
    0.0005 20150903
    0.0005 20150904
    0.0139 20150905
    7.1690 20150906
    0.4935 20150907
    0.4271 20150908
    0.2278 20150909
    0.1671 20150910
    0.1298 20150911
    0.1029 20150912
    0.0827 20150913
    0.0743 20150914
    0.0591 20150915
    0.0517 20150916
    0.0400 20150917
    0.0315 20150918
    0.0249 20150919
    0.0196 20150920
    0.0163 20150921
    0.0148 20150922
    0.0135 20150923
    0.0123 20150924
    0.0113 20150925
    0.0102 20150926
    0.0526 20150927
    0.0096 20150928
    0.0522 20150929
    0.0085 20150930
    0.0073 20151001
    0.0069 20151002
    0.0063 20151003
    0.0057 20151004
    0.0052 20151005
    0.0051 20151006
    0.0046 20151007
    0.0043 20151008
    0.0040 20151009
    0.0037 20151010
    0.0036 20151011
    0.0033 20151012
    0.0032 20151013
    0.0031 20151014
    0.0030 20151015
    0.0029 20151016
    0.0028 20151017
    0.0026 20151018
    0.5178 20151019
    0.2256 20151020
    0.0967 20151021
    0.0379 20151022
    0.0280 20151023
    0.0242 20151024
    0.2020 20151025
    0.0334 20151026
    0.0286 20151027
    0.0233 20151028
    0.0188 20151029
    0.0159 20151030
    0.0146 20151031
    0.0471 20151101
    0.7769 20151102
    0.0815 20151103
    0.0573 20151104
    0.0461 20151105
    0.0327 20151106
    0.0251 20151107
    0.0218 20151108
    0.0163 20151109
    0.0147 20151110
    0.0134 20151111
    0.0120 20151112
    0.0110 20151113
    0.0098 20151114
    0.0090 20151115
    0.0082 20151116
    0.0074 20151117
    0.0069 20151118
    0.0062 20151119
    0.0057 20151120
    0.0053 20151121
    0.0050 20151122
    0.0044 20151123
    0.0042 20151124
    0.0041 20151125
    0.0038 20151126
    0.0035 20151127
    0.0034 20151128
    0.0031 20151129
    0.0029 20151130
    0.0041 20151201
    0.0038 20151202
    0.0036 20151203
    0.0035 20151204
    0.0032 20151205
    0.0030 20151206
    0.0028 20151207
    0.0027 20151208
    0.0024 20151209
    0.0602 20151210
    0.0052 20151211
    0.0030 20151212
    0.0028 20151213
    0.0027 20151214
    0.0024 20151215
    0.0023 20151216
    0.0023 20151217
    0.0021 20151218
    0.0022 20151219
    0.0020 20151220
    0.0018 20151221
    0.0017 20151222
    0.0018 20151223
    0.0017 20151224
    0.0016 20151225
    0.0015 20151226
    0.0016 20151227
    0.0015 20151228
    0.0015 20151229
    0.0014 20151230
    0.0013 20151231
    0.0049 20160101
    0.0045 20160102
    0.0041 20160103
    0.0037 20160104
    0.0035 20160105
    0.0032 20160106
    0.0030 20160107
    0.0028 20160108
    0.0026 20160109
    0.0024 20160110
    0.0022 20160111
    0.0021 20160112
    0.0020 20160113
    0.0019 20160114
    0.0629 20160115
    0.0046 20160116
    0.0021 20160117
    0.0021 20160118
    0.0019 20160119
    0.0018 20160120
    0.0019 20160121
    0.0017 20160122
    0.0016 20160123
    0.0015 20160124
    0.0017 20160125
    0.0016 20160126
    0.0015 20160127
    0.0014 20160128
    0.0013 20160129
    0.0015 20160130
    0.0014 20160131
    0.0043 20160201
    0.0039 20160202
    0.0036 20160203
    0.0033 20160204
    0.0031 20160205
    0.0029 20160206
    0.0027 20160207
    0.0025 20160208
    0.0024 20160209
    0.0022 20160210
    0.0021 20160211
    0.0021 20160212
    0.0019 20160213
    0.0019 20160214
    0.0017 20160215
    0.0018 20160216
    0.0016 20160217
    0.0015 20160218
    0.0016 20160219
    0.0015 20160220
    0.0014 20160221
    0.0014 20160222
    0.0014 20160223
    0.0014 20160224
    0.0013 20160225
    0.0012 20160226
    0.0012 20160227
    0.0013 20160228
    0.0012 20160229
    0.0021 20160301
    0.0019 20160302
    0.0018 20160303
    0.0017 20160304
    0.0016 20160305
    0.0015 20160306
    0.0014 20160307
    0.0013 20160308
    0.0013 20160309
    0.0012 20160310
    0.0012 20160311
    0.0011 20160312
    0.0010 20160313
    0.0011 20160314
    0.0010 20160315
    0.0009 20160316
    0.0009 20160317
    0.0010 20160318
    0.0009 20160319
    0.0009 20160320
    0.3368 20160321
    0.0579 20160322
    0.0167 20160323
    0.0124 20160324
    0.0112 20160325
    0.0092 20160326
    0.0079 20160327
    0.0069 20160328
    0.0059 20160329
    0.0056 20160330
    0.0049 20160331
    0.0050 20160401
    0.0046 20160402
    0.0041 20160403
    0.0243 20160404
    0.3758 20160405
    0.0200 20160406
    0.0132 20160407
    0.0103 20160408
    0.0096 20160409
    0.0077 20160410
    0.0066 20160411
    0.0057 20160412
    0.0056 20160413
    0.0050 20160414
    0.0045 20160415
    0.0040 20160416
    0.0037 20160417
    0.0034 20160418
    0.0031 20160419
    0.0028 20160420
    0.0026 20160421
    0.0025 20160422
    0.0022 20160423
    0.0022 20160424
    0.0019 20160425
    0.0020 20160426
    0.0018 20160427
    0.0016 20160428
    0.0017 20160429
    0.0016 20160430
    0.0039 20160501
    0.0036 20160502
    0.0033 20160503
    0.0031 20160504
    0.0028 20160505
    0.0026 20160506
    0.0024 20160507
    0.0022 20160508
    0.0021 20160509
    0.0020 20160510
    0.0018 20160511
    0.0071 20160512
    0.0018 20160513
    0.0016 20160514
    0.0015 20160515
    0.0014 20160516
    0.0015 20160517
    0.0013 20160518
    0.0012 20160519
    0.0012 20160520
    0.0013 20160521
    0.0012 20160522
    0.0012 20160523
    0.0011 20160524
    0.0010 20160525
    0.0010 20160526
    0.0009 20160527
    0.0009 20160528
    0.0009 20160529
    0.0010 20160530
    0.0010 20160531
    0.0025 20160601
    0.0023 20160602
    0.0021 20160603
    0.0020 20160604
    0.0019 20160605
    0.0017 20160606
    0.0017 20160607
    0.0014 20160608
    0.0014 20160609
    0.0012 20160610
    0.0012 20160611
    0.0011 20160612
    0.0012 20160613
    0.0010 20160614
    0.0009 20160615
    0.0010 20160616
    0.0010 20160617
    0.0009 20160618
    0.0008 20160619
    0.0008 20160620
    0.0007 20160621
    0.0007 20160622
    0.0008 20160623
    0.0008 20160624
    0.0007 20160625
    0.0007 20160626
    0.0007 20160627
    0.0006 20160628
    0.0006 20160629
    0.0006 20160630
    0.0029 20160701
    0.0026 20160702
    0.0024 20160703
    0.0022 20160704
    0.0020 20160705
    0.0019 20160706
    0.0017 20160707
    0.0015 20160708
    0.0015 20160709
    0.0014 20160710
    0.0013 20160711
    0.0011 20160712
    0.0011 20160713
    0.0011 20160714
    0.0010 20160715
    0.0010 20160716
    0.0009 20160717
    0.0008 20160718
    0.0009 20160719
    0.0008 20160720
    0.0007 20160721
    0.0007 20160722
    0.0008 20160723
    0.0007 20160724
    0.0007 20160725
    0.0006 20160726
    0.0006 20160727
    0.0006 20160728
    0.0005 20160729
    0.0005 20160730
    0.0006 20160731
    0.0010 20160801
    0.0010 20160802
    0.0009 20160803
    0.0009 20160804
    0.0008 20160805
    0.0008 20160806
    0.0007 20160807
    0.0007 20160808
    0.0006 20160809
    0.0006 20160810
    0.0006 20160811
    0.0006 20160812
    0.0005 20160813
    0.0005 20160814
    0.0005 20160815
    0.0005 20160816
    0.0005 20160817
    0.0005 20160818
    0.0005 20160819
    0.0004 20160820
    0.0004 20160821
    0.0004 20160822
    0.0004 20160823
    0.0004 20160824
    0.0003 20160825
    0.0003 20160826
    0.0004 20160827
    0.0004 20160828
    0.0004 20160829
    0.0004 20160830
    0.0004 20160831
    0.0005 20160901
    0.0004 20160902
    0.0005 20160903
    0.0004 20160904
    0.0004 20160905
    0.0004 20160906
    0.0004 20160907
    0.0003 20160908
    0.0003 20160909
    0.0004 20160910
    0.0004 20160911
    0.0004 20160912
    0.0003 20160913
    0.0003 20160914
    0.0003 20160915
    0.0003 20160916
    0.0003 20160917
    0.0003 20160918
    0.0003 20160919
    0.0003 20160920
    0.0003 20160921
    0.0002 20160922
    0.0002 20160923
    0.0002 20160924
    0.0002 20160925
    0.0002 20160926
    0.0002 20160927
    0.0226 20160928
    0.0058 20160929
    0.0007 20160930
    0.0004 20161001
    0.0004 20161002
    0.0004 20161003
    0.0004 20161004
    0.0004 20161005
    0.0004 20161006
    0.0005 20161007
    0.0005 20161008
    0.0005 20161009
    0.0005 20161010
    0.0005 20161011
    0.0004 20161012
    0.0826 20161013
    0.0047 20161014
    0.0012 20161015
    0.0012 20161016
    0.0010 20161017
    0.1005 20161018
    0.0060 20161019
    0.0052 20161020
    0.0021 20161021
    0.0020 20161022
    0.0016 20161023
    0.0016 20161024
    0.0016 20161025
    0.0014 20161026
    0.0012 20161027
    0.0013 20161028
    0.0011 20161029
    0.0010 20161030
    0.0009 20161031
    0.0031 20161101
    0.0028 20161102
    0.0026 20161103
    0.0024 20161104
    0.0024 20161105
    0.0020 20161106
    0.0019 20161107
    0.0016 20161108
    0.0016 20161109
    0.0016 20161110
    0.0014 20161111
    0.0012 20161112
    0.0013 20161113
    0.0012 20161114
    0.0010 20161115
    0.0012 20161116
    0.0011 20161117
    0.0010 20161118
    0.0009 20161119
    0.0008 20161120
    0.0008 20161121
    0.0007 20161122
    0.4184 20161123
    0.0200 20161124
    0.0117 20161125
    0.0102 20161126
    0.0071 20161127
    0.0066 20161128
    0.0048 20161129
    0.0038 20161130
    0.0228 20161201
    0.0061 20161202
    0.0052 20161203
    0.2572 20161204
    0.0232 20161205
    0.0196 20161206
    0.0162 20161207
    0.0144 20161208
    0.0629 20161209
    0.0193 20161210
    0.0157 20161211
    0.0144 20161212
    0.0132 20161213
    0.0122 20161214
    0.0809 20161215
    0.0125 20161216
    1.9230 20161217
   33.1800 20161218
    5.6270 20161219
    1.1660 20161220
    0.8342 20161221
    0.5944 20161222
    0.4366 20161223
    0.3271 20161224
    0.2526 20161225
    0.2062 20161226
    0.1612 20161227
    0.1331 20161228
    0.1158 20161229
    0.0961 20161230
    0.0811 20161231
    0.0722 20170101
    0.0602 20170102
    0.0496 20170103
    0.0405 20170104
    0.0329 20170105
    0.0359 20170106
    0.0221 20170107
    0.0249 20170108
    0.0212 20170109
    0.0181 20170110
    0.0162 20170111
    0.0154 20170112
    0.0147 20170113
    0.0139 20170114
    0.0132 20170115
    0.0125 20170116
    0.0119 20170117
    0.8718 20170118
    1.8550 20170119
    0.2619 20170120
    0.1573 20170121
    0.1147 20170122
    0.0916 20170123
    0.0787 20170124
    0.0654 20170125
    0.0597 20170126
    0.0513 20170127
    0.0418 20170128
    0.0397 20170129
    0.0323 20170130
    0.0265 20170131
    0.0263 20170201
    0.0217 20170202
    0.0183 20170203
    0.0162 20170204
    0.0152 20170205
    0.0143 20170206
    0.0134 20170207
    0.0125 20170208
    0.0118 20170209
    0.0111 20170210
    0.0105 20170211
    0.0099 20170212
    0.0095 20170213
    0.0090 20170214
    0.0086 20170215
    0.0084 20170216
    0.0080 20170217
    0.0077 20170218
    0.0074 20170219
    0.0070 20170220
    0.0068 20170221
    0.0065 20170222
    0.0063 20170223
    0.0061 20170224
    0.0058 20170225
    0.0056 20170226
    0.0054 20170227
    0.0053 20170228
    0.0061 20170301
    0.0057 20170302
    0.0055 20170303
    0.0193 20170304
    0.0055 20170305
    0.0052 20170306
    0.0049 20170307
    0.0047 20170308
    0.0046 20170309
    0.0044 20170310
    0.0041 20170311
    0.0040 20170312
    0.6982 20170313
    0.4243 20170314
    0.0622 20170315
    0.0488 20170316
    0.0328 20170317
    0.0245 20170318
    0.0211 20170319
    0.0158 20170320
    0.0143 20170321
    0.0129 20170322
    0.0117 20170323
    0.0106 20170324
    0.0096 20170325
    0.0091 20170326
    0.0082 20170327
    0.0076 20170328
    0.0069 20170329
    0.0065 20170330
    0.0061 20170331
    0.0061 20170401
    0.0058 20170402
    0.0053 20170403
    0.0049 20170404
    0.0047 20170405
    0.0044 20170406
    0.0041 20170407
    0.0041 20170408
    0.0038 20170409
    0.0037 20170410
    0.0035 20170411
    0.0035 20170412
    0.0032 20170413
    0.0031 20170414
    0.0031 20170415
    0.0029 20170416
    0.0029 20170417
    0.0027 20170418
    0.0025 20170419
    0.0026 20170420
    0.0025 20170421
    0.0023 20170422
    0.0022 20170423
    0.0023 20170424
    0.0022 20170425
    0.0021 20170426
    0.0020 20170427
    0.0021 20170428
    0.0020 20170429
    0.0019 20170430
    0.0039 20170501
    0.0035 20170502
    0.0032 20170503
    0.0030 20170504
    0.0028 20170505
    0.0027 20170506
    0.0025 20170507
    0.0023 20170508
    0.0022 20170509
    0.0021 20170510
    0.0019 20170511
    0.0018 20170512
    0.0018 20170513
    0.0017 20170514
    0.0017 20170515
    0.0015 20170516
    0.0014 20170517
    0.0015 20170518
    0.0014 20170519
    0.0013 20170520
    0.0012 20170521
    0.0013 20170522
    0.0012 20170523
    0.0012 20170524
    0.0011 20170525
    0.0011 20170526
    0.0012 20170527
    0.0011 20170528
    0.0011 20170529
    0.0010 20170530
    0.0010 20170531
    0.0023 20170601
    0.0021 20170602
    0.0019 20170603
    0.0018 20170604
    0.0017 20170605
    0.0015 20170606
    0.0014 20170607
    0.0014 20170608
    0.0013 20170609
    0.0013 20170610
    0.0011 20170611
    0.0011 20170612
    0.0010 20170613
    0.0010 20170614
    0.0010 20170615
    0.0009 20170616
    0.0009 20170617
    0.0009 20170618
    0.0008 20170619
    0.0008 20170620
    0.0009 20170621
    0.0008 20170622
    0.0008 20170623
    0.0007 20170624
    0.0007 20170625
    0.0007 20170626
    0.0006 20170627
    0.0006 20170628
    0.0007 20170629
    0.0007 20170630
    0.0176 20170701
    0.0036 20170702
    0.0032 20170703
    0.0029 20170704
    0.0027 20170705
    0.0025 20170706
    0.0030 20170707
    0.0021 20170708
    0.0020 20170709
    0.0018 20170710
    0.0017 20170711
    0.0016 20170712
    0.0015 20170713
    0.0014 20170714
    0.0013 20170715
    0.0013 20170716
    0.0011 20170717
    0.0011 20170718
    0.0010 20170719
    0.0011 20170720
    0.0010 20170721
    0.0009 20170722
    0.0010 20170723
    0.0009 20170724
    0.0008 20170725
    0.0008 20170726
    0.0007 20170727
    0.0008 20170728
    0.0008 20170729
    0.0007 20170730
    0.0007 20170731
    0.0013 20170801
    0.0012 20170802
    0.0012 20170803
    0.0011 20170804
    0.0010 20170805
    0.0009 20170806
    0.0009 20170807
    0.0008 20170808
    0.0009 20170809
    0.0008 20170810
    0.0007 20170811
    0.0007 20170812
    0.0007 20170813
    0.0007 20170814
    0.0006 20170815
    0.0006 20170816
    0.0005 20170817
    0.0006 20170818
    0.0006 20170819
    0.0006 20170820
    0.0005 20170821
    0.0005 20170822
    0.0005 20170823
    0.0005 20170824
    0.0004 20170825
    0.0005 20170826
    0.0005 20170827
    0.0005 20170828
    0.5553 20170829
    0.1603 20170830
    0.0440 20170831
    0.0299 20170901
    0.0232 20170902
    0.0148 20170903
    0.0139 20170904
    0.0119 20170905
    0.0106 20170906
    0.0094 20170907
    0.0085 20170908
    0.0076 20170909
    0.0069 20170910
    0.0062 20170911
    0.0057 20170912
    0.0052 20170913
    0.0047 20170914
    0.0043 20170915
    0.0039 20170916
    0.0037 20170917
    0.0033 20170918
    0.0031 20170919
    0.0029 20170920
    0.0029 20170921
    0.0026 20170922
    0.0024 20170923
    0.0022 20170924
    0.0019 20170925
    0.0021 20170926
    0.0018 20170927
    0.0018 20170928
    0.0016 20170929
    0.0017 20170930
    0.0016 20171001
    0.0014 20171002
    0.0013 20171003
    0.0015 20171004
    0.0014 20171005
    0.0013 20171006
    0.0012 20171007
    0.0012 20171008
    0.0011 20171009
    0.0010 20171010
    0.0012 20171011
    0.0012 20171012
    0.0011 20171013
    0.0011 20171014
    0.0010 20171015
    0.0010 20171016
    0.0009 20171017
    0.0489 20171018
    0.0349 20171019
    0.0033 20171020
    0.0010 20171021
    0.0012 20171022
    0.0012 20171023
    0.0011 20171024
    0.0011 20171025
    0.0010 20171026
    0.0010 20171027
    0.0010 20171028
    0.0009 20171029
    0.0009 20171030
    0.0009 20171031
    0.0038 20171101
    0.0031 20171102
    0.0029 20171103
    0.0026 20171104
    0.0026 20171105
    0.0024 20171106
    0.0020 20171107
    0.0019 20171108
    0.0018 20171109
    0.0018 20171110
    0.0016 20171111
    0.0014 20171112
    0.0014 20171113
    0.0013 20171114
    0.0014 20171115
    0.0013 20171116
    0.0012 20171117
    0.0011 20171118
    0.0010 20171119
    0.0011 20171120
    0.0011 20171121
    0.0010 20171122
    0.0009 20171123
    0.0009 20171124
    0.0008 20171125
    0.0008 20171126
    0.0008 20171127
    0.0054 20171128
    0.0386 20171129
    0.0031 20171130
    0.0037 20171201
    0.0035 20171202
    0.0032 20171203
    0.0028 20171204
    0.0026 20171205
    0.0023 20171206
    0.0023 20171207
    0.0021 20171208
    0.0018 20171209
    0.0017 20171210
    0.0016 20171211
    0.0014 20171212
    0.0014 20171213
    0.0012 20171214
    0.0013 20171215
    0.0012 20171216
    0.0010 20171217
    0.0011 20171218
    0.0010 20171219
    0.0010 20171220
    0.0009 20171221
    0.0010 20171222
    0.0010 20171223
    0.0009 20171224
    0.0008 20171225
    0.0008 20171226
    0.0008 20171227
    0.0007 20171228
    0.0007 20171229
    0.0007 20171230
    0.0006 20171231
    0.0031 20180101
    0.0028 20180102
    0.0026 20180103
    0.0023 20180104
    0.0022 20180105
    0.0021 20180106
    0.0018 20180107
    0.0017 20180108
    0.0016 20180109
    0.0167 20180110
    0.0021 20180111
    0.0015 20180112
    0.0013 20180113
    0.0038 20180114
    0.0088 20180115
    0.0015 20180116
    0.0012 20180117
    0.0011 20180118
    0.0012 20180119
    0.0011 20180120
    0.0010 20180121
    0.0009 20180122
    0.0009 20180123
    0.0008 20180124
    0.0010 20180125
    0.0009 20180126
    0.0525 20180127
    0.5962 20180128
    0.0523 20180129
    0.0338 20180130
    0.0212 20180131
    0.0152 20180201
    0.1564 20180202
    0.0245 20180203
    0.0351 20180204
    0.0193 20180205
    0.0159 20180206
    0.0145 20180207
    0.0132 20180208
    0.0119 20180209
    0.0109 20180210
    0.0099 20180211
    0.0088 20180212
    0.0080 20180213
    0.0073 20180214
    0.0066 20180215
    0.0060 20180216
    0.0054 20180217
    0.0049 20180218
    0.0045 20180219
    0.0043 20180220
    0.0040 20180221
    0.0036 20180222
    0.0035 20180223
    0.0031 20180224
    0.0028 20180225
    0.0027 20180226
    0.0025 20180227
    0.0023 20180228
    0.0037 20180301
    0.0035 20180302
    0.0083 20180303
    0.0095 20180304
    0.0204 20180305
    0.0036 20180306
    0.0027 20180307
    0.0058 20180308
    0.0024 20180309
    0.0023 20180310
    0.0020 20180311
    0.0021 20180312
    0.0019 20180313
    0.0019 20180314
    0.0018 20180315
    0.0016 20180316
    0.0015 20180317
    0.0037 20180318
    0.0015 20180319
    0.0014 20180320
    0.0013 20180321
    0.0013 20180322
    0.0014 20180323
    0.0246 20180324
    0.0028 20180325
    0.0013 20180326
    0.0012 20180327
    0.0012 20180328
    0.0011 20180329
    0.0011 20180330
    0.0013 20180331
    0.0020 20180401
    0.0019 20180402
    0.0018 20180403
    0.0016 20180404
    0.0016 20180405
    0.0014 20180406
    0.0015 20180407
    0.0013 20180408
    0.0012 20180409
    0.0013 20180410
    0.0012 20180411
    0.0011 20180412
    0.0010 20180413
    0.0009 20180414
    0.0011 20180415
    0.0010 20180416
    0.0010 20180417
    0.0009 20180418
    0.0009 20180419
    0.0008 20180420
    0.0008 20180421
    0.0008 20180422
    0.0007 20180423
    0.0007 20180424
    0.0169 20180425
    0.0079 20180426
    0.0011 20180427
    0.0009 20180428
    0.0008 20180429
    0.0008 20180430
    0.0029 20180501
    0.0027 20180502
    0.0025 20180503
    0.0022 20180504
    0.0020 20180505
    0.0018 20180506
    0.0017 20180507
    0.0016 20180508
    0.0090 20180509
    0.0017 20180510
    0.0014 20180511
    0.0014 20180512
    0.0012 20180513
    0.0011 20180514
    0.0012 20180515
    0.0011 20180516
    0.0010 20180517
    0.0009 20180518
    0.0010 20180519
    0.0010 20180520
    0.0009 20180521
    0.0008 20180522
    0.0008 20180523
    0.0007 20180524
    0.0007 20180525
    0.0007 20180526
    0.0006 20180527
    0.0008 20180528
    0.0008 20180529
    0.0219 20180530
    0.0022 20180531
    0.0025 20180601
    0.0821 20180602
    0.0063 20180603
    0.0033 20180604
    0.0031 20180605
    0.0699 20180606
    0.0057 20180607
    0.0027 20180608
    0.0061 20180609
    0.0024 20180610
    0.0022 20180611
    0.0019 20180612
    0.0019 20180613
    0.0016 20180614
    0.0017 20180615
    0.0015 20180616
    0.0016 20180617
    0.0014 20180618
    0.0013 20180619
    0.0012 20180620
    0.0014 20180621
    0.0013 20180622
    0.0012 20180623
    0.0011 20180624
    0.0010 20180625
    0.0010 20180626
    0.0009 20180627
    0.0009 20180628
    0.0008 20180629
    0.0010 20180630
    0.0039 20180701
    0.0035 20180702
    0.0032 20180703
    0.0029 20180704
    0.0027 20180705
    0.0026 20180706
    0.0023 20180707
    0.0021 20180708
    0.0020 20180709
    0.0019 20180710
    0.0016 20180711
    0.0016 20180712
    0.0016 20180713
    0.0014 20180714
    0.0012 20180715
    0.0013 20180716
    0.0012 20180717
    0.0010 20180718
    0.0011 20180719
    0.0011 20180720
    0.0010 20180721
    0.0009 20180722
    0.0008 20180723
    0.0010 20180724
    0.0009 20180725
    0.0009 20180726
    0.0008 20180727
    0.0008 20180728
    0.0008 20180729
    0.0007 20180730
    0.0007 20180731
    0.0014 20180801
    0.0013 20180802
    0.0013 20180803
    0.0011 20180804
    0.0011 20180805
    0.0010 20180806
    0.0009 20180807
    0.0009 20180808
    0.0009 20180809
    0.0008 20180810
    0.0009 20180811
    0.0008 20180812
    0.0007 20180813
    0.0007 20180814
    0.0006 20180815
    0.0006 20180816
    0.0006 20180817
    0.0005 20180818
    0.0007 20180819
    0.0006 20180820
    0.0006 20180821
    0.0006 20180822
    0.0006 20180823
    0.0005 20180824
    0.0005 20180825
    0.0005 20180826
    0.0005 20180827
    0.0005 20180828
    0.0004 20180829
    0.0004 20180830
    0.0004 20180831
    0.0006 20180901
    0.0006 20180902
    0.0005 20180903
    0.0005 20180904
    0.0006 20180905
    0.0006 20180906
    0.0005 20180907
    0.0539 20180908
    0.0038 20180909
    0.0007 20180910
    0.0006 20180911
    0.0006 20180912
    0.0006 20180913
    0.0006 20180914
    2.5940 20180915
    0.2850 20180916
    0.1787 20180917
    0.1229 20180918
    0.0899 20180919
    0.0627 20180920
    0.0492 20180921
    0.0342 20180922
    0.0214 20180923
    0.0183 20180924
    0.0150 20180925
    0.0957 20180926
    0.0136 20180927
    0.0117 20180928
    0.0105 20180929
    0.0093 20180930
    0.0083 20181001
    0.0074 20181002
    0.0068 20181003
    0.0063 20181004
    0.0058 20181005
    0.0053 20181006
    0.0050 20181007
    0.0067 20181008
    0.0041 20181009
    0.0040 20181010
    0.0037 20181011
    0.0033 20181012
    0.0033 20181013
    1.1270 20181014
    0.1219 20181015
    0.0809 20181016
    0.0526 20181017
    0.0361 20181018
    0.0220 20181019
    0.0903 20181020
    0.0160 20181021
    0.0131 20181022
    0.0111 20181023
    0.0099 20181024
    0.0087 20181025
    0.0078 20181026
    0.0070 20181027
    0.0065 20181028
    0.0058 20181029
    0.1919 20181030
    0.3234 20181031
    0.0281 20181101
    0.0213 20181102
    0.0164 20181103
    0.0146 20181104
    0.0134 20181105
    0.0121 20181106
    0.0110 20181107
    0.0100 20181108
    0.0090 20181109
    0.0082 20181110
    0.0074 20181111
    0.0069 20181112
    0.0062 20181113
    0.0057 20181114
    1.3390 20181115
    0.1404 20181116
    0.0938 20181117
    0.6756 20181118
    0.6438 20181119
    0.0984 20181120
    0.0818 20181121
    0.0730 20181122
    0.0657 20181123
    0.0576 20181124
    0.0571 20181125
    0.0516 20181126
    0.0465 20181127
    0.0386 20181128
    0.0310 20181129
    0.0250 20181130
    0.0225 20181201
    0.0182 20181202
    0.0158 20181203
    0.0146 20181204
    0.0132 20181205
    0.0122 20181206
    0.0111 20181207
    0.0102 20181208
    0.0093 20181209
    0.0086 20181210
    0.0079 20181211
    0.0074 20181212
    0.0356 20181213
    0.0075 20181214
    0.0067 20181215
    0.0063 20181216
    0.0058 20181217
    0.0054 20181218
    0.0053 20181219
    0.0048 20181220
    0.0046 20181221
    0.0045 20181222
    0.0042 20181223
    0.0040 20181224
    0.0039 20181225
    0.0037 20181226
    0.0035 20181227
    0.0035 20181228
    0.1721 20181229
    0.0089 20181230
    0.0054 20181231
    0.0096 20190101
    0.0088 20190102
    0.0082 20190103
    0.0074 20190104
    0.0069 20190105
    0.0065 20190106
    0.0060 20190107
    0.0055 20190108
    0.0052 20190109
    0.0049 20190110
    0.0047 20190111
    0.0044 20190112
    0.0041 20190113
    0.0039 20190114
    0.0038 20190115
    0.0036 20190116
    0.0035 20190117
    0.0033 20190118
    0.0033 20190119
    0.0076 20190120
    0.0031 20190121
    0.0029 20190122
    0.0029 20190123
    0.0028 20190124
    0.0028 20190125
    0.0027 20190126
    0.0025 20190127
    0.0026 20190128
    0.0025 20190129
    0.0023 20190130
    0.0022 20190131
    0.0039 20190201
    0.0035 20190202
    0.0033 20190203
    0.0031 20190204
    0.0030 20190205
    0.0027 20190206
    0.0025 20190207
    0.0024 20190208
    0.0023 20190209
    0.0022 20190210
    0.0022 20190211
    0.0021 20190212
    0.0020 20190213
    0.0020 20190214
    0.0018 20190215
    0.0017 20190216
    0.0017 20190217
    0.0016 20190218
    0.0017 20190219
    0.0016 20190220
    0.0015 20190221
    0.0014 20190222
    0.0015 20190223
    0.0014 20190224
    0.0014 20190225
    0.0013 20190226
    0.0012 20190227
    0.0013 20190228
    0.0021 20190301
    0.0019 20190302
    0.0019 20190303
    0.0017 20190304
    0.0016 20190305
    0.0015 20190306
    0.0015 20190307
    0.0013 20190308
    0.0013 20190309
    0.0012 20190310
    0.0012 20190311
    0.0011 20190312
    0.0011 20190313
    0.0011 20190314
    0.0010 20190315
    0.0010 20190316
    0.0010 20190317
    0.0009 20190318
    0.0069 20190319
    0.0031 20190320
    0.0011 20190321
    0.0010 20190322
    0.0041 20190323
    0.0010 20190324
    0.0009 20190325
    0.0008 20190326
    0.0009 20190327
    0.0009 20190328
    0.0009 20190329
    0.0008 20190330
    0.2338 20190331
    0.0096 20190401
    0.0066 20190402
    0.0052 20190403
    0.0042 20190404
    0.0038 20190405
    0.0034 20190406
    0.0032 20190407
    0.0028 20190408
    0.0026 20190409
    0.0024 20190410
    0.0023 20190411
    0.0022 20190412
    0.0021 20190413
    0.0019 20190414
    0.0019 20190415
    0.0017 20190416
    0.0018 20190417
    0.0016 20190418
    1.9940 20190419
    5.5360 20190420
    0.6088 20190421
    0.3539 20190422
    0.2530 20190423
    0.1816 20190424
    0.1414 20190425
    0.1072 20190426
    0.0802 20190427
    0.0628 20190428
    0.0465 20190429
    0.0415 20190430
    0.0349 20190501
    0.0275 20190502
    0.0220 20190503
    0.0177 20190504
    0.0157 20190505
    0.0144 20190506
    0.0133 20190507
    0.0122 20190508
    0.0111 20190509
    0.0101 20190510
    0.0094 20190511
    0.0086 20190512
    0.0080 20190513
    0.0075 20190514
    0.0069 20190515
    0.0066 20190516
    0.0060 20190517
    0.0057 20190518
    0.0054 20190519
    0.0052 20190520
    0.0047 20190521
    0.0046 20190522
    0.0044 20190523
    0.0046 20190524
    0.0039 20190525
    0.0038 20190526
    0.0037 20190527
    0.0036 20190528
    0.0033 20190529
    0.0033 20190530
    0.0033 20190531
    0.0050 20190601
    0.0046 20190602
    0.0042 20190603
    0.0040 20190604
    0.0037 20190605
    0.0034 20190606
    0.0034 20190607
    0.0032 20190608
    0.0030 20190609
    0.0029 20190610
    0.0026 20190611
    0.0026 20190612
    0.0025 20190613
    0.0023 20190614
    0.0023 20190615
    0.0022 20190616
    0.0022 20190617
    0.0021 20190618
    0.0019 20190619
    0.0020 20190620
    0.0019 20190621
    0.0018 20190622
    0.0017 20190623
    0.0018 20190624
    0.0017 20190625
    0.0016 20190626
    0.0015 20190627
    0.0016 20190628
    0.0015 20190629
    0.0015 20190630
    0.0045 20190701
    0.0040 20190702
    0.0038 20190703
    0.0035 20190704
    0.0033 20190705
    0.0030 20190706
    0.0028 20190707
    0.0026 20190708
    0.0024 20190709
    0.0022 20190710
    0.0021 20190711
    0.0020 20190712
    0.0019 20190713
    0.0018 20190714
    0.0017 20190715
    0.0015 20190716
    0.0015 20190717
    0.0015 20190718
    0.0014 20190719
    0.0013 20190720
    0.0013 20190721
    0.0012 20190722
    0.0013 20190723
    0.0012 20190724
    0.0011 20190725
    0.0011 20190726
    0.0011 20190727
    0.0011 20190728
    0.0010 20190729
    0.0010 20190730
    0.0009 20190731
    0.0016 20190801
    0.0016 20190802
    0.0015 20190803
    0.0014 20190804
    0.0013 20190805
    0.0013 20190806
    0.0011 20190807
    0.0011 20190808
    0.0010 20190809
    0.0010 20190810
    0.0009 20190811
    0.0009 20190812
    0.0009 20190813
    0.0008 20190814
    0.0008 20190815
    0.0008 20190816
    0.0008 20190817
    0.0007 20190818
    0.0007 20190819
    0.0007 20190820
    0.0215 20190821
    0.0019 20190822
    0.0009 20190823
    0.0009 20190824
    0.0009 20190825
    0.0008 20190826
    0.1821 20190827
    0.0079 20190828
    0.0024 20190829
    0.0022 20190830
    0.0022 20190831
    0.0030 20190901
    0.0029 20190902
    0.0027 20190903
    0.0025 20190904
    0.0024 20190905
    0.0568 20190906
    0.0044 20190907
    0.0021 20190908
    0.0019 20190909
    0.0019 20190910
    0.2316 20190911
   14.4400 20190912
   21.2600 20190913
    1.7910 20190914
    1.2190 20190915
    0.8230 20190916
    0.5685 20190917
    0.4047 20190918
    0.2958 20190919
    0.2228 20190920
    0.1701 20190921
    0.1243 20190922
    0.0988 20190923
    0.0730 20190924
    0.0589 20190925
    0.0477 20190926
    0.0480 20190927
    0.0390 20190928
    0.0320 20190929
    0.0265 20190930
    0.0219 20191001
    0.0184 20191002
    0.0162 20191003
    0.0153 20191004
    0.0142 20191005
    0.0134 20191006
    0.0126 20191007
    0.0119 20191008
    0.0112 20191009
    0.0106 20191010
    0.0099 20191011
    0.0095 20191012
    0.0090 20191013
    0.0763 20191014
    0.0096 20191015
    0.0084 20191016
    0.0082 20191017
    0.0076 20191018
    0.0073 20191019
    0.0071 20191020
    0.0739 20191021
    1.0360 20191022
    0.1315 20191023
    0.0809 20191024
    0.0517 20191025
    0.0395 20191026
    0.0260 20191027
    0.0159 20191028
    0.0152 20191029
    0.0131 20191030
    0.0116 20191031
    0.0118 20191101
    0.0110 20191102
    0.0100 20191103
    0.0093 20191104
    0.0085 20191105
    0.0079 20191106
    0.0073 20191107
    0.0070 20191108
    0.0063 20191109
    0.0060 20191110
    0.0056 20191111
    0.0053 20191112
    0.0050 20191113
    0.0049 20191114
    0.0046 20191115
    0.0043 20191116
    0.0132 20191117
    0.0833 20191118
    0.0065 20191119
    0.0050 20191120
    0.0047 20191121
    0.0664 20191122
    0.0060 20191123
    0.0045 20191124
    0.0043 20191125
    0.0040 20191126
    0.0037 20191127
    0.0036 20191128
    0.0035 20191129
    0.0032 20191130
    0.0063 20191201
    0.5063 20191202
    3.7530 20191203
    0.5169 20191204
    0.3217 20191205
    0.2229 20191206
    0.1564 20191207
    0.1253 20191208
    0.1026 20191209
    0.0801 20191210
    0.0702 20191211
    0.0589 20191212
    0.0587 20191213
    0.0474 20191214
    0.0381 20191215
    0.0306 20191216
    0.0248 20191217
    0.0202 20191218
    0.0165 20191219
    0.0154 20191220
    0.0143 20191221
    0.0131 20191222
    0.0122 20191223
    0.0112 20191224
    0.0104 20191225
    0.0096 20191226
    0.0089 20191227
    0.0084 20191228
    0.0079 20191229
    0.0074 20191230
    0.0070 20191231
    0.0106 20200101
    0.0100 20200102
    0.0093 20200103
    0.0087 20200104
    0.0081 20200105
    0.0078 20200106
    0.0073 20200107
    0.0070 20200108
    0.0066 20200109
    0.0063 20200110
    0.0059 20200111
    0.0057 20200112
    0.0055 20200113
    0.0053 20200114
    0.0051 20200115
    0.0049 20200116
    0.0048 20200117
    0.0045 20200118
    0.0241 20200119
    0.0765 20200120
    0.0065 20200121
    0.0052 20200122
    0.0048 20200123
    0.0047 20200124
    0.0046 20200125
    0.0043 20200126
    0.0043 20200127
    0.0042 20200128
    0.0040 20200129
    0.0038 20200130
    0.0038 20200131
    0.0078 20200201
    0.0073 20200202
    0.0069 20200203
    0.0064 20200204
    0.0060 20200205
    0.0056 20200206
    0.0054 20200207
    0.0051 20200208
    0.0048 20200209
    0.0047 20200210
    0.0044 20200211
    0.0042 20200212
    0.0042 20200213
    0.0040 20200214
    0.0038 20200215
    0.0037 20200216
    0.0036 20200217
    0.0035 20200218
    0.0033 20200219
    0.0033 20200220
    0.0031 20200221
    0.0031 20200222
    0.0030 20200223
    0.0030 20200224
    0.0028 20200225
    0.0027 20200226
    0.0027 20200227
    0.0026 20200228
    0.0026 20200229
    0.0036 20200301
    0.0034 20200302
    0.0032 20200303
    0.0030 20200304
    0.0029 20200305
    0.0027 20200306
    0.0026 20200307
    0.0025 20200308
    0.0024 20200309
    0.0023 20200310
    0.0023 20200311
    0.0022 20200312
    0.0021 20200313
    0.0021 20200314
    0.0019 20200315
    0.0019 20200316
    0.0018 20200317
    0.0017 20200318
    0.0018 20200319
    0.0017 20200320
    0.0786 20200321
    0.0929 20200322
    0.0110 20200323
    0.0456 20200324
    0.0055 20200325
    0.0045 20200326
    0.0668 20200327
    0.0535 20200328
    0.0109 20200329
    0.0097 20200330
    0.0168 20200331
    0.0098 20200401
    0.1374 20200402
    0.0155 20200403
    0.0130 20200404
    0.0118 20200405
    0.0105 20200406
    0.0095 20200407
    0.0085 20200408
    0.0077 20200409
    0.0070 20200410
    0.0065 20200411
    0.0506 20200412
    0.0132 20200413
    0.0063 20200414
    0.0057 20200415
    0.0052 20200416
    0.0046 20200417
    0.0044 20200418
    0.0756 20200419
    0.0066 20200420
    0.0052 20200421
    0.0045 20200422
    0.0041 20200423
    0.0037 20200424
    0.0443 20200425
    0.0051 20200426
    0.0038 20200427
    0.0033 20200428
    0.0030 20200429
    0.0027 20200430
    0.0055 20200501
    0.0049 20200502
    0.0045 20200503
    0.0041 20200504
    0.0038 20200505
    0.0036 20200506
    0.0033 20200507
    0.0030 20200508
    0.0028 20200509
    0.0026 20200510
    0.0025 20200511
    0.0024 20200512
    0.0022 20200513
    0.0952 20200514
    0.0064 20200515
    0.0024 20200516
    0.0021 20200517
    0.0022 20200518
    0.0020 20200519
    0.0019 20200520
    0.0018 20200521
    0.0017 20200522
    0.0018 20200523
    0.0017 20200524
    0.0016 20200525
    0.0016 20200526
    0.0015 20200527
    0.0014 20200528
    0.0013 20200529
    0.0015 20200530
    0.0015 20200531
    0.0035 20200601
    0.0032 20200602
    0.0030 20200603
    0.0818 20200604
    0.0060 20200605
    0.0029 20200606
    0.0027 20200607
    0.0299 20200608
    0.0036 20200609
    0.0024 20200610
    0.0023 20200611
    0.0021 20200612
    0.0021 20200613
    0.0019 20200614
    0.0017 20200615
    0.0018 20200616
    0.0017 20200617
    0.0015 20200618
    0.0014 20200619
    0.0016 20200620
    0.0015 20200621
    0.0014 20200622
    0.0013 20200623
    0.0012 20200624
    0.0012 20200625
    0.0011 20200626
    0.0013 20200627
    0.0013 20200628
    0.0012 20200629
    0.0012 20200630
    0.0047 20200701
    0.0042 20200702
    0.0039 20200703
    0.0036 20200704
    0.0033 20200705
    0.0031 20200706
    0.0027 20200707
    0.0026 20200708
    0.0024 20200709
    0.0022 20200710
    0.0020 20200711
    0.0019 20200712
    0.0019 20200713
    0.0016 20200714
    0.0016 20200715
    0.0015 20200716
    0.0015 20200717
    0.0014 20200718
    0.0012 20200719
    0.0013 20200720
    0.0012 20200721
    0.0011 20200722
    0.0011 20200723
    0.0010 20200724
    0.0011 20200725
    0.0011 20200726
    0.0010 20200727
    0.0010 20200728
    0.0009 20200729
    0.0009 20200730
    0.0008 20200731
    0.0017 20200801
    0.0016 20200802
    0.0015 20200803
    0.0013 20200804
    0.0013 20200805
    0.0013 20200806
    0.0011 20200807
    0.0010 20200808
    0.0011 20200809
    0.0010 20200810
    0.0051 20200811
    0.0010 20200812
    0.0009 20200813
    0.0008 20200814
    0.0008 20200815
    0.0007 20200816
    0.0007 20200817
    0.0008 20200818
    0.0008 20200819
    0.0007 20200820
    0.0007 20200821
    0.0007 20200822
    0.0006 20200823
    0.0006 20200824
    0.0006 20200825
    0.0005 20200826
    0.0005 20200827
    0.0005 20200828
    0.0372 20200829
    0.0030 20200830
    0.0008 20200831
    0.0015 20200901
    0.0015 20200902
    0.0013 20200903
    0.0013 20200904
    0.0011 20200905
    0.0012 20200906
    0.0010 20200907
    0.0009 20200908
    0.0008 20200909
    0.0009 20200910
    0.0009 20200911
    0.0008 20200912
    0.0007 20200913
    0.0007 20200914
    0.0006 20200915
    0.0006 20200916
    0.0008 20200917
    0.0168 20200918
    0.0018 20200919
    0.0007 20200920
    0.0007 20200921
    0.0007 20200922
    0.0006 20200923
    0.0006 20200924
    0.0006 20200925
    0.0006 20200926
    0.0005 20200927
    0.0005 20200928
    0.0005 20200929
    0.0005 20200930
    0.0005 20201001
    0.0005 20201002
    0.0005 20201003
    0.0005 20201004
    0.0005 20201005
    0.0005 20201006
    0.0004 20201007
    0.0004 20201008
    0.0006 20201009
    0.0006 20201010
    0.0006 20201011
    0.0006 20201012
    0.0006 20201013
    0.0005 20201014
    0.0005 20201015
    0.0005 20201016
    0.0005 20201017
    0.0005 20201018
    0.0005 20201019
    0.0004 20201020
    0.0004 20201021
    0.0004 20201022
    0.0004 20201023
    0.0004 20201024
    0.0004 20201025
    0.0004 20201026
    0.0004 20201027
    0.0004 20201028
    0.0003 20201029
    0.0003 20201030
    0.0003 20201031
    0.0020 20201101
    0.0019 20201102
    0.0017 20201103
    0.0015 20201104
    0.0014 20201105
    0.0013 20201106
    0.0049 20201107
    0.0012 20201108
    0.0010 20201109
    0.0010 20201110
    0.0009 20201111
    0.0009 20201112
    0.0008 20201113
    0.0007 20201114
    0.0007 20201115
    0.0008 20201116
    0.0007 20201117
    0.0006 20201118
    0.0006 20201119
    0.0005 20201120
    0.0005 20201121
    0.0006 20201122
    0.0006 20201123
    0.0006 20201124
    0.0005 20201125
    0.0005 20201126
    0.0068 20201127
    0.0009 20201128
    0.0005 20201129
    0.0005 20201130
    0.0021 20201201
    0.0019 20201202
    0.0018 20201203
    0.0016 20201204
    0.0014 20201205
    0.0014 20201206
    0.0013 20201207
    0.0011 20201208
    0.0011 20201209
    0.0010 20201210
    0.0009 20201211
    0.0009 20201212
    0.0008 20201213
    0.0008 20201214
    0.0007 20201215
    0.0007 20201216
    0.0006 20201217
    0.0007 20201218
    0.0006 20201219
    0.0006 20201220
    0.0005 20201221
    0.0005 20201222
    0.0005 20201223
    0.0004 20201224
    0.0006 20201225
    0.0005 20201226
    0.0005 20201227
    0.0005 20201228
    0.0005 20201229
    0.0004 20201230
    0.0004 20201231
    0.0019 20210101
    0.0017 20210102
    0.0017 20210103
    0.0015 20210104
    0.0014 20210105
    0.0012 20210106
    0.0575 20210107
    0.0586 20210108
    0.0436 20210109
    0.0392 20210110
    0.0108 20210111
    0.0094 20210112
    0.0085 20210113
    0.0077 20210114
    0.0068 20210115
    0.0062 20210116
    0.0056 20210117
    0.0050 20210118
    0.0046 20210119
    0.0041 20210120
    0.0039 20210121
    0.0034 20210122
    0.0033 20210123
    0.0029 20210124
    0.0029 20210125
    0.0024 20210126
    0.0023 20210127
    0.0023 20210128
    0.0020 20210129
    0.0019 20210130
    0.0018 20210131
    0.0036 20210201
    0.0033 20210202
    0.0030 20210203
    0.0028 20210204
    0.0025 20210205
    0.0024 20210206
    0.0022 20210207
    0.0020 20210208
    0.0019 20210209
    0.0018 20210210
    0.0016 20210211
    0.0016 20210212
    0.0014 20210213
    0.0014 20210214
    0.0013 20210215
    0.0012 20210216
    0.0012 20210217
    0.0011 20210218
    0.0010 20210219
    0.0010 20210220
    0.0011 20210221
    0.0010 20210222
    0.0009 20210223
    0.0009 20210224
    0.0008 20210225
    0.0008 20210226
    0.0008 20210227
    0.0009 20210228
    0.0020 20210301
    0.0018 20210302
    0.0016 20210303
    0.0015 20210304
    0.0014 20210305
    0.0162 20210306
    0.0304 20210307
    0.0183 20210308
    0.0033 20210309
    0.0026 20210310
    0.0023 20210311
    0.0021 20210312
    0.0020 20210313
    0.0019 20210314
    0.0018 20210315
    0.0015 20210316
    0.0015 20210317
    0.0053 20210318
    0.0257 20210319
    0.0204 20210320
    0.0026 20210321
    0.0015 20210322
    0.0013 20210323
    0.0012 20210324
    0.0011 20210325
    0.0013 20210326
    0.0012 20210327
    0.0011 20210328
    0.0010 20210329
    0.0010 20210330
    0.0009 20210331
    0.0021 20210401
    0.0019 20210402
    0.0016 20210403
    0.0016 20210404
    0.0016 20210405
    0.0014 20210406
    0.0012 20210407
    0.0013 20210408
    0.0833 20210409
    0.0630 20210410
    0.0056 20210411
    0.0028 20210412
    0.0026 20210413
    0.0160 20210414
    0.0198 20210415
    0.0080 20210416
    0.0023 20210417
    0.0021 20210418
    0.0018 20210419
    0.0016 20210420
    0.0016 20210421
    0.0420 20210422
    0.0039 20210423
    0.0015 20210424
    0.0013 20210425
    0.0364 20210426
    0.0037 20210427
    0.0011 20210428
    0.0013 20210429
    0.0012 20210430
    0.0041 20210501
    0.0037 20210502
    0.0328 20210503
    0.0044 20210504
    0.0032 20210505
    0.0029 20210506
    0.0027 20210507
    0.0022 20210508
    0.0021 20210509
    0.0122 20210510
    0.0024 20210511
    0.0018 20210512
    0.0016 20210513
    0.0017 20210514
    0.0015 20210515
    0.0013 20210516
    0.0015 20210517
    0.0013 20210518
    0.0012 20210519
    0.0011 20210520
    0.0010 20210521
    0.0010 20210522
    0.0149 20210523
    0.0022 20210524
    0.0011 20210525
    0.0010 20210526
    0.0010 20210527
    0.0502 20210528
    0.0043 20210529
    0.0010 20210530
    0.0009 20210531
    0.0065 20210601
    0.0031 20210602
    0.0027 20210603
    0.0027 20210604
    0.0136 20210605
    0.0028 20210606
    0.0020 20210607
    0.0019 20210608
    0.0019 20210609
    0.0016 20210610
    0.0014 20210611
    0.0015 20210612
    0.0013 20210613
    0.0012 20210614
    0.0013 20210615
    0.0012 20210616
    0.0011 20210617
    0.0010 20210618
    0.0009 20210619
    0.0011 20210620
    0.0010 20210621
    0.0010 20210622
    0.0009 20210623
    0.0009 20210624
    0.0008 20210625
    0.0008 20210626
    0.0007 20210627
    0.0007 20210628
    0.0007 20210629
    0.0006 20210630
    0.0034 20210701
    0.0031 20210702
    0.0027 20210703
    0.0025 20210704
    0.0023 20210705
    0.0020 20210706
    0.0019 20210707
    0.0018 20210708
    0.0017 20210709
    0.0016 20210710
    0.0014 20210711
    0.0014 20210712
    0.0012 20210713
    0.0011 20210714
    0.0012 20210715
    0.0010 20210716
    0.0009 20210717
    0.0011 20210718
    0.0010 20210719
    0.0009 20210720
    0.0008 20210721
    0.0008 20210722
    0.0007 20210723
    0.0007 20210724
    0.0008 20210725
    0.0152 20210726
    0.0019 20210727
    0.0008 20210728
    0.0007 20210729
    0.0007 20210730
    0.0007 20210731
    0.0013 20210801
    0.0013 20210802
    0.0011 20210803
    0.0012 20210804
    0.0010 20210805
    0.0009 20210806
    0.0010 20210807
    0.0009 20210808
    0.0008 20210809
    0.0007 20210810
    0.0007 20210811
    0.0008 20210812
    0.0007 20210813
    0.0007 20210814
    0.0006 20210815
    0.0006 20210816
    0.0006 20210817
    0.0005 20210818
    0.0005 20210819
    0.0005 20210820
    0.0005 20210821
    0.0004 20210822
    0.0004 20210823
    0.0006 20210824
    0.0006 20210825
    0.0006 20210826
    0.0005 20210827
    0.0005 20210828
    0.0005 20210829
    0.0005 20210830
    0.0005 20210831
    0.0007 20210901
    0.0006 20210902
    0.0005 20210903
    0.0005 20210904
    0.0005 20210905
    0.0004 20210906
    0.0004 20210907
    0.0004 20210908
    0.0005 20210909
    0.0005 20210910
    0.0005 20210911
    0.0005 20210912
    0.0005 20210913
    0.0004 20210914
    0.0004 20210915
    0.0004 20210916
    0.0004 20210917
    0.0004 20210918
    0.0004 20210919
    0.0280 20210920
    0.0153 20210921
    0.0019 20210922
    0.0004 20210923
    0.0004 20210924
    0.0004 20210925
    0.0004 20210926
    0.0004 20210927
    0.0003 20210928
    0.0003 20210929
    0.0003 20210930
    0.0004 20211001
    0.0004 20211002
    0.0056 20211003
    0.0007 20211004
    0.0003 20211005
    0.0003 20211006
    0.0003 20211007
    0.0003 20211008
    0.0003 20211009
    0.0003 20211010
    0.0003 20211011
    0.0003 20211012
    0.0003 20211013
    0.0003 20211014
    0.0003 20211015
    0.0002 20211016
    0.0002 20211017
    0.0002 20211018
    0.0002 20211019
    0.0004 20211020
    0.0004 20211021
    0.0099 20211022
    0.0015 20211023
    0.0004 20211024
    0.0004 20211025
    0.0914 20211026
    0.0092 20211027
    0.0011 20211028
    0.0006 20211029
    0.0005 20211030
    0.0005 20211031
    0.0033 20211101
    0.0072 20211102
    0.0029 20211103
    0.0025 20211104
    0.0422 20211105
    0.0043 20211106
    0.0023 20211107
    0.0021 20211108
    0.0020 20211109
    0.0017 20211110
    0.0017 20211111
    0.0014 20211112
    0.0015 20211113
    0.0013 20211114
    0.0014 20211115
    0.0012 20211116
    0.0158 20211117
    0.0996 20211118
    0.0658 20211119
    0.0363 20211120
    0.0824 20211121
    0.0194 20211122
    0.0150 20211123
    0.0137 20211124
    0.0125 20211125
    0.0112 20211126
    0.0103 20211127
    0.0092 20211128
    0.0083 20211129
    0.0075 20211130
    0.0071 20211201
    0.0064 20211202
    0.0060 20211203
    0.0053 20211204
    0.0047 20211205
    0.0044 20211206
    0.0041 20211207
    0.0037 20211208
    0.0034 20211209
    0.0031 20211210
    0.0028 20211211
    0.0026 20211212
    0.0026 20211213
    0.0022 20211214
    0.0020 20211215
    0.0019 20211216
    0.0018 20211217
    0.0050 20211218
    0.0016 20211219
    0.0014 20211220
    0.0015 20211221
    0.0013 20211222
    0.0011 20211223
    0.0012 20211224
    0.0011 20211225
    0.0010 20211226
    0.0009 20211227
    0.0008 20211228
    0.0010 20211229
    0.0009 20211230
    0.0009 20211231
    0.0029 20220101
    0.0027 20220102
    0.0024 20220103
    0.0022 20220104
    0.0020 20220105
    0.0018 20220106
    0.0017 20220107
    0.0016 20220108
    0.0016 20220109
    0.0013 20220110
    0.0266 20220111
    0.0030 20220112
    0.0014 20220113
    0.0013 20220114
    0.0011 20220115
    0.0010 20220116
    0.0011 20220117
    0.0010 20220118
    0.0010 20220119
    0.0009 20220120
    0.0008 20220121
    0.0052 20220122
    0.0009 20220123
    0.0009 20220124
    0.0890 20220125
    0.0054 20220126
    0.0018 20220127
    0.0017 20220128
    0.0014 20220129
    0.0015 20220130
    0.0013 20220131
    0.0039 20220201
    0.0036 20220202
    0.0033 20220203
    0.0029 20220204
    0.0028 20220205
    0.0025 20220206
    0.0023 20220207
    0.0022 20220208
    0.0021 20220209
    0.0018 20220210
    0.0017 20220211
    0.0015 20220212
    0.0016 20220213
    0.0014 20220214
    0.0015 20220215
    0.0013 20220216
    0.0012 20220217
    0.0011 20220218
    0.0012 20220219
    0.0012 20220220
    0.0011 20220221
    0.0010 20220222
    0.0010 20220223
    0.0009 20220224
    0.0011 20220225
    0.0010 20220226
    0.0010 20220227
    0.0009 20220228
    0.0019 20220301
    0.0018 20220302
    0.0015 20220303
    0.0392 20220304
    0.0132 20220305
    0.0029 20220306
    0.0327 20220307
    0.0041 20220308
    0.0028 20220309
    0.0026 20220310
    0.0024 20220311
    0.0023 20220312
    0.0019 20220313
    0.0030 20220314
    0.0019 20220315
    0.0310 20220316
    0.0038 20220317
    0.0017 20220318
    0.0015 20220319
    0.0054 20220320
    0.0053 20220321
    0.0080 20220322
    0.0016 20220323
    0.0012 20220324
    0.0058 20220325
    0.0012 20220326
    0.0012 20220327
    0.0011 20220328
    0.0011 20220329
    0.0839 20220330
    0.0247 20220331
    0.0046 20220401
    0.0035 20220402
    0.0033 20220403
    0.0081 20220404
    0.0582 20220405
    0.0055 20220406
    0.0030 20220407
    0.0027 20220408
    0.0026 20220409
    0.0025 20220410
    0.0022 20220411
    0.0103 20220412
    0.0150 20220413
    0.0026 20220414
    0.0019 20220415
    0.0020 20220416
    0.0018 20220417
    0.0017 20220418
    0.0016 20220419
    0.0057 20220420
    0.0015 20220421
    0.0015 20220422
    0.0015 20220423
    0.0014 20220424
    0.0013 20220425
    0.0013 20220426
    0.0012 20220427
    0.0107 20220428
    0.0020 20220429
    0.0013 20220430
    0.0028 20220501
    0.0026 20220502
    0.0041 20220503
    0.0345 20220504
    0.0038 20220505
    0.0021 20220506
    0.0020 20220507
    0.0020 20220508
    0.0018 20220509
    0.0018 20220510
    0.0016 20220511
    0.0014 20220512
    0.0015 20220513
    0.0014 20220514
    0.0013 20220515
    0.0012 20220516
    0.0011 20220517
    0.0013 20220518
    0.0012 20220519
    0.0011 20220520
    0.0010 20220521
    0.0010 20220522
    0.0009 20220523
    0.0009 20220524
    0.0008 20220525
    0.0008 20220526
    0.0010 20220527
    0.0010 20220528
    0.0009 20220529
    0.0009 20220530
    0.0009 20220531
    0.0019 20220601
    0.0018 20220602
    0.0017 20220603
    0.0016 20220604
    0.0014 20220605
    0.0014 20220606
    0.0012 20220607
    0.0013 20220608
    0.0011 20220609
    0.0010 20220610
    0.0011 20220611
    0.0010 20220612
    0.0009 20220613
    0.0008 20220614
    0.0008 20220615
    0.0007 20220616
    0.0009 20220617
    0.0008 20220618
    0.0008 20220619
    0.0007 20220620
    0.0007 20220621
    0.0006 20220622
    0.0006 20220623
    0.0006 20220624
    0.0006 20220625
    0.0005 20220626
    0.0005 20220627
    0.0005 20220628
    0.0005 20220629
    0.0004 20220630
    0.0023 20220701
    0.0022 20220702
    0.0019 20220703
    0.0017 20220704
    0.0017 20220705
    0.0016 20220706
    0.0013 20220707
    0.0012 20220708
    0.0012 20220709
    0.0010 20220710
    0.0010 20220711
    0.0009 20220712
    0.0009 20220713
    0.0008 20220714
    0.0007 20220715
    0.0008 20220716
    0.0008 20220717
    0.0007 20220718
    0.0006 20220719
    0.0006 20220720
    0.0005 20220721
    0.0007 20220722
    0.0006 20220723
    0.0006 20220724
    0.0006 20220725
    0.0005 20220726
    0.0005 20220727
    0.0005 20220728
    0.0005 20220729
    0.0004 20220730
    0.0004 20220731
    0.0009 20220801
    0.0008 20220802
    0.0008 20220803
    0.0007 20220804
    0.0008 20220805
    0.0007 20220806
    0.0006 20220807
    0.0587 20220808
    0.0042 20220809
    0.0008 20220810
    0.0009 20220811
    0.0008 20220812
    0.0008 20220813
    0.0007 20220814
    0.0007 20220815
    0.0006 20220816
    0.0006 20220817
    0.0006 20220818
    0.0005 20220819
    0.0005 20220820
    0.0005 20220821
    0.0007 20220822
    0.0007 20220823
    0.0006 20220824
    0.0006 20220825
    0.0006 20220826
    0.0006 20220827
    0.0005 20220828
    0.0005 20220829
    0.0005 20220830
    0.0005 20220831
    0.0007 20220901
    0.0006 20220902
    0.0006 20220903
    0.0005 20220904
    0.0005 20220905
    0.0005 20220906
    0.0004 20220907
    0.0006 20220908
    0.0006 20220909
    0.0005 20220910
    0.0005 20220911
    0.0005 20220912
    0.0005 20220913
    0.0004 20220914
    0.0004 20220915
    0.0004 20220916
    0.0004 20220917
    0.0004 20220918
    0.0004 20220919
    0.0004 20220920
    0.0003 20220921
    0.0003 20220922
    0.0003 20220923
    0.0003 20220924
    0.0806 20220925
    0.0064 20220926
    0.0007 20220927
    0.0004 20220928
    0.0004 20220929
    0.0004 20220930
    0.0005 20221001
    0.0005 20221002
    0.0004 20221003
    0.0004 20221004
    0.0004 20221005
    0.0136 20221006
    0.0017 20221007
    0.0004 20221008
    0.0004 20221009
    0.0059 20221010
    0.0008 20221011
    0.0003 20221012
    0.0003 20221013
    0.0003 20221014
    0.0003 20221015
    0.0003 20221016
    0.0003 20221017
    0.0003 20221018
    0.0003 20221019
    0.0003 20221020
    0.0003 20221021
    0.0005 20221022
    0.0005 20221023
    0.0005 20221024
    0.0005 20221025
    0.0005 20221026
    0.0004 20221027
    0.0004 20221028
    0.0004 20221029
    0.0004 20221030
    0.0004 20221031
    0.0020 20221101
    0.0019 20221102
    0.0017 20221103
    0.0015 20221104
    0.0014 20221105
    0.0012 20221106
    0.0012 20221107
    0.0010 20221108
    0.0197 20221109
    0.0024 20221110
    0.0009 20221111
    0.0010 20221112
    0.0009 20221113
    0.0008 20221114
    0.0007 20221115
    0.0007 20221116
    0.0006 20221117
    0.0766 20221118
    0.0959 20221119
    0.1130 20221120
    0.1281 20221121
    0.1429 20221122
    0.1548 20221123
    0.1648 20221124
    0.1732 20221125
    0.1806 20221126
    0.1872 20221127
    0.1932 20221128
    0.1987 20221129
    0.2037 20221130
    0.2083 20221201
    0.0958 20221202
    0.0780 20221203
    0.0748 20221204
    0.0708 20221205
    0.0788 20221206
    0.0628 20221207
    0.0581 20221208
    0.0550 20221209
    0.0513 20221210
    0.0565 20221211
    0.0443 20221212
    0.0364 20221213
    0.0295 20221214
    0.0442 20221215
    0.0197 20221216
    0.0160 20221217
    0.0147 20221218
    0.0133 20221219
    0.0121 20221220
    0.0109 20221221
    0.0098 20221222
    0.0089 20221223
    0.0083 20221224
    0.0075 20221225
    0.0069 20221226
    0.0062 20221227
    0.0057 20221228
    0.0052 20221229
    0.0049 20221230
    0.0045 20221231
    0.0064 20230101
    0.0058 20230102
    0.0054 20230103
    0.0050 20230104
    0.0046 20230105
    0.0043 20230106
    0.0041 20230107
    0.0038 20230108
    0.0037 20230109
    0.0036 20230110
    0.0034 20230111
    0.0032 20230112
    0.0029 20230113
    0.0029 20230114
    0.0029 20230115
    0.0027 20230116
    0.0025 20230117
    0.0025 20230118
    0.0024 20230119
    0.0022 20230120
    0.0023 20230121
    0.0022 20230122
    0.0021 20230123
    0.0325 20230124
    0.0036 20230125
    0.0024 20230126
    0.0022 20230127
    0.0021 20230128
    0.0096 20230129
    0.0024 20230130
    0.0021 20230131
    0.0036 20230201
    0.0034 20230202
    0.0031 20230203
    0.0030 20230204
    0.0028 20230205
    0.0026 20230206
    0.0025 20230207
    0.0185 20230208
    0.0031 20230209
    0.0023 20230210
    0.0021 20230211
    0.0021 20230212
    0.0020 20230213
    0.0018 20230214
    0.0019 20230215
    0.0018 20230216
    0.0017 20230217
    0.0018 20230218
    0.0017 20230219
    0.0016 20230220
    0.0015 20230221
    0.0015 20230222
    0.0014 20230223
    0.0015 20230224
    0.0015 20230225
    0.0014 20230226
    0.0013 20230227
    0.0013 20230228
    0.0081 20230301
    0.0025 20230302
    0.0022 20230303
    0.0020 20230304
    0.0031 20230305
    0.0017 20230306
    0.0017 20230307
    0.0015 20230308
    0.0039 20230309
    0.0014 20230310
    0.0013 20230311
    0.0013 20230312
    0.0012 20230313
    0.0011 20230314
    0.0011 20230315
    0.0012 20230316
    0.0011 20230317
    0.0010 20230318
    0.0010 20230319
    0.0009 20230320
    0.0009 20230321
    0.0010 20230322
    0.0010 20230323
    0.0009 20230324
    0.0009 20230325
    0.0008 20230326
    0.0008 20230327
    0.0008 20230328
    0.0007 20230329
    0.0007 20230330
    0.0007 20230331
    0.0011 20230401
    0.0010 20230402
    0.0010 20230403
    0.0009 20230404
    0.0008 20230405
    0.0009 20230406
    0.0008 20230407
    0.0007 20230408
    0.0007 20230409
    0.0006 20230410
    0.0007 20230411
    0.0007 20230412
    0.0007 20230413
    0.0006 20230414
    0.0006 20230415
    0.0025 20230416
    0.0006 20230417
    0.0005 20230418
    0.0005 20230419
    0.0005 20230420
    0.0006 20230421
    0.0006 20230422
    0.0005 20230423
    0.0005 20230424
    0.0005 20230425
    0.0005 20230426
    0.0005 20230427
    0.0071 20230428
    0.0019 20230429
    0.0005 20230430
    0.0015 20230501
    0.0014 20230502
    0.0013 20230503
    0.0012 20230504
    0.0052 20230505
    0.0012 20230506
    0.0010 20230507
    0.0273 20230508
    0.5335 20230509
    0.8293 20230510
    0.0788 20230511
    0.0592 20230512
    0.0657 20230513
    0.0475 20230514
    0.0419 20230515
    0.3643 20230516
    0.0464 20230517
    0.0414 20230518
    0.0335 20230519
    0.3639 20230520
    0.0427 20230521
    0.0373 20230522
    0.0301 20230523
    0.1158 20230524
    0.0328 20230525
    0.0252 20230526
    0.0202 20230527
    0.0164 20230528
    0.0150 20230529
    0.0418 20230530
    0.0130 20230531
    0.0119 20230601
    0.0108 20230602
    0.0096 20230603
    0.0088 20230604
    0.0080 20230605
    0.0071 20230606
    0.0067 20230607
    0.0059 20230608
    0.0054 20230609
    0.0049 20230610
    0.0046 20230611
    0.0040 20230612
    0.0038 20230613
    0.0035 20230614
    0.0035 20230615
    0.0031 20230616
    0.0030 20230617
    0.0027 20230618
    0.0025 20230619
    0.0024 20230620
    0.0021 20230621
    0.0023 20230622
    0.0022 20230623
    0.0020 20230624
    0.0020 20230625
    0.0018 20230626
    0.0017 20230627
    0.0018 20230628
    0.0017 20230629
    0.0016 20230630
    0.0045 20230701
    0.0042 20230702
    0.0039 20230703
    0.0035 20230704
    0.0032 20230705
    0.0032 20230706
    0.0027 20230707
    0.0025 20230708
    0.0025 20230709
    0.0023 20230710
    0.0020 20230711
    0.0019 20230712
    0.0019 20230713
    0.0017 20230714
    0.0017 20230715
    0.0015 20230716
    0.0016 20230717
    0.0014 20230718
    0.0013 20230719
    0.0012 20230720
    0.0013 20230721
    0.0012 20230722
    0.0012 20230723
    0.0011 20230724
    0.0010 20230725
    0.0012 20230726
    0.0011 20230727
    0.0010 20230728
    0.0010 20230729
    0.0009 20230730
    0.0009 20230731
    0.0017 20230801
    0.0016 20230802
    0.0014 20230803
    0.0014 20230804
    0.0012 20230805
    0.0012 20230806
    0.0011 20230807
    0.0011 20230808
    0.0010 20230809
    0.0009 20230810
    0.0010 20230811
    0.0009 20230812
    0.0009 20230813
    0.0008 20230814
    0.0008 20230815
    0.0007 20230816
    0.3976 20230817
    0.0212 20230818
    0.0118 20230819
    0.0103 20230820
    0.0530 20230821
    0.0075 20230822
    0.0047 20230823
    0.0037 20230824
    0.0028 20230825
    0.0025 20230826
    0.0022 20230827
    0.0021 20230828
    0.0018 20230829
    0.0016 20230830
    0.0017 20230831
    0.0020 20230901
    0.0018 20230902
    0.0016 20230903
    0.0017 20230904
    0.0016 20230905
    0.0015 20230906
    0.0014 20230907
    0.0013 20230908
    0.0015 20230909
    0.0014 20230910
    0.0013 20230911
    0.0012 20230912
    0.0012 20230913
    0.0011 20230914
    0.0010 20230915
    0.0010 20230916
    0.0010 20230917
    0.0009 20230918
    0.0064 20230919
    0.0009 20230920
    0.0011 20230921
    0.0010 20230922
    0.0010 20230923
    0.0009 20230924
    0.0009 20230925
    0.0009 20230926
    0.0008 20230927
    0.0008 20230928
    0.0008 20230929
    0.0007 20230930
    0.0008 20231001
    0.0008 20231002
    0.0008 20231003
    0.0007 20231004
    0.0007 20231005
    0.0007 20231006
    0.0007 20231007
    0.0006 20231008
    0.0006 20231009
    0.0006 20231010
    0.0006 20231011
    0.0006 20231012
    0.0005 20231013
    0.0008 20231014
    0.0008 20231015
    0.0007 20231016
    0.0007 20231017
    0.0007 20231018
    0.0007 20231019
    0.0006 20231020
    0.0006 20231021
    0.0006 20231022
    0.0006 20231023
    0.0006 20231024
    0.0006 20231025
    0.0005 20231026
    0.0005 20231027
    0.0005 20231028
    0.0005 20231029
    0.0005 20231030
    0.0005 20231031
    0.0025 20231101
    0.0022 20231102
    0.0022 20231103
    0.0020 20231104
    0.0018 20231105
    0.1395 20231106
    0.0090 20231107
    0.0038 20231108
    0.0034 20231109
    0.0030 20231110
    0.0029 20231111
    0.0026 20231112
    0.0024 20231113
    0.0022 20231114
    0.0021 20231115
    0.0018 20231116
    0.0018 20231117
    0.0015 20231118
    0.0016 20231119
    0.0014 20231120
    0.0015 20231121
    0.0013 20231122
    0.0012 20231123
    0.0011 20231124
    0.0012 20231125
    0.0011 20231126
    0.0010 20231127
    0.0010 20231128
    0.0009 20231129
    0.0008 20231130
    0.0028 20231201
    0.0026 20231202
    0.0023 20231203
    0.0021 20231204
    0.0019 20231205
    0.0262 20231206
    0.0032 20231207
    0.0021 20231208
    0.0020 20231209
    0.0019 20231210
    0.0016 20231211
    0.0016 20231212
    0.0016 20231213
    0.0014 20231214
    0.0012 20231215
    0.0013 20231216
    0.0011 20231217
    0.0010 20231218
    0.0009 20231219
    0.0011 20231220
    0.0010 20231221
    0.0009 20231222
    0.0008 20231223
    0.0008 20231224
    0.0007 20231225
    0.0009 20231226
    0.0009 20231227
    0.0008 20231228
    0.0008 20231229
    0.0007 20231230
    0.0007 20231231
