    0.0001 20030101
    0.0001 20030102
    0.0001 20030103
    0.0001 20030104
    0.0001 20030105
    0.0001 20030106
    0.0002 20030107
    0.0002 20030108
    0.0002 20030109
    1.8370 20030110
    0.9504 20030111
    0.7519 20030112
    0.3829 20030113
    0.2797 20030114
    0.2190 20030115
    0.1676 20030116
    0.1271 20030117
    0.0968 20030118
    0.0727 20030119
    0.0563 20030120
    0.0419 20030121
    0.0345 20030122
    0.0283 20030123
    0.0220 20030124
    0.0165 20030125
    0.0138 20030126
    0.0112 20030127
    0.0103 20030128
    0.0085 20030129
    0.0073 20030130
    0.0064 20030131
    0.0077 20030201
    0.0069 20030202
    0.0074 20030203
    0.0067 20030204
    0.0060 20030205
    0.0054 20030206
    0.0049 20030207
    0.0045 20030208
    0.0041 20030209
    0.0038 20030210
    0.0043 20030211
    0.0039 20030212
    0.0036 20030213
    0.0033 20030214
    0.0031 20030215
    0.0028 20030216
    0.0026 20030217
    0.0025 20030218
    0.0023 20030219
    0.0022 20030220
    0.0020 20030221
    0.0019 20030222
    0.0018 20030223
    0.0022 20030224
    0.0021 20030225
    0.0020 20030226
    0.0019 20030227
    0.0018 20030228
    0.0020 20030301
    0.0019 20030302
    0.0019 20030303
    0.0018 20030304
    0.0018 20030305
    0.0017 20030306
    0.0017 20030307
    0.0016 20030308
    0.0016 20030309
    0.0015 20030310
    0.0015 20030311
    0.0014 20030312
    0.0014 20030313
    0.0014 20030314
    0.0013 20030315
    0.0013 20030316
    0.0012 20030317
    0.0012 20030318
    0.0012 20030319
    0.0015 20030320
    0.0014 20030321
    0.0013 20030322
    0.0013 20030323
    0.0012 20030324
    0.0012 20030325
    0.0011 20030326
    0.0011 20030327
    0.0010 20030328
    0.0010 20030329
    0.0010 20030330
    0.0009 20030331
    0.0010 20030401
    0.0010 20030402
    0.0009 20030403
    0.0009 20030404
    0.0009 20030405
    0.0010 20030406
    0.0009 20030407
    0.0009 20030408
    0.0009 20030409
    0.0008 20030410
    0.0008 20030411
    0.0007 20030412
    0.0007 20030413
    0.0007 20030414
    0.0007 20030415
    0.0007 20030416
    0.0006 20030417
    0.0006 20030418
    0.0006 20030419
    0.0006 20030420
    0.0006 20030421
    0.0008 20030422
    0.0007 20030423
    0.0007 20030424
    0.0007 20030425
    0.0006 20030426
    0.0006 20030427
    0.0006 20030428
    0.0006 20030429
    0.0005 20030430
    0.0006 20030501
    0.0005 20030502
    0.0005 20030503
    0.0005 20030504
    0.0005 20030505
    0.0005 20030506
    0.0005 20030507
    0.0005 20030508
    0.0005 20030509
    0.0007 20030510
    0.0007 20030511
    0.0006 20030512
    0.0006 20030513
    0.0006 20030514
    0.0006 20030515
    0.0005 20030516
    0.0005 20030517
    0.0005 20030518
    0.0005 20030519
    0.0005 20030520
    0.0004 20030521
    0.0004 20030522
    0.0004 20030523
    0.0004 20030524
    0.0004 20030525
    0.0004 20030526
    0.0004 20030527
    0.0004 20030528
    0.0003 20030529
    0.0003 20030530
    0.0003 20030531
    0.0005 20030601
    0.0005 20030602
    0.0005 20030603
    0.0005 20030604
    0.0004 20030605
    0.0004 20030606
    0.0004 20030607
    0.0004 20030608
    0.0004 20030609
    0.0004 20030610
    0.0004 20030611
    0.0004 20030612
    0.0003 20030613
    0.0003 20030614
    0.0003 20030615
    0.0003 20030616
    0.0003 20030617
    0.0003 20030618
    0.0003 20030619
    0.0003 20030620
    0.0003 20030621
    0.0003 20030622
    0.0002 20030623
    0.0003 20030624
    0.0003 20030625
    0.0003 20030626
    0.0003 20030627
    0.0003 20030628
    0.0003 20030629
    0.0003 20030630
    0.0005 20030701
    0.0005 20030702
    0.0005 20030703
    0.0004 20030704
    0.0004 20030705
    0.0004 20030706
    0.0004 20030707
    0.0004 20030708
    0.0004 20030709
    0.0004 20030710
    0.0004 20030711
    0.0004 20030712
    0.0003 20030713
    0.0003 20030714
    0.0003 20030715
    0.0003 20030716
    0.0003 20030717
    0.0003 20030718
    0.0003 20030719
    0.0003 20030720
    0.0003 20030721
    0.0003 20030722
    0.0003 20030723
    0.0002 20030724
    0.0002 20030725
    0.0003 20030726
    0.0003 20030727
    0.0003 20030728
    0.0003 20030729
    0.0003 20030730
    0.0003 20030731
    0.0003 20030801
    0.0003 20030802
    0.0003 20030803
    0.0003 20030804
    0.0003 20030805
    0.0002 20030806
    0.0002 20030807
    0.0002 20030808
    0.0003 20030809
    0.0003 20030810
    0.0003 20030811
    0.0003 20030812
    0.0003 20030813
    0.0002 20030814
    0.0002 20030815
    0.0002 20030816
    0.0002 20030817
    0.0002 20030818
    0.0002 20030819
    0.0002 20030820
    0.0002 20030821
    0.0002 20030822
    0.0002 20030823
    0.0002 20030824
    0.0002 20030825
    0.0002 20030826
    0.0003 20030827
    0.0003 20030828
    0.0003 20030829
    0.0003 20030830
    0.0003 20030831
    0.0002 20030901
    0.0002 20030902
    0.0002 20030903
    0.0002 20030904
    0.0002 20030905
    0.0002 20030906
    0.0002 20030907
    0.0001 20030908
    0.0003 20030909
    0.0003 20030910
    0.0003 20030911
    0.0003 20030912
    0.0002 20030913
    0.0002 20030914
    0.0002 20030915
    0.0002 20030916
    0.0002 20030917
    0.0002 20030918
    0.0002 20030919
    0.0002 20030920
    0.0002 20030921
    0.0002 20030922
    0.0002 20030923
    0.0002 20030924
    0.0002 20030925
    0.0001 20030926
    0.0001 20030927
    0.0001 20030928
    0.0001 20030929
    0.0001 20030930
    0.0001 20031001
    0.0001 20031002
    0.0001 20031003
    0.0001 20031004
    0.0001 20031005
    0.0221 20031006
    0.0276 20031007
    0.0262 20031008
    0.0237 20031009
    0.0201 20031010
    0.0171 20031011
    0.0147 20031012
    0.0113 20031013
    0.0097 20031014
    0.0066 20031015
    0.0244 20031016
    0.0345 20031017
    0.0314 20031018
    0.0262 20031019
    0.0228 20031020
    0.0188 20031021
    0.0149 20031022
    0.0123 20031023
    0.0101 20031024
    0.0073 20031025
    0.0059 20031026
    0.0048 20031027
    0.0043 20031028
    0.0027 20031029
    0.0029 20031030
    0.0024 20031031
    0.0029 20031101
    0.0026 20031102
    0.0024 20031103
    0.0022 20031104
    0.0020 20031105
    0.0018 20031106
    0.0025 20031107
    0.0023 20031108
    0.0021 20031109
    0.0019 20031110
    0.0018 20031111
    0.0016 20031112
    0.0015 20031113
    0.0014 20031114
    0.0013 20031115
    0.0012 20031116
    0.0012 20031117
    3.7380 20031118
    1.7640 20031119
    0.7694 20031120
    0.3988 20031121
    0.2884 20031122
    0.2268 20031123
    0.1731 20031124
    0.1305 20031125
    0.0985 20031126
    0.0771 20031127
    0.0589 20031128
    0.0435 20031129
    0.0332 20031130
    0.0301 20031201
    0.0240 20031202
    0.0192 20031203
    0.0149 20031204
    0.0132 20031205
    0.0123 20031206
    0.0105 20031207
    0.0092 20031208
    0.0393 20031209
    0.0356 20031210
    0.0300 20031211
    0.0270 20031212
    0.0211 20031213
    0.0172 20031214
    0.0142 20031215
    0.0128 20031216
    0.0104 20031217
    0.0091 20031218
    0.0071 20031219
    0.0068 20031220
    0.0060 20031221
    0.0053 20031222
    0.0057 20031223
    0.0052 20031224
    0.0047 20031225
    0.0043 20031226
    0.0045 20031227
    0.0041 20031228
    0.0037 20031229
    0.0034 20031230
    0.0031 20031231
    0.0033 20040101
    0.0031 20040102
    0.0030 20040103
    0.0028 20040104
    0.0027 20040105
    0.0026 20040106
    0.0025 20040107
    0.0026 20040108
    0.0025 20040109
    0.0023 20040110
    0.0022 20040111
    0.0026 20040112
    0.0024 20040113
    0.0023 20040114
    0.0022 20040115
    0.0020 20040116
    0.0019 20040117
    0.0018 20040118
    0.0018 20040119
    0.0017 20040120
    0.0016 20040121
    0.0015 20040122
    0.0015 20040123
    0.0014 20040124
    0.0013 20040125
    0.0013 20040126
    0.0012 20040127
    0.0015 20040128
    0.0015 20040129
    0.0014 20040130
    0.0013 20040131
    0.0012 20040201
    0.0012 20040202
    0.0012 20040203
    0.0011 20040204
    0.0011 20040205
    0.0014 20040206
    0.0013 20040207
    0.0013 20040208
    0.0012 20040209
    0.0012 20040210
    0.0011 20040211
    0.0011 20040212
    0.0012 20040213
    0.0011 20040214
    0.0011 20040215
    0.0010 20040216
    0.0010 20040217
    0.0009 20040218
    0.0009 20040219
    0.0009 20040220
    0.0008 20040221
    0.0008 20040222
    0.0008 20040223
    0.0007 20040224
    0.0007 20040225
    0.0007 20040226
    0.0006 20040227
    0.0006 20040228
    0.0006 20040229
    0.0009 20040301
    0.0009 20040302
    0.0008 20040303
    0.0008 20040304
    0.0008 20040305
    0.0008 20040306
    0.0008 20040307
    0.0008 20040308
    0.0007 20040309
    0.0007 20040310
    0.0007 20040311
    0.0007 20040312
    0.0007 20040313
    0.0007 20040314
    0.0006 20040315
    0.0006 20040316
    0.0006 20040317
    0.0006 20040318
    0.0006 20040319
    0.0006 20040320
    0.0006 20040321
    0.0005 20040322
    0.0005 20040323
    0.0007 20040324
    0.0007 20040325
    0.1645 20040326
    0.1679 20040327
    0.1517 20040328
    0.1232 20040329
    0.0973 20040330
    0.0756 20040331
    0.0585 20040401
    0.0459 20040402
    0.0368 20040403
    0.0290 20040404
    0.0231 20040405
    0.0196 20040406
    0.0145 20040407
    0.0119 20040408
    0.0103 20040409
    0.0094 20040410
    0.1543 20040411
    0.1611 20040412
    0.1406 20040413
    0.1145 20040414
    0.4208 20040415
    1.9830 20040416
    0.8507 20040417
    0.4182 20040418
    0.2925 20040419
    0.2394 20040420
    0.1957 20040421
    0.1654 20040422
    0.1444 20040423
    0.1282 20040424
    0.1201 20040425
    0.1136 20040426
    0.1273 20040427
    0.1346 20040428
    0.1413 20040429
    0.1455 20040430
    0.1485 20040501
    0.1532 20040502
    0.1562 20040503
    0.1590 20040504
    0.1622 20040505
    0.1631 20040506
    0.1656 20040507
    0.1675 20040508
    0.1681 20040509
    0.1687 20040510
    0.1672 20040511
    0.1096 20040512
    0.0968 20040513
    0.0948 20040514
    0.0900 20040515
    0.0848 20040516
    0.0824 20040517
    0.0775 20040518
    0.0395 20040519
    0.0350 20040520
    0.0315 20040521
    0.0295 20040522
    0.0327 20040523
    0.0348 20040524
    0.0271 20040525
    0.0140 20040526
    0.0117 20040527
    0.0113 20040528
    0.0096 20040529
    0.0083 20040530
    0.0084 20040531
    0.0080 20040601
    0.0070 20040602
    0.0061 20040603
    0.0054 20040604
    0.0058 20040605
    0.0051 20040606
    0.0046 20040607
    0.0041 20040608
    0.0044 20040609
    0.0039 20040610
    0.0035 20040611
    0.0032 20040612
    0.0036 20040613
    0.0210 20040614
    0.0216 20040615
    0.0190 20040616
    0.0164 20040617
    0.0145 20040618
    0.0120 20040619
    0.0099 20040620
    0.0090 20040621
    0.0070 20040622
    0.0058 20040623
    0.0040 20040624
    0.0040 20040625
    0.0041 20040626
    0.0035 20040627
    0.0031 20040628
    0.0028 20040629
    0.0025 20040630
    0.0031 20040701
    0.0028 20040702
    0.0025 20040703
    0.0023 20040704
    0.0021 20040705
    0.0025 20040706
    0.0023 20040707
    0.0021 20040708
    0.0019 20040709
    0.0018 20040710
    0.0016 20040711
    0.0015 20040712
    0.0014 20040713
    0.0013 20040714
    0.0012 20040715
    0.0011 20040716
    0.0011 20040717
    0.0010 20040718
    0.0010 20040719
    0.0013 20040720
    0.0012 20040721
    0.0012 20040722
    0.0011 20040723
    0.0010 20040724
    0.0010 20040725
    0.0009 20040726
    0.0009 20040727
    0.0008 20040728
    0.0008 20040729
    0.0007 20040730
    0.0007 20040731
    0.0008 20040801
    0.0008 20040802
    0.0007 20040803
    0.0007 20040804
    0.0006 20040805
    0.0006 20040806
    0.0006 20040807
    0.0006 20040808
    0.0005 20040809
    0.0005 20040810
    0.0005 20040811
    0.0005 20040812
    0.0005 20040813
    0.0004 20040814
    0.0004 20040815
    0.0004 20040816
    0.0005 20040817
    0.0005 20040818
    0.0005 20040819
    0.0005 20040820
    0.0004 20040821
    0.0004 20040822
    0.0004 20040823
    0.0004 20040824
    0.0004 20040825
    0.0003 20040826
    0.0003 20040827
    0.0003 20040828
    0.0003 20040829
    0.0003 20040830
    0.0003 20040831
    0.0003 20040901
    0.0003 20040902
    0.0003 20040903
    0.0003 20040904
    0.0003 20040905
    0.0003 20040906
    0.0003 20040907
    0.0002 20040908
    0.0002 20040909
    0.0002 20040910
    0.0002 20040911
    0.0002 20040912
    0.0004 20040913
    0.0004 20040914
    0.0004 20040915
    0.0003 20040916
    0.0003 20040917
    0.0003 20040918
    0.0003 20040919
    0.0003 20040920
    0.0003 20040921
    0.0003 20040922
    0.0003 20040923
    0.0002 20040924
    0.0002 20040925
    0.0002 20040926
    0.0002 20040927
    0.0002 20040928
    0.0002 20040929
    0.0002 20040930
    0.0002 20041001
    0.0002 20041002
    0.0002 20041003
    0.0002 20041004
    0.0002 20041005
    0.0002 20041006
    0.0002 20041007
    0.0002 20041008
    0.0002 20041009
    0.0002 20041010
    0.0001 20041011
    0.0001 20041012
    0.0001 20041013
    0.0001 20041014
    0.0001 20041015
    0.0001 20041016
    0.0001 20041017
    0.0001 20041018
    0.0001 20041019
    0.0001 20041020
    0.0001 20041021
    0.0001 20041022
    0.0001 20041023
    0.0001 20041024
    0.0001 20041025
    0.0001 20041026
    0.0001 20041027
    0.0001 20041028
    0.0001 20041029
    0.0001 20041030
    0.0001 20041031
    0.0002 20041101
    0.0002 20041102
    0.0002 20041103
    0.0002 20041104
    0.0002 20041105
    0.0002 20041106
    0.0002 20041107
    0.0002 20041108
    0.0002 20041109
    0.0002 20041110
    0.0002 20041111
    0.0002 20041112
    0.0002 20041113
    0.0001 20041114
    0.0001 20041115
    0.0001 20041116
    0.0001 20041117
    0.0001 20041118
    0.0001 20041119
    0.0001 20041120
    0.0001 20041121
    0.0001 20041122
    0.0001 20041123
    0.0001 20041124
    0.0001 20041125
    0.0001 20041126
    0.0001 20041127
    0.0001 20041128
    0.0001 20041129
    0.0001 20041130
    0.0002 20041201
    0.0002 20041202
    0.0050 20041203
    0.2521 20041204
    1.0610 20041205
    0.5060 20041206
    0.3078 20041207
    0.2495 20041208
    0.1912 20041209
    0.1477 20041210
    0.1119 20041211
    0.0836 20041212
    0.0636 20041213
    0.0490 20041214
    0.0402 20041215
    0.0303 20041216
    0.0255 20041217
    0.0192 20041218
    0.0163 20041219
    0.0127 20041220
    0.0114 20041221
    0.1235 20041222
    0.1252 20041223
    0.1096 20041224
    0.0876 20041225
    0.0710 20041226
    0.0561 20041227
    0.0435 20041228
    0.0358 20041229
    0.0282 20041230
    0.0222 20041231
    0.0447 20050101
    0.0560 20050102
    0.0684 20050103
    0.0835 20050104
    0.0988 20050105
    0.1144 20050106
    0.1303 20050107
    0.1448 20050108
    0.1568 20050109
    0.1683 20050110
    0.1775 20050111
    0.1869 20050112
    0.1923 20050113
    0.1974 20050114
    0.2020 20050115
    0.2043 20050116
    0.2052 20050117
    0.2062 20050118
    0.2058 20050119
    0.2043 20050120
    0.2022 20050121
    0.2005 20050122
    0.1395 20050123
    0.1392 20050124
    0.1331 20050125
    0.0757 20050126
    0.0685 20050127
    0.0647 20050128
    0.0605 20050129
    0.0543 20050130
    0.0505 20050131
    0.0534 20050201
    0.0561 20050202
    0.0578 20050203
    0.0601 20050204
    0.0653 20050205
    0.0693 20050206
    0.0752 20050207
    0.0812 20050208
    0.0979 20050209
    0.1811 20050210
    0.2035 20050211
    0.2157 20050212
    0.2277 20050213
    0.2377 20050214
    0.2465 20050215
    0.2570 20050216
    0.2666 20050217
    0.2723 20050218
    0.2798 20050219
    0.2859 20050220
    0.2915 20050221
    0.2942 20050222
    0.2936 20050223
    0.2961 20050224
    0.2936 20050225
    0.2932 20050226
    0.2889 20050227
    0.2859 20050228
    0.2979 20050301
    0.3190 20050302
    0.3463 20050303
    0.3709 20050304
    0.3912 20050305
    0.4113 20050306
    0.4265 20050307
    0.4373 20050308
    0.4445 20050309
    0.4485 20050310
    0.4498 20050311
    0.4487 20050312
    0.4457 20050313
    0.4410 20050314
    0.4350 20050315
    0.2623 20050316
    0.1405 20050317
    0.1251 20050318
    0.1260 20050319
    0.1180 20050320
    0.1078 20050321
    0.1026 20050322
    0.0959 20050323
    0.0917 20050324
    0.0872 20050325
    0.0848 20050326
    0.0825 20050327
    0.0817 20050328
    0.0792 20050329
    0.0775 20050330
    0.0756 20050331
    0.0748 20050401
    0.0727 20050402
    0.0720 20050403
    0.0709 20050404
    0.0543 20050405
    0.0245 20050406
    0.0234 20050407
    0.0219 20050408
    0.0194 20050409
    0.0126 20050410
    0.0109 20050411
    0.0095 20050412
    0.0084 20050413
    0.0074 20050414
    0.0078 20050415
    0.0069 20050416
    0.0066 20050417
    0.0058 20050418
    0.0061 20050419
    0.0053 20050420
    0.0047 20050421
    0.0042 20050422
    0.0038 20050423
    0.0043 20050424
    0.0038 20050425
    0.0035 20050426
    0.0031 20050427
    0.0029 20050428
    0.0026 20050429
    0.0024 20050430
    0.0026 20050501
    0.0024 20050502
    0.0022 20050503
    0.0020 20050504
    0.0019 20050505
    0.0023 20050506
    0.0021 20050507
    0.0020 20050508
    0.0018 20050509
    0.0017 20050510
    0.0016 20050511
    0.0015 20050512
    0.0014 20050513
    0.0013 20050514
    0.0012 20050515
    0.0012 20050516
    0.0011 20050517
    0.0010 20050518
    0.0010 20050519
    0.0009 20050520
    0.0009 20050521
    0.0008 20050522
    0.0012 20050523
    0.0011 20050524
    0.0011 20050525
    0.0010 20050526
    0.0009 20050527
    0.0009 20050528
    0.0008 20050529
    0.0008 20050530
    0.0008 20050531
    0.0009 20050601
    0.0009 20050602
    0.0008 20050603
    0.0008 20050604
    0.0008 20050605
    0.0007 20050606
    0.0007 20050607
    0.0006 20050608
    0.0006 20050609
    0.0008 20050610
    0.0007 20050611
    0.0007 20050612
    0.0006 20050613
    0.0006 20050614
    0.0006 20050615
    0.0005 20050616
    0.0005 20050617
    0.0005 20050618
    0.0005 20050619
    0.0004 20050620
    0.0004 20050621
    0.0004 20050622
    0.0004 20050623
    0.0004 20050624
    0.0004 20050625
    0.0003 20050626
    0.0003 20050627
    0.0003 20050628
    0.0003 20050629
    0.0003 20050630
    0.0005 20050701
    0.0004 20050702
    0.0005 20050703
    0.0005 20050704
    0.0005 20050705
    0.0004 20050706
    0.0004 20050707
    0.0004 20050708
    0.0004 20050709
    0.0004 20050710
    0.0004 20050711
    0.0003 20050712
    0.0003 20050713
    0.0003 20050714
    0.0003 20050715
    0.0003 20050716
    0.0003 20050717
    0.0003 20050718
    0.0003 20050719
    0.0003 20050720
    0.0003 20050721
    0.0002 20050722
    0.0002 20050723
    0.0002 20050724
    0.0002 20050725
    0.0002 20050726
    0.0002 20050727
    0.0002 20050728
    0.0002 20050729
    0.0002 20050730
    0.0002 20050731
    0.0002 20050801
    3.1380 20050802
    1.5180 20050803
    0.6694 20050804
    0.3707 20050805
    0.2769 20050806
    0.2152 20050807
    0.1633 20050808
    0.1234 20050809
    0.0954 20050810
    0.0728 20050811
    0.0544 20050812
    0.0458 20050813
    0.0350 20050814
    0.0271 20050815
    0.0192 20050816
    0.0156 20050817
    0.0126 20050818
    0.0099 20050819
    0.0099 20050820
    0.0079 20050821
    0.0067 20050822
    0.0071 20050823
    0.0062 20050824
    0.0055 20050825
    0.0050 20050826
    0.0045 20050827
    0.0040 20050828
    0.0048 20050829
    0.0043 20050830
    0.0039 20050831
    0.0032 20050901
    0.0038 20050902
    0.0034 20050903
    0.0031 20050904
    0.0028 20050905
    0.0026 20050906
    0.0024 20050907
    0.0022 20050908
    0.0020 20050909
    0.0019 20050910
    0.0017 20050911
    0.0016 20050912
    0.5150 20050913
    0.3106 20050914
    0.2444 20050915
    0.1988 20050916
    0.1558 20050917
    0.1197 20050918
    0.0923 20050919
    0.0700 20050920
    0.0543 20050921
    0.0413 20050922
    0.0310 20050923
    0.0282 20050924
    0.0190 20050925
    0.0145 20050926
    0.0107 20050927
    0.0103 20050928
    0.0087 20050929
    0.0067 20050930
    0.0059 20051001
    0.0052 20051002
    0.0060 20051003
    0.0054 20051004
    0.0049 20051005
    0.0044 20051006
    0.0040 20051007
    0.0037 20051008
    0.0034 20051009
    0.0031 20051010
    0.0028 20051011
    0.0026 20051012
    0.0024 20051013
    0.0023 20051014
    0.0035 20051015
    0.0031 20051016
    0.0028 20051017
    0.0026 20051018
    0.0023 20051019
    0.0021 20051020
    0.0019 20051021
    0.0018 20051022
    0.0016 20051023
    0.0015 20051024
    0.0020 20051025
    0.0019 20051026
    0.0017 20051027
    0.0016 20051028
    0.0015 20051029
    0.0013 20051030
    0.0012 20051031
    0.0016 20051101
    0.0015 20051102
    0.0014 20051103
    0.0013 20051104
    0.0012 20051105
    0.0011 20051106
    0.0011 20051107
    0.0010 20051108
    0.0009 20051109
    0.0009 20051110
    0.0008 20051111
    0.0341 20051112
    0.0390 20051113
    0.0359 20051114
    0.0317 20051115
    0.0268 20051116
    0.0221 20051117
    0.0172 20051118
    0.0151 20051119
    0.0121 20051120
    0.0086 20051121
    0.0067 20051122
    0.0056 20051123
    0.0044 20051124
    0.0038 20051125
    0.0039 20051126
    0.0032 20051127
    0.0028 20051128
    0.0025 20051129
    0.0023 20051130
    0.0025 20051201
    0.0023 20051202
    0.0022 20051203
    0.0020 20051204
    0.0019 20051205
    0.0017 20051206
    0.0024 20051207
    0.0024 20051208
    0.0022 20051209
    0.0020 20051210
    0.0018 20051211
    0.0017 20051212
    0.0015 20051213
    0.0014 20051214
    0.0019 20051215
    0.0017 20051216
    0.0016 20051217
    0.0015 20051218
    0.0013 20051219
    0.0012 20051220
    0.0012 20051221
    0.0011 20051222
    0.0010 20051223
    0.0009 20051224
    0.0009 20051225
    0.0008 20051226
    0.0008 20051227
    0.0007 20051228
    0.0007 20051229
    0.0006 20051230
    0.0006 20051231
    0.0012 20060101
    0.0011 20060102
    0.0010 20060103
    0.0010 20060104
    0.0009 20060105
    0.0008 20060106
    0.0008 20060107
    0.0008 20060108
    0.0008 20060109
    0.0009 20060110
    0.0009 20060111
    0.0009 20060112
    0.0009 20060113
    0.0008 20060114
    0.0008 20060115
    0.0008 20060116
    0.0008 20060117
    0.0007 20060118
    0.0007 20060119
    0.0007 20060120
    0.0007 20060121
    0.0006 20060122
    0.0006 20060123
    0.0006 20060124
    0.0006 20060125
    0.0005 20060126
    0.0006 20060127
    0.0241 20060128
    0.0280 20060129
    0.0265 20060130
    0.0237 20060131
    0.0198 20060201
    0.0167 20060202
    0.0132 20060203
    0.0112 20060204
    0.0169 20060205
    0.0328 20060206
    0.0478 20060207
    0.0660 20060208
    0.0851 20060209
    0.1043 20060210
    0.1240 20060211
    0.1408 20060212
    0.1566 20060213
    0.1705 20060214
    0.1826 20060215
    0.1932 20060216
    0.2013 20060217
    0.2085 20060218
    0.2136 20060219
    0.2168 20060220
    0.2197 20060221
    0.2195 20060222
    0.2202 20060223
    0.2199 20060224
    0.2174 20060225
    0.2161 20060226
    0.1477 20060227
    0.1345 20060228
    0.1368 20060301
    0.1354 20060302
    0.0686 20060303
    0.0807 20060304
    0.0804 20060305
    0.0793 20060306
    0.0780 20060307
    0.0779 20060308
    0.0784 20060309
    0.0782 20060310
    0.0786 20060311
    0.0790 20060312
    0.0792 20060313
    0.0785 20060314
    0.0785 20060315
    0.0780 20060316
    0.0777 20060317
    0.0777 20060318
    0.0758 20060319
    0.0760 20060320
    0.0734 20060321
    0.0544 20060322
    0.0317 20060323
    0.0289 20060324
    0.0266 20060325
    0.0142 20060326
    0.0137 20060327
    0.0117 20060328
    0.0101 20060329
    0.0101 20060330
    0.0088 20060331
    0.0082 20060401
    0.0071 20060402
    0.0063 20060403
    0.0066 20060404
    0.0058 20060405
    0.0052 20060406
    0.0046 20060407
    0.0041 20060408
    0.0046 20060409
    0.0041 20060410
    0.0037 20060411
    0.0033 20060412
    0.0030 20060413
    0.0028 20060414
    0.0025 20060415
    0.0023 20060416
    0.0604 20060417
    0.0662 20060418
    0.0596 20060419
    0.0496 20060420
    0.0416 20060421
    0.0335 20060422
    0.0277 20060423
    0.0220 20060424
    0.0169 20060425
    0.0131 20060426
    0.0111 20060427
    0.0089 20060428
    0.0081 20060429
    0.0055 20060430
    0.0052 20060501
    0.0054 20060502
    0.0048 20060503
    0.0045 20060504
    0.0040 20060505
    0.0036 20060506
    0.0032 20060507
    0.0039 20060508
    0.0035 20060509
    0.0031 20060510
    0.0028 20060511
    0.0026 20060512
    0.0024 20060513
    0.0022 20060514
    0.0020 20060515
    0.0019 20060516
    0.0017 20060517
    0.0016 20060518
    0.0015 20060519
    0.0014 20060520
    0.0013 20060521
    0.0018 20060522
    0.0017 20060523
    0.0015 20060524
    0.0014 20060525
    0.0013 20060526
    0.0013 20060527
    0.0012 20060528
    0.0011 20060529
    0.0010 20060530
    0.0010 20060531
    0.0010 20060601
    0.0014 20060602
    0.0013 20060603
    0.0012 20060604
    0.0011 20060605
    0.0010 20060606
    0.0010 20060607
    0.0009 20060608
    0.0009 20060609
    0.0008 20060610
    0.0008 20060611
    0.0007 20060612
    0.0007 20060613
    0.0006 20060614
    0.0006 20060615
    0.0006 20060616
    0.0008 20060617
    0.0008 20060618
    0.0007 20060619
    0.0007 20060620
    0.0006 20060621
    0.0006 20060622
    0.0005 20060623
    0.0005 20060624
    0.0005 20060625
    0.0005 20060626
    0.0004 20060627
    0.0004 20060628
    0.0004 20060629
    0.0004 20060630
    0.0005 20060701
    0.0005 20060702
    0.0005 20060703
    0.0005 20060704
    0.0005 20060705
    0.0004 20060706
    0.0004 20060707
    0.0004 20060708
    0.0004 20060709
    0.0004 20060710
    0.0004 20060711
    0.0003 20060712
    0.0005 20060713
    0.0004 20060714
    0.0004 20060715
    0.0004 20060716
    0.0004 20060717
    0.0004 20060718
    0.0003 20060719
    0.0003 20060720
    0.0003 20060721
    0.0003 20060722
    0.0003 20060723
    0.0003 20060724
    0.0003 20060725
    0.0002 20060726
    0.0002 20060727
    0.0002 20060728
    0.0002 20060729
    0.0002 20060730
    0.0002 20060731
    0.0003 20060801
    0.0003 20060802
    0.0003 20060803
    0.0002 20060804
    0.0002 20060805
    0.0002 20060806
    0.0002 20060807
    0.0002 20060808
    0.0002 20060809
    0.0002 20060810
    0.0004 20060811
    0.0004 20060812
    0.0003 20060813
    0.0003 20060814
    0.0003 20060815
    0.0003 20060816
    0.0003 20060817
    0.0003 20060818
    0.0003 20060819
    0.0002 20060820
    0.0002 20060821
    0.0002 20060822
    0.0002 20060823
    0.0002 20060824
    0.0002 20060825
    0.0002 20060826
    0.0002 20060827
    0.0002 20060828
    0.0002 20060829
    0.0002 20060830
    0.0002 20060831
    0.0002 20060901
    0.0002 20060902
    0.0002 20060903
    0.0002 20060904
    0.0002 20060905
    0.0002 20060906
    0.0002 20060907
    0.0002 20060908
    0.0002 20060909
    0.0002 20060910
    0.0001 20060911
    0.0001 20060912
    0.0001 20060913
    0.0001 20060914
    0.0001 20060915
    0.0001 20060916
    0.0001 20060917
    0.0001 20060918
    0.0001 20060919
    0.0001 20060920
    0.0001 20060921
    0.0001 20060922
    0.0001 20060923
    0.0001 20060924
    0.0001 20060925
    0.0001 20060926
    0.0001 20060927
    0.0001 20060928
    0.0001 20060929
    0.0001 20060930
    0.0001 20061001
    0.0001 20061002
    0.0001 20061003
    0.0001 20061004
    0.0001 20061005
    0.0001 20061006
    0.0001 20061007
    0.0001 20061008
    0.0001 20061009
    0.0001 20061010
    0.0001 20061011
    0.0001 20061012
    0.0001 20061013
    0.0001 20061014
    0.0001 20061015
    0.0001 20061016
    0.0001 20061017
    0.0001 20061018
    0.0001 20061019
    0.0001 20061020
    0.0001 20061021
    0.0001 20061022
    0.0000 20061023
    0.0000 20061024
    0.0000 20061025
    0.0000 20061026
    0.0000 20061027
    0.0000 20061028
    0.0000 20061029
    0.0000 20061030
    0.0000 20061031
    0.0002 20061101
    0.0002 20061102
    0.0528 20061103
    0.0650 20061104
    0.0613 20061105
    0.0528 20061106
    0.0432 20061107
    0.0351 20061108
    0.0277 20061109
    0.0227 20061110
    0.0178 20061111
    0.0146 20061112
    0.0126 20061113
    0.0093 20061114
    0.0076 20061115
    0.0056 20061116
    0.0051 20061117
    0.0039 20061118
    0.0033 20061119
    0.0038 20061120
    0.0044 20061121
    0.0038 20061122
    0.0034 20061123
    0.0031 20061124
    0.0028 20061125
    0.0025 20061126
    0.0023 20061127
    0.0021 20061128
    0.0019 20061129
    0.0183 20061130
    0.1368 20061201
    0.1483 20061202
    0.1310 20061203
    0.1077 20061204
    0.0850 20061205
    0.0652 20061206
    0.0525 20061207
    0.0414 20061208
    0.0329 20061209
    0.0248 20061210
    0.0199 20061211
    0.0164 20061212
    0.0133 20061213
    0.0117 20061214
    0.0102 20061215
    0.0100 20061216
    0.0083 20061217
    0.0072 20061218
    0.0074 20061219
    0.0065 20061220
    0.0058 20061221
    0.0051 20061222
    0.0046 20061223
    0.0042 20061224
    0.0047 20061225
    0.0042 20061226
    0.0038 20061227
    0.0034 20061228
    0.0031 20061229
    0.0029 20061230
    0.0027 20061231
    0.0033 20070101
    0.0064 20070102
    0.0181 20070103
    0.0291 20070104
    0.0408 20070105
    0.0533 20070106
    0.0653 20070107
    0.0775 20070108
    0.0893 20070109
    0.0987 20070110
    0.1073 20070111
    0.1152 20070112
    0.1209 20070113
    0.1255 20070114
    0.1287 20070115
    0.1321 20070116
    0.1348 20070117
    0.1361 20070118
    0.1370 20070119
    0.1371 20070120
    0.1378 20070121
    0.1367 20070122
    0.1348 20070123
    0.1328 20070124
    0.0962 20070125
    0.0370 20070126
    1.3100 20070127
    0.6620 20070128
    0.3852 20070129
    0.2985 20070130
    0.2614 20070131
    0.2494 20070201
    0.2495 20070202
    0.2604 20070203
    0.2715 20070204
    0.2902 20070205
    0.3135 20070206
    0.3373 20070207
    0.3600 20070208
    0.3755 20070209
    0.3884 20070210
    0.3974 20070211
    0.4031 20070212
    0.4076 20070213
    0.4094 20070214
    0.4088 20070215
    0.4081 20070216
    0.4053 20070217
    0.4010 20070218
    0.3953 20070219
    0.3885 20070220
    0.3808 20070221
    0.3741 20070222
    0.3648 20070223
    0.3568 20070224
    0.3483 20070225
    0.2367 20070226
    0.1017 20070227
    0.0884 20070228
    0.1113 20070301
    0.1098 20070302
    0.1057 20070303
    0.1043 20070304
    0.1010 20070305
    0.1001 20070306
    0.0997 20070307
    0.0995 20070308
    0.0993 20070309
    0.0991 20070310
    0.0989 20070311
    0.0976 20070312
    0.0971 20070313
    0.0962 20070314
    0.0963 20070315
    0.0944 20070316
    0.0949 20070317
    0.0928 20070318
    0.0913 20070319
    0.0644 20070320
    0.0583 20070321
    0.0343 20070322
    0.0339 20070323
    0.0302 20070324
    0.0284 20070325
    0.0280 20070326
    0.0150 20070327
    0.0193 20070328
    0.0180 20070329
    0.0166 20070330
    0.0096 20070331
    0.0090 20070401
    0.0077 20070402
    0.0077 20070403
    0.0066 20070404
    0.0058 20070405
    0.0060 20070406
    0.0052 20070407
    0.0046 20070408
    0.0042 20070409
    0.0037 20070410
    0.0042 20070411
    0.0037 20070412
    0.0033 20070413
    0.0030 20070414
    0.0028 20070415
    0.0025 20070416
    0.0023 20070417
    0.0021 20070418
    0.0020 20070419
    0.0024 20070420
    0.0022 20070421
    0.0020 20070422
    0.0018 20070423
    0.0022 20070424
    0.0020 20070425
    0.0018 20070426
    0.0017 20070427
    0.0015 20070428
    0.0014 20070429
    0.0013 20070430
    0.0016 20070501
    0.0015 20070502
    0.0014 20070503
    0.0013 20070504
    0.0012 20070505
    0.0011 20070506
    0.0011 20070507
    0.0010 20070508
    0.0009 20070509
    0.0009 20070510
    0.0008 20070511
    0.0008 20070512
    0.0008 20070513
    0.0011 20070514
    0.0010 20070515
    0.0009 20070516
    0.0009 20070517
    0.0008 20070518
    0.0008 20070519
    0.0008 20070520
    0.0007 20070521
    0.0007 20070522
    0.0006 20070523
    0.0006 20070524
    0.0006 20070525
    0.0006 20070526
    0.0005 20070527
    0.0005 20070528
    0.0005 20070529
    0.0005 20070530
    0.0005 20070531
    0.0006 20070601
    0.0006 20070602
    0.0006 20070603
    0.0005 20070604
    0.0005 20070605
    0.0005 20070606
    0.0005 20070607
    0.0005 20070608
    0.0004 20070609
    0.0004 20070610
    0.0004 20070611
    0.0004 20070612
    0.0004 20070613
    0.0004 20070614
    0.0003 20070615
    0.0003 20070616
    0.0003 20070617
    0.0003 20070618
    0.0003 20070619
    0.0003 20070620
    0.0003 20070621
    0.0003 20070622
    0.0004 20070623
    0.0004 20070624
    0.0003 20070625
    0.0003 20070626
    0.0003 20070627
    0.0003 20070628
    0.0003 20070629
    0.0003 20070630
    0.0004 20070701
    0.0004 20070702
    0.0004 20070703
    0.0004 20070704
    0.0004 20070705
    0.0003 20070706
    0.0003 20070707
    0.0003 20070708
    0.0003 20070709
    0.0003 20070710
    0.0003 20070711
    0.0003 20070712
    0.0003 20070713
    0.0003 20070714
    0.0003 20070715
    0.0002 20070716
    0.0002 20070717
    0.0002 20070718
    0.0002 20070719
    0.0003 20070720
    0.0003 20070721
    0.0003 20070722
    0.0003 20070723
    0.0003 20070724
    0.0002 20070725
    0.0002 20070726
    0.0002 20070727
    0.0002 20070728
    0.0002 20070729
    0.0002 20070730
    0.0002 20070731
    0.0003 20070801
    0.0003 20070802
    0.0002 20070803
    0.0002 20070804
    0.0002 20070805
    0.0002 20070806
    0.0002 20070807
    0.0002 20070808
    0.0002 20070809
    0.0002 20070810
    0.0002 20070811
    0.0002 20070812
    0.0002 20070813
    0.0003 20070814
    0.0003 20070815
    0.0003 20070816
    0.0003 20070817
    0.0003 20070818
    0.0003 20070819
    0.0003 20070820
    0.0002 20070821
    0.0002 20070822
    0.0002 20070823
    0.0002 20070824
    0.0002 20070825
    0.0002 20070826
    0.0002 20070827
    0.0002 20070828
    0.0002 20070829
    0.0002 20070830
    0.0002 20070831
    0.0003 20070901
    0.0003 20070902
    0.0002 20070903
    0.0002 20070904
    0.0002 20070905
    0.0002 20070906
    0.0002 20070907
    0.0002 20070908
    0.0002 20070909
    0.0002 20070910
    0.0002 20070911
    0.0002 20070912
    0.0002 20070913
    0.0002 20070914
    0.0002 20070915
    0.0001 20070916
    0.0001 20070917
    0.0001 20070918
    0.0001 20070919
    0.0001 20070920
    0.0029 20070921
    0.0033 20070922
    0.0030 20070923
    0.0029 20070924
    0.0028 20070925
    0.0020 20070926
    0.0016 20070927
    0.0011 20070928
    0.0009 20070929
    0.0008 20070930
    0.0007 20071001
    0.0019 20071002
    0.0015 20071003
    0.0008 20071004
    0.0008 20071005
    0.0008 20071006
    0.0007 20071007
    0.0006 20071008
    0.0005 20071009
    0.0005 20071010
    0.0005 20071011
    0.0005 20071012
    0.0004 20071013
    0.0004 20071014
    0.0004 20071015
    0.0004 20071016
    0.0004 20071017
    0.0071 20071018
    0.0151 20071019
    0.0154 20071020
    0.0140 20071021
    0.0127 20071022
    0.0104 20071023
    0.0084 20071024
    0.0072 20071025
    0.0068 20071026
    0.0051 20071027
    0.0040 20071028
    0.0030 20071029
    0.0020 20071030
    0.0025 20071031
    0.0029 20071101
    0.0027 20071102
    0.0026 20071103
    0.0025 20071104
    0.0024 20071105
    0.0023 20071106
    0.0021 20071107
    0.0020 20071108
    0.0019 20071109
    0.0018 20071110
    0.0017 20071111
    0.0016 20071112
    0.0015 20071113
    0.0014 20071114
    0.0014 20071115
    0.0013 20071116
    0.0012 20071117
    0.0012 20071118
    0.0011 20071119
    0.0010 20071120
    0.0010 20071121
    0.0164 20071122
    0.0173 20071123
    0.0162 20071124
    0.0140 20071125
    0.0118 20071126
    0.0099 20071127
    0.0084 20071128
    0.0069 20071129
    0.0056 20071130
    0.0116 20071201
    0.0226 20071202
    0.0356 20071203
    0.0516 20071204
    0.0698 20071205
    0.0886 20071206
    0.1077 20071207
    0.1257 20071208
    0.1418 20071209
    0.1561 20071210
    0.1686 20071211
    0.1796 20071212
    0.1864 20071213
    0.1946 20071214
    0.1998 20071215
    0.2046 20071216
    0.2077 20071217
    0.2079 20071218
    0.2089 20071219
    0.2071 20071220
    0.2074 20071221
    0.2043 20071222
    0.1423 20071223
    0.1354 20071224
    0.0624 20071225
    0.0554 20071226
    0.0469 20071227
    0.0397 20071228
    0.0475 20071229
    0.0459 20071230
    0.0449 20071231
    0.0647 20080101
    0.0804 20080102
    0.1037 20080103
    0.1278 20080104
    0.1555 20080105
    0.1826 20080106
    0.2075 20080107
    0.2328 20080108
    0.2523 20080109
    0.2723 20080110
    0.2892 20080111
    0.3020 20080112
    0.3123 20080113
    0.3220 20080114
    0.3276 20080115
    0.3300 20080116
    0.3316 20080117
    0.3294 20080118
    0.3273 20080119
    0.3238 20080120
    0.3201 20080121
    0.3170 20080122
    0.3129 20080123
    0.3080 20080124
    0.3015 20080125
    0.2962 20080126
    0.2883 20080127
    0.0779 20080128
    0.0965 20080129
    0.0881 20080130
    0.0790 20080131
    0.1006 20080201
    0.1047 20080202
    0.1058 20080203
    0.1089 20080204
    0.1135 20080205
    0.1179 20080206
    0.1242 20080207
    0.1282 20080208
    0.1338 20080209
    0.1386 20080210
    0.1418 20080211
    0.1449 20080212
    0.1479 20080213
    0.1504 20080214
    0.1516 20080215
    0.1512 20080216
    0.1524 20080217
    0.1513 20080218
    0.1499 20080219
    0.1505 20080220
    0.1469 20080221
    0.1453 20080222
    0.1440 20080223
    0.1418 20080224
    0.1376 20080225
    0.0959 20080226
    0.0316 20080227
    0.0268 20080228
    0.0395 20080229
    0.0586 20080301
    0.0599 20080302
    0.0611 20080303
    0.0621 20080304
    0.0630 20080305
    0.0650 20080306
    0.0675 20080307
    0.0694 20080308
    0.0713 20080309
    0.0738 20080310
    0.0748 20080311
    0.0768 20080312
    0.0774 20080313
    0.0788 20080314
    0.0795 20080315
    0.0796 20080316
    0.0806 20080317
    0.0800 20080318
    0.0795 20080319
    0.0777 20080320
    0.0775 20080321
    0.0557 20080322
    0.0171 20080323
    0.0150 20080324
    0.0133 20080325
    0.0118 20080326
    0.0125 20080327
    0.0111 20080328
    0.0099 20080329
    0.0089 20080330
    0.0095 20080331
    0.0076 20080401
    0.0068 20080402
    0.0084 20080403
    0.0074 20080404
    0.0066 20080405
    0.0069 20080406
    0.0061 20080407
    0.0054 20080408
    0.0048 20080409
    0.0044 20080410
    0.0039 20080411
    0.0044 20080412
    0.0040 20080413
    0.0036 20080414
    0.0032 20080415
    0.0030 20080416
    0.0027 20080417
    0.0025 20080418
    0.0023 20080419
    0.0021 20080420
    0.0026 20080421
    0.0024 20080422
    0.0022 20080423
    0.0020 20080424
    0.0018 20080425
    0.0017 20080426
    0.0016 20080427
    0.0015 20080428
    0.0014 20080429
    0.0013 20080430
    0.0016 20080501
    0.0015 20080502
    0.0014 20080503
    0.0013 20080504
    0.0012 20080505
    0.0012 20080506
    0.0011 20080507
    0.1281 20080508
    0.1433 20080509
    0.1286 20080510
    0.1061 20080511
    0.0835 20080512
    0.0656 20080513
    0.0518 20080514
    0.0415 20080515
    0.0320 20080516
    0.0253 20080517
    0.0203 20080518
    0.0157 20080519
    0.0133 20080520
    0.0086 20080521
    0.0088 20080522
    0.0064 20080523
    0.0064 20080524
    0.0054 20080525
    0.0047 20080526
    0.0042 20080527
    0.0050 20080528
    0.0045 20080529
    0.0041 20080530
    0.0037 20080531
    0.0041 20080601
    0.0036 20080602
    0.0033 20080603
    0.0030 20080604
    0.0036 20080605
    0.0032 20080606
    0.0029 20080607
    0.0026 20080608
    0.0024 20080609
    0.0022 20080610
    0.0020 20080611
    0.0019 20080612
    0.0017 20080613
    0.0016 20080614
    0.0015 20080615
    0.0014 20080616
    0.0013 20080617
    0.0018 20080618
    0.0017 20080619
    0.0016 20080620
    0.0014 20080621
    0.0013 20080622
    0.0013 20080623
    0.0012 20080624
    0.0011 20080625
    0.0010 20080626
    0.0010 20080627
    0.0009 20080628
    0.0009 20080629
    0.0008 20080630
    0.0011 20080701
    0.0010 20080702
    0.0009 20080703
    0.0009 20080704
    0.0008 20080705
    0.0012 20080706
    0.0011 20080707
    0.0010 20080708
    0.0010 20080709
    0.0009 20080710
    0.0009 20080711
    0.0008 20080712
    0.0008 20080713
    0.0007 20080714
    0.0007 20080715
    0.0006 20080716
    0.0006 20080717
    0.0006 20080718
    0.0006 20080719
    0.0005 20080720
    0.0005 20080721
    0.0005 20080722
    0.0005 20080723
    0.0004 20080724
    0.0004 20080725
    0.0006 20080726
    0.0005 20080727
    0.0005 20080728
    0.0005 20080729
    0.0005 20080730
    0.0004 20080731
    0.0004 20080801
    0.0004 20080802
    0.0004 20080803
    0.0004 20080804
    0.0004 20080805
    0.0005 20080806
    0.0004 20080807
    0.0004 20080808
    0.0004 20080809
    0.0004 20080810
    0.0004 20080811
    0.0003 20080812
    0.0003 20080813
    0.0003 20080814
    0.0003 20080815
    0.0003 20080816
    0.0003 20080817
    0.0003 20080818
    0.0003 20080819
    0.0002 20080820
    0.0002 20080821
    0.0002 20080822
    0.0002 20080823
    0.0002 20080824
    0.0002 20080825
    0.0004 20080826
    0.0004 20080827
    0.0004 20080828
    0.0003 20080829
    0.0003 20080830
    0.0003 20080831
    0.0002 20080901
    0.0002 20080902
    0.0002 20080903
    0.0002 20080904
    0.0004 20080905
    0.0003 20080906
    0.0003 20080907
    0.0003 20080908
    0.0003 20080909
    0.0003 20080910
    0.0003 20080911
    0.0003 20080912
    0.0002 20080913
    0.0002 20080914
    0.0002 20080915
    0.0002 20080916
    0.0002 20080917
    0.0002 20080918
    0.0002 20080919
    0.0002 20080920
    0.0002 20080921
    0.0002 20080922
    0.0002 20080923
    0.0667 20080924
    0.0815 20080925
    0.0756 20080926
    0.0645 20080927
    0.5413 20080928
    0.3057 20080929
    0.2453 20080930
    0.1940 20081001
    0.1494 20081002
    0.1139 20081003
    0.0884 20081004
    0.0668 20081005
    0.0508 20081006
    0.0392 20081007
    0.0301 20081008
    0.0258 20081009
    0.0196 20081010
    0.0139 20081011
    0.0107 20081012
    0.0107 20081013
    0.0076 20081014
    0.0075 20081015
    0.0063 20081016
    0.0054 20081017
    0.0048 20081018
    0.0057 20081019
    0.0051 20081020
    0.0046 20081021
    0.0042 20081022
    0.2502 20081023
    0.2060 20081024
    0.1800 20081025
    0.1462 20081026
    0.1148 20081027
    0.0893 20081028
    0.0681 20081029
    0.0526 20081030
    0.0416 20081031
    0.0324 20081101
    0.0251 20081102
    0.0221 20081103
    0.0159 20081104
    0.0128 20081105
    0.0105 20081106
    0.0102 20081107
    0.0098 20081108
    0.0085 20081109
    0.0075 20081110
    0.0079 20081111
    0.0070 20081112
    0.0062 20081113
    0.0056 20081114
    0.0051 20081115
    0.0046 20081116
    0.0042 20081117
    0.0039 20081118
    0.0044 20081119
    0.0040 20081120
    0.0036 20081121
    0.0033 20081122
    0.0031 20081123
    0.0028 20081124
    0.0026 20081125
    0.0269 20081126
    0.0279 20081127
    0.0255 20081128
    0.0231 20081129
    0.0191 20081130
    0.0152 20081201
    0.0121 20081202
    0.0104 20081203
    0.0086 20081204
    0.0073 20081205
    0.0057 20081206
    0.0051 20081207
    0.0042 20081208
    0.0045 20081209
    0.0040 20081210
    0.0036 20081211
    0.0033 20081212
    0.0039 20081213
    0.0035 20081214
    0.0031 20081215
    0.0028 20081216
    0.0026 20081217
    0.0024 20081218
    0.0022 20081219
    0.0020 20081220
    0.0024 20081221
    0.0022 20081222
    0.0021 20081223
    0.0019 20081224
    0.0018 20081225
    0.0016 20081226
    0.0015 20081227
    0.0014 20081228
    0.0013 20081229
    0.0012 20081230
    0.0012 20081231
    0.0031 20090101
    0.0046 20090102
    0.0064 20090103
    0.0088 20090104
    0.0120 20090105
    0.0198 20090106
    0.0266 20090107
    0.0330 20090108
    0.0391 20090109
    0.0435 20090110
    1.6380 20090111
    0.8949 20090112
    0.5184 20090113
    0.3830 20090114
    0.3165 20090115
    0.3015 20090116
    0.2868 20090117
    0.2751 20090118
    0.2671 20090119
    0.2631 20090120
    0.2587 20090121
    0.2546 20090122
    0.2523 20090123
    0.2506 20090124
    0.2474 20090125
    0.2457 20090126
    0.2416 20090127
    0.2389 20090128
    0.2365 20090129
    0.2331 20090130
    0.2290 20090131
    0.2307 20090201
    0.2326 20090202
    0.2364 20090203
    0.2389 20090204
    0.2425 20090205
    0.2447 20090206
    0.2465 20090207
    0.1740 20090208
    0.1694 20090209
    0.1609 20090210
    0.0751 20090211
    0.0854 20090212
    0.0814 20090213
    0.0768 20090214
    0.0753 20090215
    0.0725 20090216
    0.0711 20090217
    0.0692 20090218
    0.0677 20090219
    0.0653 20090220
    0.0649 20090221
    0.0640 20090222
    0.0629 20090223
    0.0627 20090224
    0.0608 20090225
    0.0595 20090226
    0.0587 20090227
    0.0564 20090228
    0.0427 20090301
    0.0190 20090302
    0.0158 20090303
    0.0207 20090304
    0.0192 20090305
    0.0117 20090306
    0.0112 20090307
    0.0094 20090308
    0.0092 20090309
    0.0079 20090310
    0.0068 20090311
    0.0059 20090312
    0.0061 20090313
    0.0054 20090314
    0.0047 20090315
    0.0042 20090316
    0.0046 20090317
    0.0041 20090318
    0.0037 20090319
    0.0033 20090320
    0.0030 20090321
    0.0027 20090322
    0.0025 20090323
    0.0023 20090324
    0.0028 20090325
    0.0025 20090326
    0.0023 20090327
    0.0021 20090328
    0.7061 20090329
    0.4031 20090330
    0.2736 20090331
    0.2324 20090401
    0.1989 20090402
    0.1743 20090403
    0.1575 20090404
    0.1464 20090405
    0.1407 20090406
    0.1354 20090407
    0.1344 20090408
    0.1330 20090409
    0.1334 20090410
    0.1341 20090411
    0.1344 20090412
    0.1361 20090413
    0.1368 20090414
    0.1368 20090415
    0.1361 20090416
    0.1356 20090417
    0.1348 20090418
    0.1347 20090419
    0.1324 20090420
    0.1312 20090421
    0.1288 20090422
    0.0390 20090423
    0.0343 20090424
    0.0306 20090425
    0.0252 20090426
    0.0239 20090427
    0.0213 20090428
    0.0193 20090429
    0.0159 20090430
    0.0140 20090501
    0.0119 20090502
    0.0126 20090503
    0.0106 20090504
    0.0101 20090505
    0.0086 20090506
    0.0086 20090507
    0.0074 20090508
    0.0064 20090509
    0.0056 20090510
    0.0059 20090511
    0.0052 20090512
    0.0046 20090513
    0.0041 20090514
    0.0037 20090515
    0.0041 20090516
    0.0037 20090517
    0.0033 20090518
    0.0030 20090519
    0.0028 20090520
    0.0025 20090521
    0.0023 20090522
    0.0022 20090523
    0.0020 20090524
    0.0024 20090525
    0.0022 20090526
    0.0020 20090527
    0.0018 20090528
    0.0022 20090529
    0.0020 20090530
    0.0018 20090531
    0.0018 20090601
    0.0016 20090602
    0.0015 20090603
    0.0018 20090604
    0.0016 20090605
    0.0015 20090606
    0.0014 20090607
    0.0013 20090608
    0.0012 20090609
    0.0011 20090610
    0.0011 20090611
    0.0010 20090612
    0.0009 20090613
    0.0009 20090614
    0.0009 20090615
    0.0008 20090616
    0.0008 20090617
    0.0011 20090618
    0.0010 20090619
    0.0010 20090620
    0.0009 20090621
    0.0009 20090622
    0.0008 20090623
    0.0008 20090624
    0.0007 20090625
    0.0007 20090626
    0.0007 20090627
    0.0006 20090628
    0.0006 20090629
    0.0006 20090630
    0.0007 20090701
    0.0007 20090702
    0.0007 20090703
    0.0006 20090704
    0.0006 20090705
    0.0006 20090706
    0.0006 20090707
    0.0008 20090708
    0.0008 20090709
    0.0007 20090710
    0.0007 20090711
    0.0007 20090712
    0.0006 20090713
    0.0006 20090714
    0.0006 20090715
    0.0006 20090716
    0.0005 20090717
    0.0005 20090718
    0.0005 20090719
    0.0005 20090720
    0.0005 20090721
    0.0004 20090722
    0.0004 20090723
    0.0004 20090724
    0.0004 20090725
    0.0004 20090726
    0.0004 20090727
    0.0003 20090728
    0.0003 20090729
    0.0003 20090730
    0.0003 20090731
    0.0004 20090801
    0.0004 20090802
    0.0004 20090803
    0.0004 20090804
    0.0004 20090805
    0.0004 20090806
    0.0003 20090807
    0.0003 20090808
    0.0003 20090809
    0.0003 20090810
    0.0003 20090811
    0.0003 20090812
    0.0003 20090813
    0.0003 20090814
    0.0003 20090815
    0.0003 20090816
    0.0003 20090817
    0.0003 20090818
    0.0003 20090819
    0.0003 20090820
    0.0003 20090821
    0.0003 20090822
    0.0003 20090823
    0.0003 20090824
    0.0002 20090825
    0.0002 20090826
    0.0002 20090827
    0.0002 20090828
    0.0002 20090829
    0.0002 20090830
    0.0002 20090831
    0.0003 20090901
    0.0002 20090902
    0.0002 20090903
    0.0002 20090904
    0.0002 20090905
    0.0002 20090906
    0.0002 20090907
    0.0002 20090908
    0.0002 20090909
    0.0002 20090910
    0.0002 20090911
    0.0002 20090912
    0.0003 20090913
    0.0003 20090914
    0.0002 20090915
    0.0003 20090916
    0.0003 20090917
    0.0003 20090918
    0.0003 20090919
    0.0003 20090920
    0.0003 20090921
    0.0002 20090922
    0.0003 20090923
    0.0002 20090924
    0.0002 20090925
    0.0002 20090926
    0.9849 20090927
    3.9200 20090928
    1.6370 20090929
    0.7060 20090930
    0.3831 20091001
    0.2814 20091002
    0.2222 20091003
    0.1677 20091004
    0.1279 20091005
    0.0995 20091006
    0.0773 20091007
    0.0571 20091008
    0.0459 20091009
    0.0351 20091010
    0.0287 20091011
    0.0202 20091012
    0.0146 20091013
    0.0134 20091014
    0.0106 20091015
    0.0090 20091016
    0.0086 20091017
    0.0072 20091018
    0.0077 20091019
    0.0066 20091020
    0.0058 20091021
    0.0052 20091022
    0.0046 20091023
    0.0042 20091024
    0.0038 20091025
    0.0045 20091026
    0.0040 20091027
    0.0036 20091028
    0.0033 20091029
    0.0030 20091030
    0.0027 20091031
    0.0029 20091101
    0.0026 20091102
    0.0032 20091103
    0.0029 20091104
    0.0026 20091105
    0.0024 20091106
    0.0022 20091107
    0.0020 20091108
    0.0018 20091109
    0.0017 20091110
    0.0016 20091111
    0.0015 20091112
    0.0014 20091113
    0.0013 20091114
    0.0012 20091115
    0.0011 20091116
    0.0016 20091117
    0.0015 20091118
    0.0014 20091119
    0.0013 20091120
    0.0012 20091121
    0.0011 20091122
    0.0010 20091123
    0.0010 20091124
    0.0009 20091125
    0.0009 20091126
    0.0008 20091127
    0.0008 20091128
    0.0007 20091129
    0.0007 20091130
    0.0008 20091201
    0.0011 20091202
    0.0011 20091203
    0.0010 20091204
    0.0009 20091205
    0.0009 20091206
    0.0008 20091207
    0.0008 20091208
    0.0007 20091209
    0.0007 20091210
    0.0007 20091211
    0.0006 20091212
    0.0006 20091213
    0.1215 20091214
    0.1452 20091215
    0.1308 20091216
    0.1097 20091217
    0.0877 20091218
    0.1223 20091219
    0.1022 20091220
    0.0806 20091221
    0.0655 20091222
    0.0520 20091223
    0.0395 20091224
    0.0322 20091225
    0.0238 20091226
    0.0207 20091227
    0.0145 20091228
    0.0119 20091229
    0.0096 20091230
    0.0070 20091231
    0.0089 20100101
    0.0080 20100102
    0.0073 20100103
    0.0068 20100104
    0.0063 20100105
    0.0058 20100106
    0.0632 20100107
    0.0649 20100108
    0.0579 20100109
    0.0479 20100110
    0.0398 20100111
    0.0323 20100112
    0.0245 20100113
    0.0251 20100114
    0.0245 20100115
    0.0268 20100116
    0.0353 20100117
    0.0409 20100118
    0.0471 20100119
    0.0523 20100120
    0.0568 20100121
    0.0619 20100122
    0.0652 20100123
    0.0700 20100124
    0.0722 20100125
    0.1666 20100126
    0.1757 20100127
    0.1722 20100128
    0.1666 20100129
    0.1597 20100130
    0.1545 20100131
    0.1644 20100201
    0.1785 20100202
    0.1953 20100203
    0.2132 20100204
    0.2311 20100205
    0.2522 20100206
    0.2685 20100207
    0.2831 20100208
    0.2982 20100209
    0.3075 20100210
    0.3188 20100211
    0.3258 20100212
    0.3293 20100213
    0.3302 20100214
    0.3306 20100215
    0.3276 20100216
    0.3248 20100217
    0.3208 20100218
    0.3186 20100219
    0.3168 20100220
    0.3131 20100221
    0.2191 20100222
    0.1964 20100223
    0.0877 20100224
    0.0765 20100225
    0.0859 20100226
    0.0819 20100227
    0.0769 20100228
    0.0832 20100301
    0.1279 20100302
    0.1378 20100303
    0.1507 20100304
    0.1642 20100305
    0.1755 20100306
    0.1887 20100307
    0.2011 20100308
    0.2124 20100309
    0.2218 20100310
    0.2302 20100311
    0.2379 20100312
    0.2450 20100313
    0.2493 20100314
    0.2533 20100315
    0.2549 20100316
    0.2555 20100317
    0.2548 20100318
    0.2543 20100319
    0.2515 20100320
    0.2497 20100321
    0.2466 20100322
    0.2425 20100323
    0.2385 20100324
    0.2328 20100325
    0.2269 20100326
    0.0630 20100327
    0.0539 20100328
    0.0697 20100329
    0.0649 20100330
    0.0593 20100331
    0.0543 20100401
    0.0497 20100402
    0.0463 20100403
    0.0428 20100404
    0.0402 20100405
    0.0369 20100406
    0.0159 20100407
    0.0137 20100408
    0.0134 20100409
    0.0116 20100410
    0.0117 20100411
    0.0100 20100412
    0.0098 20100413
    0.0084 20100414
    0.0074 20100415
    0.0074 20100416
    0.0065 20100417
    0.0058 20100418
    0.0051 20100419
    0.0054 20100420
    0.0048 20100421
    0.0043 20100422
    0.0039 20100423
    0.0035 20100424
    0.0032 20100425
    0.0036 20100426
    0.0033 20100427
    0.0030 20100428
    0.0027 20100429
    0.0025 20100430
    0.0027 20100501
    0.0025 20100502
    0.0023 20100503
    0.0021 20100504
    0.0020 20100505
    0.0018 20100506
    0.0017 20100507
    0.0016 20100508
    0.0020 20100509
    0.0018 20100510
    0.0017 20100511
    0.0016 20100512
    0.0015 20100513
    0.0014 20100514
    0.0013 20100515
    0.0012 20100516
    0.0012 20100517
    0.0011 20100518
    0.0010 20100519
    0.0010 20100520
    0.0009 20100521
    0.0009 20100522
    0.0008 20100523
    0.0008 20100524
    0.0010 20100525
    0.0010 20100526
    0.0009 20100527
    0.0009 20100528
    0.0008 20100529
    0.0008 20100530
    0.0007 20100531
    0.0007 20100601
    0.0010 20100602
    0.0009 20100603
    0.0008 20100604
    0.0007 20100605
    0.0007 20100606
    0.0007 20100607
    0.0009 20100608
    0.0009 20100609
    0.0008 20100610
    0.0008 20100611
    0.0007 20100612
    0.0007 20100613
    0.0145 20100614
    0.0376 20100615
    0.0387 20100616
    0.0354 20100617
    0.0293 20100618
    0.0255 20100619
    0.0207 20100620
    0.0162 20100621
    0.0132 20100622
    0.0121 20100623
    0.0089 20100624
    0.0061 20100625
    0.0053 20100626
    0.0045 20100627
    0.0033 20100628
    0.0043 20100629
    0.0036 20100630
    0.0033 20100701
    0.0030 20100702
    0.0028 20100703
    0.0025 20100704
    0.0023 20100705
    0.0022 20100706
    0.0020 20100707
    0.0019 20100708
    0.0017 20100709
    0.0016 20100710
    0.0015 20100711
    0.0021 20100712
    0.0020 20100713
    0.0019 20100714
    0.0017 20100715
    0.0016 20100716
    0.0014 20100717
    0.0013 20100718
    0.0012 20100719
    0.0017 20100720
    0.0015 20100721
    0.0014 20100722
    0.0013 20100723
    0.0012 20100724
    0.0011 20100725
    0.0010 20100726
    0.0010 20100727
    0.0009 20100728
    0.0009 20100729
    0.0008 20100730
    0.0008 20100731
    0.0009 20100801
    0.0009 20100802
    0.0008 20100803
    0.0008 20100804
    0.0007 20100805
    0.0007 20100806
    0.0006 20100807
    0.0006 20100808
    0.0006 20100809
    0.0005 20100810
    0.0005 20100811
    0.0005 20100812
    0.0441 20100813
    0.0512 20100814
    0.0478 20100815
    0.0407 20100816
    0.0341 20100817
    0.0278 20100818
    0.0227 20100819
    0.0177 20100820
    0.0142 20100821
    0.0127 20100822
    0.0096 20100823
    0.0068 20100824
    0.0052 20100825
    0.0041 20100826
    0.0048 20100827
    0.0037 20100828
    0.0031 20100829
    0.0027 20100830
    0.0024 20100831
    0.0028 20100901
    0.0026 20100902
    0.0024 20100903
    0.0022 20100904
    0.0020 20100905
    0.0027 20100906
    0.0025 20100907
    0.0023 20100908
    0.0021 20100909
    0.0019 20100910
    0.0018 20100911
    0.0016 20100912
    0.0015 20100913
    0.0014 20100914
    0.0013 20100915
    0.0012 20100916
    0.0012 20100917
    0.0011 20100918
    0.0010 20100919
    0.0010 20100920
    0.0009 20100921
    0.0008 20100922
    0.0008 20100923
    0.0008 20100924
    0.0007 20100925
    0.0007 20100926
    0.0006 20100927
    0.0006 20100928
    0.0006 20100929
    0.0006 20100930
    0.0006 20101001
    0.0006 20101002
    0.0005 20101003
    0.0005 20101004
    0.0005 20101005
    0.0005 20101006
    0.0009 20101007
    0.0008 20101008
    0.0008 20101009
    0.0007 20101010
    0.0007 20101011
    0.0007 20101012
    0.0006 20101013
    0.0006 20101014
    0.0006 20101015
    0.0005 20101016
    0.0005 20101017
    0.0005 20101018
    0.0005 20101019
    0.0004 20101020
    0.0004 20101021
    0.0004 20101022
    0.0004 20101023
    0.0004 20101024
    0.0004 20101025
    0.0003 20101026
    0.0003 20101027
    0.0003 20101028
    0.0003 20101029
    0.0003 20101030
    0.0003 20101031
    0.0004 20101101
    0.0004 20101102
    0.0004 20101103
    0.0004 20101104
    0.0004 20101105
    0.0003 20101106
    0.0003 20101107
    0.0003 20101108
    0.0003 20101109
    0.0003 20101110
    0.0003 20101111
    0.0005 20101112
    0.0005 20101113
    0.0005 20101114
    0.0004 20101115
    0.0004 20101116
    0.0004 20101117
    0.0004 20101118
    0.0003 20101119
    0.0003 20101120
    0.0003 20101121
    0.0003 20101122
    0.0003 20101123
    0.0003 20101124
    0.0003 20101125
    0.0002 20101126
    0.0038 20101127
    0.0037 20101128
    0.0033 20101129
    0.0030 20101130
    0.0028 20101201
    0.0023 20101202
    0.0018 20101203
    0.0014 20101204
    0.0013 20101205
    0.0010 20101206
    0.0009 20101207
    0.0011 20101208
    0.0010 20101209
    0.0009 20101210
    0.0009 20101211
    0.0008 20101212
    0.0007 20101213
    0.0007 20101214
    0.0006 20101215
    0.0006 20101216
    0.0006 20101217
    0.0005 20101218
    0.0005 20101219
    0.0005 20101220
    0.0005 20101221
    0.0004 20101222
    0.0004 20101223
    0.0004 20101224
    0.0004 20101225
    0.0004 20101226
    0.0003 20101227
    0.0003 20101228
    0.0003 20101229
    0.0003 20101230
    0.0006 20101231
    0.0005 20110101
    0.0005 20110102
    0.0005 20110103
    0.0006 20110104
    0.0006 20110105
    0.0005 20110106
    0.0005 20110107
    0.0005 20110108
    0.0005 20110109
    0.0004 20110110
    0.0004 20110111
    0.0004 20110112
    0.0004 20110113
    0.0004 20110114
    0.0003 20110115
    0.0003 20110116
    0.0003 20110117
    0.0003 20110118
    0.0003 20110119
    0.0003 20110120
    0.0003 20110121
    0.0002 20110122
    0.0002 20110123
    0.0002 20110124
    0.0004 20110125
    0.0004 20110126
    0.0004 20110127
    0.0004 20110128
    0.0004 20110129
    0.0003 20110130
    0.0003 20110131
    0.0004 20110201
    0.0004 20110202
    0.0004 20110203
    0.0005 20110204
    0.0005 20110205
    0.0005 20110206
    0.0005 20110207
    0.0005 20110208
    0.0005 20110209
    0.0005 20110210
    0.0005 20110211
    0.0005 20110212
    0.0005 20110213
    0.0005 20110214
    0.0004 20110215
    0.0004 20110216
    0.0004 20110217
    0.0004 20110218
    0.0004 20110219
    0.0004 20110220
    0.0004 20110221
    0.0004 20110222
    0.0004 20110223
    0.0004 20110224
    0.0004 20110225
    0.0004 20110226
    0.0003 20110227
    0.0003 20110228
    0.0004 20110301
    0.0004 20110302
    0.0004 20110303
    0.0029 20110304
    0.0030 20110305
    0.0027 20110306
    0.0025 20110307
    0.0025 20110308
    0.0017 20110309
    0.0014 20110310
    0.0012 20110311
    0.0009 20110312
    0.0011 20110313
    0.0010 20110314
    0.0009 20110315
    0.0008 20110316
    0.0008 20110317
    0.0007 20110318
    0.0007 20110319
    0.0010 20110320
    0.0009 20110321
    0.0008 20110322
    0.0008 20110323
    0.0007 20110324
    0.0007 20110325
    0.0006 20110326
    0.0006 20110327
    0.0006 20110328
    0.0005 20110329
    0.0005 20110330
    0.0005 20110331
    0.0005 20110401
    0.0005 20110402
    0.0005 20110403
    0.0004 20110404
    0.0004 20110405
    0.0004 20110406
    0.0004 20110407
    0.0004 20110408
    0.0003 20110409
    0.0003 20110410
    0.0003 20110411
    0.0003 20110412
    0.0003 20110413
    0.0003 20110414
    0.0003 20110415
    0.0003 20110416
    0.0002 20110417
    0.0002 20110418
    0.0002 20110419
    0.0004 20110420
    0.0004 20110421
    0.0004 20110422
    0.0004 20110423
    0.0003 20110424
    0.0003 20110425
    0.0003 20110426
    0.0003 20110427
    0.0003 20110428
    0.0003 20110429
    0.0003 20110430
    0.0002 20110501
    0.0605 20110502
    0.0739 20110503
    0.0689 20110504
    0.0584 20110505
    0.0483 20110506
    0.0380 20110507
    0.0314 20110508
    0.0247 20110509
    0.0200 20110510
    0.0158 20110511
    0.0129 20110512
    0.0106 20110513
    0.0077 20110514
    0.0061 20110515
    0.0053 20110516
    0.0053 20110517
    0.0044 20110518
    0.0039 20110519
    0.0035 20110520
    0.0031 20110521
    0.0029 20110522
    0.0026 20110523
    0.0024 20110524
    0.0023 20110525
    0.0036 20110526
    0.0032 20110527
    0.0029 20110528
    0.0026 20110529
    0.0024 20110530
    0.0021 20110531
    0.0019 20110601
    0.0018 20110602
    0.0016 20110603
    0.0015 20110604
    0.0021 20110605
    0.0019 20110606
    0.0018 20110607
    0.0016 20110608
    0.0015 20110609
    0.0014 20110610
    0.0013 20110611
    0.0014 20110612
    0.0012 20110613
    0.0011 20110614
    0.0016 20110615
    0.0014 20110616
    0.0013 20110617
    0.0012 20110618
    0.0011 20110619
    0.0010 20110620
    0.0009 20110621
    0.0009 20110622
    0.0008 20110623
    0.0008 20110624
    0.0007 20110625
    0.0007 20110626
    0.0006 20110627
    0.0006 20110628
    0.0006 20110629
    0.0005 20110630
    0.0008 20110701
    0.0008 20110702
    0.0007 20110703
    0.0007 20110704
    0.0007 20110705
    0.0006 20110706
    0.0006 20110707
    0.0006 20110708
    0.0005 20110709
    0.0005 20110710
    0.0005 20110711
    0.0005 20110712
    0.0004 20110713
    0.0006 20110714
    0.0006 20110715
    0.0005 20110716
    0.0005 20110717
    0.0005 20110718
    0.0005 20110719
    0.0004 20110720
    0.0004 20110721
    0.0004 20110722
    0.0004 20110723
    0.0003 20110724
    0.0003 20110725
    0.0003 20110726
    0.0003 20110727
    0.0003 20110728
    0.0003 20110729
    0.0003 20110730
    0.0003 20110731
    0.0004 20110801
    0.0003 20110802
    0.0003 20110803
    0.0003 20110804
    0.0003 20110805
    0.0003 20110806
    0.0003 20110807
    0.0003 20110808
    0.0002 20110809
    0.0002 20110810
    0.0002 20110811
    0.0004 20110812
    0.0004 20110813
    0.0004 20110814
    0.0004 20110815
    0.0004 20110816
    0.0003 20110817
    0.0003 20110818
    0.0003 20110819
    0.0003 20110820
    0.0003 20110821
    0.0003 20110822
    0.0003 20110823
    0.0002 20110824
    0.0002 20110825
    0.0002 20110826
    0.0002 20110827
    0.0002 20110828
    0.0002 20110829
    0.0002 20110830
    0.0002 20110831
    0.0003 20110901
    0.0003 20110902
    0.0014 20110903
    0.0013 20110904
    0.0013 20110905
    0.0011 20110906
    0.0009 20110907
    0.0007 20110908
    0.0005 20110909
    0.0005 20110910
    0.0004 20110911
    0.0003 20110912
    0.0003 20110913
    0.0003 20110914
    0.0003 20110915
    0.0003 20110916
    0.0003 20110917
    0.0002 20110918
    0.0005 20110919
    0.0004 20110920
    0.0004 20110921
    0.0004 20110922
    0.0004 20110923
    0.0003 20110924
    0.0003 20110925
    0.0003 20110926
    0.0003 20110927
    0.0003 20110928
    0.0003 20110929
    0.0003 20110930
    0.0003 20111001
    0.0003 20111002
    0.0002 20111003
    0.0002 20111004
    0.0002 20111005
    0.0002 20111006
    0.0002 20111007
    0.0002 20111008
    0.0002 20111009
    0.0002 20111010
    0.0002 20111011
    0.0002 20111012
    0.0002 20111013
    0.0002 20111014
    0.0002 20111015
    0.0001 20111016
    0.0001 20111017
    0.0001 20111018
    0.0001 20111019
    0.0001 20111020
    0.0001 20111021
    0.0001 20111022
    0.0001 20111023
    0.0001 20111024
    0.0001 20111025
    0.0001 20111026
    0.0001 20111027
    0.0001 20111028
    0.0001 20111029
    0.0001 20111030
    0.0001 20111031
    0.0003 20111101
    0.0003 20111102
    0.0003 20111103
    0.0002 20111104
    0.0001 20111105
    0.0003 20111106
    0.0003 20111107
    0.0003 20111108
    0.0002 20111109
    0.0002 20111110
    0.0002 20111111
    0.0002 20111112
    0.0002 20111113
    0.0002 20111114
    0.0002 20111115
    0.0002 20111116
    0.0002 20111117
    0.0005 20111118
    0.0004 20111119
    0.0002 20111120
    0.0002 20111121
    0.0002 20111122
    0.0002 20111123
    0.0002 20111124
    0.0002 20111125
    0.0002 20111126
    0.0002 20111127
    0.0002 20111128
    0.0002 20111129
    0.0002 20111130
    0.0002 20111201
    0.0002 20111202
    0.0002 20111203
    0.0002 20111204
    0.0002 20111205
    0.0002 20111206
    0.0001 20111207
    0.0001 20111208
    0.0001 20111209
    0.0001 20111210
    0.0001 20111211
    0.0003 20111212
    0.0002 20111213
    0.0002 20111214
    0.0002 20111215
    0.0002 20111216
    0.0002 20111217
    0.0002 20111218
    0.0002 20111219
    0.0002 20111220
    0.0002 20111221
    0.0002 20111222
    0.0002 20111223
    0.0002 20111224
    0.0001 20111225
    0.0001 20111226
    0.0001 20111227
    0.0001 20111228
    0.0001 20111229
    0.0001 20111230
    0.0001 20111231
    0.0002 20120101
    0.0002 20120102
    0.0001 20120103
    0.0001 20120104
    0.0001 20120105
    0.0001 20120106
    0.0001 20120107
    0.0001 20120108
    0.0001 20120109
    0.0001 20120110
    0.0001 20120111
    0.0002 20120112
    0.0002 20120113
    0.0002 20120114
    0.0002 20120115
    0.0002 20120116
    0.0002 20120117
    0.0002 20120118
    0.0002 20120119
    0.0002 20120120
    0.0002 20120121
    0.0002 20120122
    0.0001 20120123
    0.0001 20120124
    0.0001 20120125
    0.0001 20120126
    0.0001 20120127
    0.0001 20120128
    0.0001 20120129
    0.0001 20120130
    0.0001 20120131
    0.0001 20120201
    0.0002 20120202
    0.0002 20120203
    0.0002 20120204
    0.0002 20120205
    0.0002 20120206
    0.0002 20120207
    0.0002 20120208
    0.0002 20120209
    0.0002 20120210
    0.0002 20120211
    0.0002 20120212
    0.0002 20120213
    0.0002 20120214
    0.0002 20120215
    0.0002 20120216
    0.0002 20120217
    0.0002 20120218
    0.0002 20120219
    0.0002 20120220
    0.0002 20120221
    0.0002 20120222
    0.0002 20120223
    0.0002 20120224
    0.0002 20120225
    0.0002 20120226
    0.0002 20120227
    0.0002 20120228
    0.0002 20120229
    0.0002 20120301
    0.0002 20120302
    0.0002 20120303
    0.0002 20120304
    0.0002 20120305
    0.0002 20120306
    0.0002 20120307
    0.0002 20120308
    0.0002 20120309
    0.0002 20120310
    0.0002 20120311
    0.0002 20120312
    0.0002 20120313
    0.0002 20120314
    0.0002 20120315
    0.0002 20120316
    0.0002 20120317
    0.0002 20120318
    0.0002 20120319
    0.0196 20120320
    0.0236 20120321
    0.0231 20120322
    0.0200 20120323
    0.0173 20120324
    0.0149 20120325
    0.0123 20120326
    0.0095 20120327
    0.0088 20120328
    0.0069 20120329
    0.0051 20120330
    0.0033 20120331
    0.0031 20120401
    0.0038 20120402
    0.0030 20120403
    0.0025 20120404
    0.0022 20120405
    0.0020 20120406
    0.0018 20120407
    0.0017 20120408
    0.0023 20120409
    0.0021 20120410
    0.0019 20120411
    0.0017 20120412
    0.0016 20120413
    0.0015 20120414
    0.0014 20120415
    0.0013 20120416
    0.0012 20120417
    0.0011 20120418
    0.0010 20120419
    0.0010 20120420
    0.0009 20120421
    0.0008 20120422
    0.0008 20120423
    0.0008 20120424
    0.0007 20120425
    0.0007 20120426
    0.0006 20120427
    0.0006 20120428
    0.0006 20120429
    0.0005 20120430
    0.0011 20120501
    0.0010 20120502
    0.0010 20120503
    0.0009 20120504
    0.0008 20120505
    0.0008 20120506
    0.0007 20120507
    0.0007 20120508
    0.0006 20120509
    0.0006 20120510
    0.0006 20120511
    0.0005 20120512
    0.0005 20120513
    0.0005 20120514
    0.0004 20120515
    0.0004 20120516
    0.0004 20120517
    0.0004 20120518
    0.0004 20120519
    0.0003 20120520
    0.0006 20120521
    0.0006 20120522
    0.0006 20120523
    0.0005 20120524
    0.0005 20120525
    0.0005 20120526
    0.0005 20120527
    0.0004 20120528
    0.0004 20120529
    0.0004 20120530
    0.0004 20120531
    0.0004 20120601
    0.0004 20120602
    0.0003 20120603
    0.0003 20120604
    0.0003 20120605
    0.0003 20120606
    0.0003 20120607
    0.0003 20120608
    0.0003 20120609
    0.0005 20120610
    0.0004 20120611
    0.0004 20120612
    0.0004 20120613
    0.0004 20120614
    0.0004 20120615
    0.0003 20120616
    0.0003 20120617
    0.0003 20120618
    0.0003 20120619
    0.0003 20120620
    0.0003 20120621
    0.0003 20120622
    0.0002 20120623
    0.0002 20120624
    0.0002 20120625
    0.0002 20120626
    0.0002 20120627
    0.0002 20120628
    0.0002 20120629
    0.0002 20120630
    0.0003 20120701
    0.0003 20120702
    0.0003 20120703
    0.0002 20120704
    0.0002 20120705
    0.0002 20120706
    0.0002 20120707
    0.0002 20120708
    0.0002 20120709
    0.0002 20120710
    0.0002 20120711
    0.0002 20120712
    0.0003 20120713
    0.0003 20120714
    0.0003 20120715
    0.0003 20120716
    0.0003 20120717
    0.0003 20120718
    0.0003 20120719
    0.0002 20120720
    0.0002 20120721
    0.0002 20120722
    0.0002 20120723
    0.0002 20120724
    0.0002 20120725
    0.0002 20120726
    0.0002 20120727
    0.0002 20120728
    0.0002 20120729
    0.0002 20120730
    0.0002 20120731
    0.0002 20120801
    0.0002 20120802
    0.0002 20120803
    0.0002 20120804
    0.0002 20120805
    0.0002 20120806
    0.0002 20120807
    0.0002 20120808
    0.0002 20120809
    0.0002 20120810
    0.0002 20120811
    0.0001 20120812
    0.0001 20120813
    0.0001 20120814
    0.0001 20120815
    0.0001 20120816
    0.0001 20120817
    0.0001 20120818
    0.0001 20120819
    0.0001 20120820
    0.0001 20120821
    0.0001 20120822
    0.0001 20120823
    0.0001 20120824
    0.0001 20120825
    0.0001 20120826
    0.0001 20120827
    0.0001 20120828
    0.0001 20120829
    0.0001 20120830
    0.0001 20120831
    0.0001 20120901
    0.0001 20120902
    0.0001 20120903
    0.0001 20120904
    0.0001 20120905
    0.0001 20120906
    0.0001 20120907
    0.0001 20120908
    0.0001 20120909
    0.0001 20120910
    0.0001 20120911
    0.0001 20120912
    0.0001 20120913
    0.0001 20120914
    0.0001 20120915
    0.0001 20120916
    0.0001 20120917
    0.0001 20120918
    0.0001 20120919
    0.0001 20120920
    0.0001 20120921
    0.0001 20120922
    0.0001 20120923
    0.0001 20120924
    0.0001 20120925
    0.0001 20120926
    0.0001 20120927
    3.6610 20120928
    1.7530 20120929
    0.7665 20120930
    0.3977 20121001
    0.2877 20121002
    0.2263 20121003
    0.1727 20121004
    0.1302 20121005
    0.0981 20121006
    0.0767 20121007
    0.0583 20121008
    0.0445 20121009
    0.0355 20121010
    0.0280 20121011
    0.0200 20121012
    0.0156 20121013
    0.0106 20121014
    0.0098 20121015
    0.0081 20121016
    0.0061 20121017
    0.0066 20121018
    0.0057 20121019
    0.0353 20121020
    0.0311 20121021
    0.0263 20121022
    0.0211 20121023
    0.0177 20121024
    0.0138 20121025
    0.0122 20121026
    0.0078 20121027
    0.0061 20121028
    0.0052 20121029
    0.0041 20121030
    0.0036 20121031
    0.0036 20121101
    0.0041 20121102
    0.0036 20121103
    0.0033 20121104
    0.0030 20121105
    0.0027 20121106
    0.0028 20121107
    0.0025 20121108
    0.0023 20121109
    0.0021 20121110
    0.0024 20121111
    0.0027 20121112
    0.0026 20121113
    0.0024 20121114
    0.0022 20121115
    0.0020 20121116
    0.0019 20121117
    0.0017 20121118
    0.0016 20121119
    0.0015 20121120
    0.0014 20121121
    0.0013 20121122
    0.0012 20121123
    0.0011 20121124
    0.0011 20121125
    0.0015 20121126
    0.0014 20121127
    0.0013 20121128
    0.0012 20121129
    0.0011 20121130
    0.0016 20121201
    0.0016 20121202
    0.0015 20121203
    0.0015 20121204
    0.0015 20121205
    0.0014 20121206
    0.0014 20121207
    0.0013 20121208
    0.0013 20121209
    0.0012 20121210
    0.0012 20121211
    0.0011 20121212
    0.0011 20121213
    0.0011 20121214
    0.0010 20121215
    0.0010 20121216
    0.0010 20121217
    0.0009 20121218
    0.0009 20121219
    0.0009 20121220
    0.0008 20121221
    0.0008 20121222
    0.0008 20121223
    0.0008 20121224
    0.0007 20121225
    0.0007 20121226
    0.0007 20121227
    0.0007 20121228
    0.0006 20121229
    0.0006 20121230
    0.0006 20121231
    0.0009 20130101
    0.0009 20130102
    0.0009 20130103
    0.0009 20130104
    0.0009 20130105
    0.0009 20130106
    0.0009 20130107
    0.0009 20130108
    0.0009 20130109
    0.0009 20130110
    0.0009 20130111
    0.0008 20130112
    0.0008 20130113
    0.0008 20130114
    0.0008 20130115
    0.0009 20130116
    0.0009 20130117
    0.0008 20130118
    0.0008 20130119
    0.0008 20130120
    0.0008 20130121
    0.0007 20130122
    0.0007 20130123
    0.0007 20130124
    0.0007 20130125
    0.0007 20130126
    0.0006 20130127
    0.0006 20130128
    0.0006 20130129
    0.0006 20130130
    0.0006 20130131
    0.0008 20130201
    0.0008 20130202
    0.0008 20130203
    0.0007 20130204
    0.0007 20130205
    0.0007 20130206
    0.0007 20130207
    0.0006 20130208
    0.0006 20130209
    0.0006 20130210
    0.0006 20130211
    0.0006 20130212
    0.0006 20130213
    0.0005 20130214
    0.0005 20130215
    0.0005 20130216
    0.0007 20130217
    0.0007 20130218
    0.0007 20130219
    0.0006 20130220
    0.0006 20130221
    0.0006 20130222
    0.0006 20130223
    0.0005 20130224
    0.0005 20130225
    0.0005 20130226
    0.0005 20130227
    0.1939 20130228
    0.1820 20130301
    0.1633 20130302
    0.1332 20130303
    0.1056 20130304
    0.0822 20130305
    0.0640 20130306
    0.0492 20130307
    0.0383 20130308
    0.0316 20130309
    0.0247 20130310
    0.0205 20130311
    0.0148 20130312
    0.0134 20130313
    0.0110 20130314
    0.0104 20130315
    0.0086 20130316
    0.0074 20130317
    0.0076 20130318
    0.0067 20130319
    0.0060 20130320
    0.0054 20130321
    0.0048 20130322
    0.0044 20130323
    0.0049 20130324
    0.0044 20130325
    0.0040 20130326
    0.0036 20130327
    0.0033 20130328
    0.0031 20130329
    0.0028 20130330
    0.0026 20130331
    0.0027 20130401
    0.0025 20130402
    0.0023 20130403
    0.0021 20130404
    0.0026 20130405
    0.0024 20130406
    0.0022 20130407
    0.0021 20130408
    0.0018 20130409
    0.0022 20130410
    0.0020 20130411
    0.0018 20130412
    0.0017 20130413
    0.0016 20130414
    0.0015 20130415
    0.0014 20130416
    0.0013 20130417
    0.0012 20130418
    0.0011 20130419
    0.0011 20130420
    0.0010 20130421
    0.0010 20130422
    0.0009 20130423
    0.0009 20130424
    0.0178 20130425
    0.0201 20130426
    0.0186 20130427
    0.0827 20130428
    0.0859 20130429
    0.0753 20130430
    0.0625 20130501
    0.0512 20130502
    0.0405 20130503
    0.0329 20130504
    0.0264 20130505
    0.0203 20130506
    0.0155 20130507
    0.0139 20130508
    0.0110 20130509
    0.0076 20130510
    0.0081 20130511
    0.0061 20130512
    0.0061 20130513
    0.0052 20130514
    0.0045 20130515
    0.0040 20130516
    0.0036 20130517
    0.0033 20130518
    0.0039 20130519
    0.0035 20130520
    0.0032 20130521
    0.0029 20130522
    0.0027 20130523
    0.0024 20130524
    0.0022 20130525
    0.0021 20130526
    0.0019 20130527
    0.0018 20130528
    0.0016 20130529
    0.0015 20130530
    0.0014 20130531
    0.0019 20130601
    0.0017 20130602
    0.0016 20130603
    0.0015 20130604
    0.0014 20130605
    0.0013 20130606
    0.0012 20130607
    0.0017 20130608
    0.0015 20130609
    0.0014 20130610
    0.0013 20130611
    0.0012 20130612
    0.0012 20130613
    0.0011 20130614
    0.0010 20130615
    0.0010 20130616
    0.0009 20130617
    0.0009 20130618
    0.0008 20130619
    0.0008 20130620
    0.0011 20130621
    0.0010 20130622
    0.0009 20130623
    0.0009 20130624
    0.0008 20130625
    0.0007 20130626
    0.0007 20130627
    0.0007 20130628
    0.0006 20130629
    0.0006 20130630
    0.0008 20130701
    0.0008 20130702
    0.0007 20130703
    0.0007 20130704
    0.0007 20130705
    0.0006 20130706
    0.0006 20130707
    0.0006 20130708
    0.0005 20130709
    0.0005 20130710
    0.0005 20130711
    0.0005 20130712
    0.0005 20130713
    0.0004 20130714
    0.0004 20130715
    0.0004 20130716
    0.0004 20130717
    0.0005 20130718
    0.0005 20130719
    0.0005 20130720
    0.0004 20130721
    0.0004 20130722
    0.0004 20130723
    0.0004 20130724
    0.0004 20130725
    0.0003 20130726
    0.0003 20130727
    0.0003 20130728
    0.0003 20130729
    0.0003 20130730
    0.0003 20130731
    0.0004 20130801
    0.0004 20130802
    0.0003 20130803
    0.0003 20130804
    0.0003 20130805
    0.0003 20130806
    0.0003 20130807
    0.0003 20130808
    0.0003 20130809
    0.0003 20130810
    0.0002 20130811
    0.0002 20130812
    0.0002 20130813
    0.0002 20130814
    0.0002 20130815
    0.0004 20130816
    0.0004 20130817
    0.0004 20130818
    0.0003 20130819
    0.0003 20130820
    0.0003 20130821
    0.0003 20130822
    0.0003 20130823
    0.0003 20130824
    0.0003 20130825
    0.0002 20130826
    0.0171 20130827
    0.0202 20130828
    0.0200 20130829
    0.0173 20130830
    0.0149 20130831
    0.0127 20130901
    0.0106 20130902
    0.0084 20130903
    0.0077 20130904
    0.0057 20130905
    0.0044 20130906
    0.0031 20130907
    0.0032 20130908
    0.0023 20130909
    0.0027 20130910
    0.0023 20130911
    0.0020 20130912
    0.0018 20130913
    0.0017 20130914
    0.0016 20130915
    0.0015 20130916
    0.0014 20130917
    0.0013 20130918
    0.0012 20130919
    0.0011 20130920
    0.0011 20130921
    0.0010 20130922
    0.0009 20130923
    0.0009 20130924
    0.0008 20130925
    0.0008 20130926
    0.0007 20130927
    0.0007 20130928
    0.0007 20130929
    0.0006 20130930
    0.0007 20131001
    0.0007 20131002
    0.0006 20131003
    0.0006 20131004
    0.0006 20131005
    0.0005 20131006
    0.0005 20131007
    0.0010 20131008
    0.0009 20131009
    0.0009 20131010
    0.0008 20131011
    0.0008 20131012
    0.0007 20131013
    0.0007 20131014
    0.0006 20131015
    0.0006 20131016
    0.0006 20131017
    0.0005 20131018
    0.0005 20131019
    0.0005 20131020
    0.0005 20131021
    0.0005 20131022
    0.0004 20131023
    0.0004 20131024
    0.0004 20131025
    0.0004 20131026
    0.0004 20131027
    0.0003 20131028
    0.0003 20131029
    0.0003 20131030
    0.0003 20131031
    0.0005 20131101
    0.0005 20131102
    0.0005 20131103
    0.0005 20131104
    0.0004 20131105
    0.0004 20131106
    0.0004 20131107
    0.0004 20131108
    0.0004 20131109
    0.0003 20131110
    0.0003 20131111
    0.0003 20131112
    0.0003 20131113
    0.0003 20131114
    0.0005 20131115
    0.0005 20131116
    0.0005 20131117
    0.0004 20131118
    0.0004 20131119
    0.0004 20131120
    0.0004 20131121
    0.0004 20131122
    0.0003 20131123
    0.0003 20131124
    0.0003 20131125
    0.0003 20131126
    0.0003 20131127
    0.0017 20131128
    0.0018 20131129
    0.0012 20131130
    0.0011 20131201
    0.0007 20131202
    0.0007 20131203
    0.0006 20131204
    0.0007 20131205
    0.0006 20131206
    0.0005 20131207
    0.0005 20131208
    0.0005 20131209
    0.0004 20131210
    0.0004 20131211
    0.0004 20131212
    0.0004 20131213
    0.0004 20131214
    0.0003 20131215
    0.0003 20131216
    0.0003 20131217
    0.0003 20131218
    0.0003 20131219
    0.0003 20131220
    0.0003 20131221
    0.0002 20131222
    0.0002 20131223
    0.0002 20131224
    0.0002 20131225
    0.0004 20131226
    0.0004 20131227
    0.0004 20131228
    0.0004 20131229
    0.0003 20131230
    0.0003 20131231
    0.0003 20140101
    0.0003 20140102
    0.0003 20140103
    0.0003 20140104
    0.0003 20140105
    0.0003 20140106
    0.0003 20140107
    0.0004 20140108
    0.0004 20140109
    0.0003 20140110
    0.0003 20140111
    0.0003 20140112
    0.0003 20140113
    0.0003 20140114
    0.0003 20140115
    0.0003 20140116
    0.0003 20140117
    0.0003 20140118
    0.0002 20140119
    0.0002 20140120
    0.0002 20140121
    0.0002 20140122
    0.0002 20140123
    0.0002 20140124
    0.0002 20140125
    0.0002 20140126
    0.0002 20140127
    0.0002 20140128
    0.0003 20140129
    0.0003 20140130
    0.0003 20140131
    0.0003 20140201
    0.0003 20140202
    0.0003 20140203
    0.0003 20140204
    0.0003 20140205
    0.0003 20140206
    0.0003 20140207
    0.0003 20140208
    0.0003 20140209
    0.0003 20140210
    0.0003 20140211
    0.0003 20140212
    0.0003 20140213
    0.0003 20140214
    0.0003 20140215
    0.0003 20140216
    0.0003 20140217
    0.0003 20140218
    0.0003 20140219
    0.0003 20140220
    0.0003 20140221
    0.0003 20140222
    0.0002 20140223
    0.0002 20140224
    0.0002 20140225
    0.0003 20140226
    0.0003 20140227
    0.0003 20140228
    0.0003 20140301
    0.0003 20140302
    0.0003 20140303
    0.0003 20140304
    0.0002 20140305
    0.0002 20140306
    0.0002 20140307
    0.0002 20140308
    0.0003 20140309
    0.0003 20140310
    0.0003 20140311
    0.0003 20140312
    0.0003 20140313
    0.0002 20140314
    0.0002 20140315
    0.0002 20140316
    0.0002 20140317
    0.0002 20140318
    0.0002 20140319
    0.0002 20140320
    0.0002 20140321
    0.0002 20140322
    0.0002 20140323
    0.0002 20140324
    0.0002 20140325
    0.0002 20140326
    0.0003 20140327
    0.0003 20140328
    0.0003 20140329
    0.0003 20140330
    0.0003 20140331
    0.0002 20140401
    0.0002 20140402
    0.0002 20140403
    0.0002 20140404
    0.0002 20140405
    0.0003 20140406
    0.0003 20140407
    0.0003 20140408
    0.0003 20140409
    0.0002 20140410
    0.0002 20140411
    0.0002 20140412
    0.0002 20140413
    0.0002 20140414
    0.0002 20140415
    0.0002 20140416
    0.0002 20140417
    0.0002 20140418
    0.0002 20140419
    0.0002 20140420
    0.0002 20140421
    0.0002 20140422
    0.0001 20140423
    0.0001 20140424
    0.0001 20140425
    0.0001 20140426
    0.0001 20140427
    0.0001 20140428
    0.0001 20140429
    0.0001 20140430
    0.0001 20140501
    0.0001 20140502
    0.0002 20140503
    0.0002 20140504
    0.0002 20140505
    0.0002 20140506
    0.0002 20140507
    0.0002 20140508
    0.0002 20140509
    0.0002 20140510
    0.0002 20140511
    0.0002 20140512
    0.0002 20140513
    0.0001 20140514
    0.0001 20140515
    0.0001 20140516
    0.0001 20140517
    0.0001 20140518
    0.0001 20140519
    0.0001 20140520
    0.0001 20140521
    0.0001 20140522
    0.0001 20140523
    0.0001 20140524
    0.0001 20140525
    0.0001 20140526
    0.0001 20140527
    0.0001 20140528
    0.0001 20140529
    0.0001 20140530
    0.0001 20140531
    0.0002 20140601
    0.0002 20140602
    0.0002 20140603
    0.0002 20140604
    0.0002 20140605
    0.0002 20140606
    0.0001 20140607
    0.0001 20140608
    0.0001 20140609
    0.0001 20140610
    0.0001 20140611
    0.0001 20140612
    0.0001 20140613
    0.0001 20140614
    0.0001 20140615
    0.0001 20140616
    0.0001 20140617
    0.0001 20140618
    0.0001 20140619
    0.0001 20140620
    0.0001 20140621
    0.0001 20140622
    0.0001 20140623
    0.0001 20140624
    0.0001 20140625
    0.0001 20140626
    0.0001 20140627
    0.0001 20140628
    0.0001 20140629
    0.0001 20140630
    0.0001 20140701
    0.0001 20140702
    0.0001 20140703
    0.0001 20140704
    0.0001 20140705
    0.0001 20140706
    0.0002 20140707
    0.0002 20140708
    0.0002 20140709
    0.0002 20140710
    0.0002 20140711
    0.0002 20140712
    0.0002 20140713
    0.0001 20140714
    0.0001 20140715
    0.0001 20140716
    0.0001 20140717
    0.0001 20140718
    0.0001 20140719
    0.0001 20140720
    0.0001 20140721
    0.0001 20140722
    0.0001 20140723
    0.0001 20140724
    0.0001 20140725
    0.0001 20140726
    0.0001 20140727
    0.0001 20140728
    0.0001 20140729
    0.0001 20140730
    0.0001 20140731
    0.0001 20140801
    0.0001 20140802
    0.0001 20140803
    0.0001 20140804
    0.0001 20140805
    0.0001 20140806
    0.0001 20140807
    0.0001 20140808
    0.0001 20140809
    0.0001 20140810
    0.0001 20140811
    0.0001 20140812
    0.0001 20140813
    0.0001 20140814
    0.0001 20140815
    0.0001 20140816
    0.0001 20140817
    0.0001 20140818
    0.0001 20140819
    0.0001 20140820
    0.0001 20140821
    0.0001 20140822
    0.0001 20140823
    0.0001 20140824
    0.0001 20140825
    0.0001 20140826
    0.0001 20140827
    0.0001 20140828
    0.0001 20140829
    0.0001 20140830
    0.0001 20140831
    0.0001 20140901
    0.0001 20140902
    0.0001 20140903
    0.0001 20140904
    0.0001 20140905
    0.0001 20140906
    0.0001 20140907
    0.0001 20140908
    0.0001 20140909
    0.0001 20140910
    0.0001 20140911
    0.0001 20140912
    0.0001 20140913
    0.0001 20140914
    0.0001 20140915
    0.0000 20140916
    0.0000 20140917
    0.0000 20140918
    0.0000 20140919
    0.0000 20140920
    0.0000 20140921
    0.0000 20140922
    0.0000 20140923
    0.0000 20140924
    0.0000 20140925
    1.8790 20140926
    0.9779 20140927
    0.4599 20140928
    0.3706 20140929
    0.2753 20140930
    0.2136 20141001
    0.1620 20141002
    0.1219 20141003
    0.0930 20141004
    0.0734 20141005
    0.0530 20141006
    0.0443 20141007
    0.0339 20141008
    0.0258 20141009
    0.0197 20141010
    0.0147 20141011
    0.0106 20141012
    0.0106 20141013
    0.0076 20141014
    0.0075 20141015
    0.0063 20141016
    0.0055 20141017
    0.0049 20141018
    0.0058 20141019
    0.0052 20141020
    0.0047 20141021
    0.0043 20141022
    0.0039 20141023
    0.0036 20141024
    0.0033 20141025
    0.0030 20141026
    0.0028 20141027
    0.0025 20141028
    0.0024 20141029
    0.0022 20141030
    0.0034 20141031
    0.0034 20141101
    0.0030 20141102
    0.0028 20141103
    0.0027 20141104
    0.0024 20141105
    0.0022 20141106
    0.0020 20141107
    0.0019 20141108
    0.0017 20141109
    0.0016 20141110
    0.0015 20141111
    0.0014 20141112
    0.0013 20141113
    0.0018 20141114
    0.0017 20141115
    0.0015 20141116
    0.0014 20141117
    0.0013 20141118
    0.0012 20141119
    0.0012 20141120
    0.0011 20141121
    0.0010 20141122
    0.0010 20141123
    0.0009 20141124
    0.0013 20141125
    0.0012 20141126
    0.0011 20141127
    0.0010 20141128
    0.0009 20141129
    0.0009 20141130
    0.0011 20141201
    0.0011 20141202
    0.0010 20141203
    0.0061 20141204
    0.0055 20141205
    0.0050 20141206
    0.0048 20141207
    0.0037 20141208
    0.0033 20141209
    0.0023 20141210
    0.0018 20141211
    0.0018 20141212
    0.0014 20141213
    0.0012 20141214
    0.0011 20141215
    0.0015 20141216
    0.0014 20141217
    0.0013 20141218
    0.0012 20141219
    0.0011 20141220
    0.0011 20141221
    0.0010 20141222
    0.0009 20141223
    0.0009 20141224
    0.0009 20141225
    0.0012 20141226
    0.0011 20141227
    0.0010 20141228
    0.0009 20141229
    0.0009 20141230
    0.0008 20141231
    0.0009 20150101
    0.0008 20150102
    0.0008 20150103
    0.0007 20150104
    0.0007 20150105
    0.0007 20150106
    0.0009 20150107
    0.0009 20150108
    0.0008 20150109
    0.0008 20150110
    0.0007 20150111
    0.0007 20150112
    0.0007 20150113
    0.0006 20150114
    0.0006 20150115
    0.0006 20150116
    0.0005 20150117
    0.0005 20150118
    0.0005 20150119
    0.0005 20150120
    0.0005 20150121
    0.0004 20150122
    0.0004 20150123
    0.0004 20150124
    0.0004 20150125
    0.0005 20150126
    0.0005 20150127
    0.0005 20150128
    0.0004 20150129
    0.0004 20150130
    0.0004 20150131
    0.0006 20150201
    0.0006 20150202
    0.0006 20150203
    0.0006 20150204
    0.0006 20150205
    0.0006 20150206
    0.0006 20150207
    0.0006 20150208
    0.0005 20150209
    0.0005 20150210
    0.0005 20150211
    0.0005 20150212
    0.0005 20150213
    0.0005 20150214
    0.0005 20150215
    0.0005 20150216
    0.0005 20150217
    0.0007 20150218
    0.0007 20150219
    0.0007 20150220
    0.0006 20150221
    0.0006 20150222
    0.0006 20150223
    0.0006 20150224
    0.0005 20150225
    0.0005 20150226
    0.0005 20150227
    0.0005 20150228
    0.0005 20150301
    0.0004 20150302
    0.0004 20150303
    0.0006 20150304
    0.0006 20150305
    0.0006 20150306
    0.0006 20150307
    0.0005 20150308
    0.0005 20150309
    0.0005 20150310
    0.0005 20150311
    0.0005 20150312
    0.0004 20150313
    0.0004 20150314
    0.0004 20150315
    0.0004 20150316
    0.0004 20150317
    0.0004 20150318
    0.0004 20150319
    0.0004 20150320
    0.0003 20150321
    0.0003 20150322
    0.0003 20150323
    0.0003 20150324
    0.0003 20150325
    0.0003 20150326
    0.0003 20150327
    0.0003 20150328
    0.0003 20150329
    0.0003 20150330
    0.0003 20150331
    0.0004 20150401
    0.0003 20150402
    0.0003 20150403
    0.0003 20150404
    0.0003 20150405
    0.0003 20150406
    0.0003 20150407
    0.0003 20150408
    0.0003 20150409
    0.0003 20150410
    0.0003 20150411
    0.0002 20150412
    0.0003 20150413
    0.0003 20150414
    0.0003 20150415
    0.0003 20150416
    0.0003 20150417
    0.0003 20150418
    0.0003 20150419
    0.0002 20150420
    0.0002 20150421
    0.0002 20150422
    0.0002 20150423
    0.0002 20150424
    0.0002 20150425
    0.0002 20150426
    0.0002 20150427
    0.0002 20150428
    0.0002 20150429
    0.0002 20150430
    0.0003 20150501
    0.0003 20150502
    0.0003 20150503
    0.0003 20150504
    0.0003 20150505
    0.0003 20150506
    0.0003 20150507
    0.0003 20150508
    0.0002 20150509
    0.0002 20150510
    0.0002 20150511
    0.0002 20150512
    0.0003 20150513
    0.0003 20150514
    0.0003 20150515
    0.0003 20150516
    0.0002 20150517
    0.0002 20150518
    0.0002 20150519
    0.0002 20150520
    0.0002 20150521
    0.0002 20150522
    0.0002 20150523
    0.0002 20150524
    0.0002 20150525
    0.0002 20150526
    0.0002 20150527
    0.0002 20150528
    0.0002 20150529
    0.0003 20150530
    0.0003 20150531
    0.0003 20150601
    0.0002 20150602
    0.0002 20150603
    0.0002 20150604
    0.0002 20150605
    0.0002 20150606
    0.0002 20150607
    0.0002 20150608
    0.0003 20150609
    0.0003 20150610
    0.0002 20150611
    0.0002 20150612
    0.0002 20150613
    0.0002 20150614
    0.0002 20150615
    0.0002 20150616
    0.0002 20150617
    0.0002 20150618
    0.0002 20150619
    0.0002 20150620
    0.0002 20150621
    0.0002 20150622
    0.0002 20150623
    0.0002 20150624
    0.0003 20150625
    0.0003 20150626
    0.0003 20150627
    0.0003 20150628
    0.0003 20150629
    0.0002 20150630
    0.0003 20150701
    0.0003 20150702
    0.0003 20150703
    0.0003 20150704
    0.0003 20150705
    0.0003 20150706
    0.0003 20150707
    0.0003 20150708
    0.0003 20150709
    0.0003 20150710
    0.0003 20150711
    0.0002 20150712
    0.0002 20150713
    0.0002 20150714
    0.0002 20150715
    0.0002 20150716
    0.0002 20150717
    0.0002 20150718
    0.0003 20150719
    0.0003 20150720
    0.0002 20150721
    0.0002 20150722
    0.0002 20150723
    0.0002 20150724
    0.0002 20150725
    0.0002 20150726
    0.0002 20150727
    0.0002 20150728
    0.0002 20150729
    0.0002 20150730
    0.0002 20150731
    0.0002 20150801
    0.0002 20150802
    0.0003 20150803
    0.0002 20150804
    0.0002 20150805
    0.0002 20150806
    0.0002 20150807
    0.0002 20150808
    0.0002 20150809
    0.0002 20150810
    0.0002 20150811
    0.0002 20150812
    0.0002 20150813
    0.0002 20150814
    0.0002 20150815
    0.0002 20150816
    0.0002 20150817
    0.0002 20150818
    0.0002 20150819
    0.0003 20150820
    0.0003 20150821
    0.0003 20150822
    0.0003 20150823
    0.0002 20150824
    0.0002 20150825
    0.0002 20150826
    0.0002 20150827
    0.0002 20150828
    0.0002 20150829
    0.0002 20150830
    0.0002 20150831
    0.0001 20150901
    0.0001 20150902
    0.0003 20150903
    0.0002 20150904
    0.0002 20150905
    4.5070 20150906
    2.0620 20150907
    0.8883 20150908
    0.4373 20150909
    0.3016 20150910
    0.2369 20150911
    0.1811 20150912
    0.1373 20150913
    0.1078 20150914
    0.0804 20150915
    0.0624 20150916
    0.0462 20150917
    0.0351 20150918
    0.0316 20150919
    0.0220 20150920
    0.0159 20150921
    0.0131 20150922
    0.0103 20150923
    0.0083 20150924
    0.0079 20150925
    0.0065 20150926
    0.0056 20150927
    0.0065 20150928
    0.0058 20150929
    0.0052 20150930
    0.0051 20151001
    0.0046 20151002
    0.0042 20151003
    0.0038 20151004
    0.0035 20151005
    0.0032 20151006
    0.0029 20151007
    0.0027 20151008
    0.0025 20151009
    0.0023 20151010
    0.0021 20151011
    0.0020 20151012
    0.0031 20151013
    0.0028 20151014
    0.0025 20151015
    0.0023 20151016
    0.0021 20151017
    0.0019 20151018
    0.0321 20151019
    0.0338 20151020
    0.0299 20151021
    0.0256 20151022
    0.0216 20151023
    0.0180 20151024
    0.0146 20151025
    0.0121 20151026
    0.0089 20151027
    0.0065 20151028
    0.0050 20151029
    0.0048 20151030
    0.0039 20151031
    0.0035 20151101
    0.0543 20151102
    0.0556 20151103
    0.0503 20151104
    0.0423 20151105
    0.0343 20151106
    0.0268 20151107
    0.0220 20151108
    0.0184 20151109
    0.0133 20151110
    0.0117 20151111
    0.0097 20151112
    0.0078 20151113
    0.0058 20151114
    0.0041 20151115
    0.0042 20151116
    0.0036 20151117
    0.0031 20151118
    0.0028 20151119
    0.0033 20151120
    0.0039 20151121
    0.0035 20151122
    0.0031 20151123
    0.0028 20151124
    0.0025 20151125
    0.0023 20151126
    0.0021 20151127
    0.0019 20151128
    0.0018 20151129
    0.0016 20151130
    0.0021 20151201
    0.0019 20151202
    0.0019 20151203
    0.0017 20151204
    0.0016 20151205
    0.0015 20151206
    0.0013 20151207
    0.0018 20151208
    0.0017 20151209
    0.0015 20151210
    0.0014 20151211
    0.0013 20151212
    0.0012 20151213
    0.0011 20151214
    0.0010 20151215
    0.0010 20151216
    0.0009 20151217
    0.0008 20151218
    0.0008 20151219
    0.0007 20151220
    0.0007 20151221
    0.0007 20151222
    0.0006 20151223
    0.0006 20151224
    0.0006 20151225
    0.0005 20151226
    0.0005 20151227
    0.0005 20151228
    0.0004 20151229
    0.0004 20151230
    0.0004 20151231
    0.0009 20160101
    0.0008 20160102
    0.0008 20160103
    0.0008 20160104
    0.0008 20160105
    0.0007 20160106
    0.0007 20160107
    0.0007 20160108
    0.0007 20160109
    0.0006 20160110
    0.0006 20160111
    0.0006 20160112
    0.0006 20160113
    0.0006 20160114
    0.0005 20160115
    0.0005 20160116
    0.0005 20160117
    0.0005 20160118
    0.0005 20160119
    0.0004 20160120
    0.0004 20160121
    0.0006 20160122
    0.0005 20160123
    0.0005 20160124
    0.0005 20160125
    0.0005 20160126
    0.0004 20160127
    0.0004 20160128
    0.0004 20160129
    0.0004 20160130
    0.0004 20160131
    0.0007 20160201
    0.0005 20160202
    0.0005 20160203
    0.0005 20160204
    0.0005 20160205
    0.0005 20160206
    0.0005 20160207
    0.0005 20160208
    0.0005 20160209
    0.0005 20160210
    0.0005 20160211
    0.0005 20160212
    0.0005 20160213
    0.0005 20160214
    0.0005 20160215
    0.0005 20160216
    0.0007 20160217
    0.0007 20160218
    0.0007 20160219
    0.0006 20160220
    0.0006 20160221
    0.0006 20160222
    0.0006 20160223
    0.0006 20160224
    0.0005 20160225
    0.0005 20160226
    0.0005 20160227
    0.0005 20160228
    0.0005 20160229
    0.0006 20160301
    0.0006 20160302
    0.0005 20160303
    0.0005 20160304
    0.0005 20160305
    0.0005 20160306
    0.0005 20160307
    0.0005 20160308
    0.0004 20160309
    0.0004 20160310
    0.0004 20160311
    0.0004 20160312
    0.0004 20160313
    0.0004 20160314
    0.0004 20160315
    0.0004 20160316
    0.0003 20160317
    0.0003 20160318
    0.0003 20160319
    0.0003 20160320
    0.0088 20160321
    0.0105 20160322
    0.0095 20160323
    0.0093 20160324
    0.0077 20160325
    0.0063 20160326
    0.0061 20160327
    0.0046 20160328
    0.0033 20160329
    0.0029 20160330
    0.0018 20160331
    0.0015 20160401
    0.0020 20160402
    0.0017 20160403
    0.0015 20160404
    0.0117 20160405
    0.0109 20160406
    0.0095 20160407
    0.0084 20160408
    0.0070 20160409
    0.0056 20160410
    0.0046 20160411
    0.0037 20160412
    0.0031 20160413
    0.0018 20160414
    0.0018 20160415
    0.0021 20160416
    0.0017 20160417
    0.0015 20160418
    0.0013 20160419
    0.0012 20160420
    0.0011 20160421
    0.0011 20160422
    0.0010 20160423
    0.0009 20160424
    0.0009 20160425
    0.0008 20160426
    0.0008 20160427
    0.0007 20160428
    0.0007 20160429
    0.0007 20160430
    0.0012 20160501
    0.0011 20160502
    0.0010 20160503
    0.0010 20160504
    0.0009 20160505
    0.0008 20160506
    0.0008 20160507
    0.0007 20160508
    0.0007 20160509
    0.0006 20160510
    0.0006 20160511
    0.0006 20160512
    0.0005 20160513
    0.0005 20160514
    0.0005 20160515
    0.0005 20160516
    0.0004 20160517
    0.0004 20160518
    0.0004 20160519
    0.0004 20160520
    0.0004 20160521
    0.0004 20160522
    0.0007 20160523
    0.0006 20160524
    0.0006 20160525
    0.0006 20160526
    0.0005 20160527
    0.0005 20160528
    0.0005 20160529
    0.0004 20160530
    0.0004 20160531
    0.0004 20160601
    0.0004 20160602
    0.0004 20160603
    0.0003 20160604
    0.0003 20160605
    0.0003 20160606
    0.0003 20160607
    0.0003 20160608
    0.0003 20160609
    0.0005 20160610
    0.0005 20160611
    0.0005 20160612
    0.0004 20160613
    0.0004 20160614
    0.0004 20160615
    0.0004 20160616
    0.0004 20160617
    0.0003 20160618
    0.0003 20160619
    0.0003 20160620
    0.0003 20160621
    0.0003 20160622
    0.0003 20160623
    0.0003 20160624
    0.0002 20160625
    0.0002 20160626
    0.0002 20160627
    0.0002 20160628
    0.0002 20160629
    0.0002 20160630
    0.0003 20160701
    0.0003 20160702
    0.0003 20160703
    0.0003 20160704
    0.0002 20160705
    0.0002 20160706
    0.0002 20160707
    0.0002 20160708
    0.0002 20160709
    0.0002 20160710
    0.0002 20160711
    0.0002 20160712
    0.0004 20160713
    0.0003 20160714
    0.0003 20160715
    0.0003 20160716
    0.0003 20160717
    0.0003 20160718
    0.0003 20160719
    0.0002 20160720
    0.0002 20160721
    0.0002 20160722
    0.0002 20160723
    0.0002 20160724
    0.0002 20160725
    0.0002 20160726
    0.0002 20160727
    0.0002 20160728
    0.0002 20160729
    0.0002 20160730
    0.0002 20160731
    0.0002 20160801
    0.0002 20160802
    0.0002 20160803
    0.0002 20160804
    0.0002 20160805
    0.0002 20160806
    0.0002 20160807
    0.0002 20160808
    0.0002 20160809
    0.0002 20160810
    0.0002 20160811
    0.0001 20160812
    0.0001 20160813
    0.0001 20160814
    0.0001 20160815
    0.0001 20160816
    0.0001 20160817
    0.0001 20160818
    0.0001 20160819
    0.0001 20160820
    0.0001 20160821
    0.0001 20160822
    0.0001 20160823
    0.0001 20160824
    0.0001 20160825
    0.0001 20160826
    0.0001 20160827
    0.0001 20160828
    0.0001 20160829
    0.0001 20160830
    0.0001 20160831
    0.0001 20160901
    0.0001 20160902
    0.0001 20160903
    0.0001 20160904
    0.0001 20160905
    0.0001 20160906
    0.0001 20160907
    0.0001 20160908
    0.0001 20160909
    0.0001 20160910
    0.0001 20160911
    0.0001 20160912
    0.0001 20160913
    0.0001 20160914
    0.0001 20160915
    0.0001 20160916
    0.0001 20160917
    0.0001 20160918
    0.0001 20160919
    0.0001 20160920
    0.0001 20160921
    0.0001 20160922
    0.0001 20160923
    0.0001 20160924
    0.0001 20160925
    0.0001 20160926
    0.0000 20160927
    0.0000 20160928
    0.0000 20160929
    0.0000 20160930
    0.0001 20161001
    0.0001 20161002
    0.0001 20161003
    0.0001 20161004
    0.0001 20161005
    0.0000 20161006
    0.0000 20161007
    0.0000 20161008
    0.0000 20161009
    0.0000 20161010
    0.0000 20161011
    0.0000 20161012
    0.0000 20161013
    0.0000 20161014
    0.0000 20161015
    0.0000 20161016
    0.0000 20161017
    0.0000 20161018
    0.0000 20161019
    0.0000 20161020
    0.0000 20161021
    0.0000 20161022
    0.0000 20161023
    0.0000 20161024
    0.0000 20161025
    0.0000 20161026
    0.0000 20161027
    0.0000 20161028
    0.0000 20161029
    0.0000 20161030
    0.0000 20161031
    0.0001 20161101
    0.0001 20161102
    0.0001 20161103
    0.0001 20161104
    0.0001 20161105
    0.0001 20161106
    0.0001 20161107
    0.0001 20161108
    0.0001 20161109
    0.0001 20161110
    0.0001 20161111
    0.0001 20161112
    0.0001 20161113
    0.0001 20161114
    0.0001 20161115
    0.0001 20161116
    0.0001 20161117
    0.0001 20161118
    0.0001 20161119
    0.0001 20161120
    0.0001 20161121
    0.0001 20161122
    0.0076 20161123
    0.0090 20161124
    0.0090 20161125
    0.0081 20161126
    0.0067 20161127
    0.0056 20161128
    0.0048 20161129
    0.0040 20161130
    0.0033 20161201
    0.0026 20161202
    0.0022 20161203
    0.0016 20161204
    0.0018 20161205
    0.0015 20161206
    0.0013 20161207
    0.0012 20161208
    0.0011 20161209
    0.0010 20161210
    0.0010 20161211
    0.0009 20161212
    0.0009 20161213
    0.0008 20161214
    0.0008 20161215
    0.0007 20161216
    0.4124 20161217
   24.9300 20161218
   10.4000 20161219
    4.2940 20161220
    1.8420 20161221
    0.8172 20161222
    0.4153 20161223
    0.2981 20161224
    0.2355 20161225
    0.1808 20161226
    0.1370 20161227
    0.1081 20161228
    0.0806 20161229
    0.0633 20161230
    0.0491 20161231
    0.0382 20170101
    0.0306 20170102
    0.0273 20170103
    0.0230 20170104
    0.0207 20170105
    0.0180 20170106
    0.0154 20170107
    0.0146 20170108
    0.0129 20170109
    0.0116 20170110
    0.0115 20170111
    0.0104 20170112
    0.0095 20170113
    0.0087 20170114
    0.0085 20170115
    0.0078 20170116
    0.0080 20170117
    0.0704 20170118
    0.5194 20170119
    0.3030 20170120
    0.2436 20170121
    0.1932 20170122
    0.1494 20170123
    0.1136 20170124
    0.0872 20170125
    0.0669 20170126
    0.0542 20170127
    0.0422 20170128
    0.0317 20170129
    0.0260 20170130
    0.0228 20170131
    0.0200 20170201
    0.0169 20170202
    0.0153 20170203
    0.0144 20170204
    0.0134 20170205
    0.0117 20170206
    0.0104 20170207
    0.0103 20170208
    0.0092 20170209
    0.0083 20170210
    0.0076 20170211
    0.0070 20170212
    0.0072 20170213
    0.0066 20170214
    0.0065 20170215
    0.0059 20170216
    0.0055 20170217
    0.0051 20170218
    0.0047 20170219
    0.0044 20170220
    0.0048 20170221
    0.0044 20170222
    0.0041 20170223
    0.0039 20170224
    0.0036 20170225
    0.0034 20170226
    0.0035 20170227
    0.0033 20170228
    0.0033 20170301
    0.0031 20170302
    0.0029 20170303
    0.0033 20170304
    0.0031 20170305
    0.0029 20170306
    0.0027 20170307
    0.0026 20170308
    0.0024 20170309
    0.0023 20170310
    0.0022 20170311
    0.0021 20170312
    0.0410 20170313
    0.0472 20170314
    0.0438 20170315
    0.0370 20170316
    0.0314 20170317
    0.0257 20170318
    0.0222 20170319
    0.0167 20170320
    0.0148 20170321
    0.0126 20170322
    0.0101 20170323
    0.0076 20170324
    0.0064 20170325
    0.0061 20170326
    0.0052 20170327
    0.0045 20170328
    0.0050 20170329
    0.0044 20170330
    0.0040 20170331
    0.0039 20170401
    0.0035 20170402
    0.0032 20170403
    0.0029 20170404
    0.0033 20170405
    0.0030 20170406
    0.0027 20170407
    0.0025 20170408
    0.0023 20170409
    0.0021 20170410
    0.0025 20170411
    0.0023 20170412
    0.0021 20170413
    0.0019 20170414
    0.0018 20170415
    0.0016 20170416
    0.0015 20170417
    0.0014 20170418
    0.0013 20170419
    0.0013 20170420
    0.0012 20170421
    0.0011 20170422
    0.0010 20170423
    0.0010 20170424
    0.0009 20170425
    0.0013 20170426
    0.0012 20170427
    0.0012 20170428
    0.0011 20170429
    0.0010 20170430
    0.0009 20170501
    0.0008 20170502
    0.0008 20170503
    0.0011 20170504
    0.0010 20170505
    0.0010 20170506
    0.0009 20170507
    0.0009 20170508
    0.0008 20170509
    0.0008 20170510
    0.0007 20170511
    0.0007 20170512
    0.0007 20170513
    0.0006 20170514
    0.0006 20170515
    0.0006 20170516
    0.0006 20170517
    0.0005 20170518
    0.0005 20170519
    0.0005 20170520
    0.0005 20170521
    0.0004 20170522
    0.0004 20170523
    0.0004 20170524
    0.0004 20170525
    0.0005 20170526
    0.0005 20170527
    0.0005 20170528
    0.0004 20170529
    0.0004 20170530
    0.0004 20170531
    0.0004 20170601
    0.0004 20170602
    0.0004 20170603
    0.0004 20170604
    0.0004 20170605
    0.0004 20170606
    0.0003 20170607
    0.0003 20170608
    0.0004 20170609
    0.0004 20170610
    0.0004 20170611
    0.0004 20170612
    0.0004 20170613
    0.0003 20170614
    0.0003 20170615
    0.0003 20170616
    0.0003 20170617
    0.0003 20170618
    0.0003 20170619
    0.0003 20170620
    0.0003 20170621
    0.0002 20170622
    0.0002 20170623
    0.0002 20170624
    0.0002 20170625
    0.0002 20170626
    0.0002 20170627
    0.0002 20170628
    0.0002 20170629
    0.0004 20170630
    0.0003 20170701
    0.0003 20170702
    0.0003 20170703
    0.0003 20170704
    0.0003 20170705
    0.0003 20170706
    0.0003 20170707
    0.0003 20170708
    0.0003 20170709
    0.0003 20170710
    0.0003 20170711
    0.0003 20170712
    0.0003 20170713
    0.0003 20170714
    0.0003 20170715
    0.0003 20170716
    0.0003 20170717
    0.0002 20170718
    0.0002 20170719
    0.0002 20170720
    0.0002 20170721
    0.0002 20170722
    0.0002 20170723
    0.0002 20170724
    0.0002 20170725
    0.0002 20170726
    0.0002 20170727
    0.0002 20170728
    0.0003 20170729
    0.0003 20170730
    0.0003 20170731
    0.0002 20170801
    0.0002 20170802
    0.0002 20170803
    0.0002 20170804
    0.0002 20170805
    0.0002 20170806
    0.0002 20170807
    0.0002 20170808
    0.0003 20170809
    0.0003 20170810
    0.0003 20170811
    0.0003 20170812
    0.0003 20170813
    0.0003 20170814
    0.0002 20170815
    0.0002 20170816
    0.0002 20170817
    0.0002 20170818
    0.0002 20170819
    0.0002 20170820
    0.0002 20170821
    0.0002 20170822
    0.0002 20170823
    0.0002 20170824
    0.0002 20170825
    0.0002 20170826
    0.0002 20170827
    0.0002 20170828
    0.0232 20170829
    0.0282 20170830
    0.0270 20170831
    0.0237 20170901
    0.0200 20170902
    0.0165 20170903
    0.0142 20170904
    0.0105 20170905
    0.0089 20170906
    0.0077 20170907
    0.0051 20170908
    0.0042 20170909
    0.0032 20170910
    0.0036 20170911
    0.0027 20170912
    0.0023 20170913
    0.0020 20170914
    0.0026 20170915
    0.0024 20170916
    0.0022 20170917
    0.0020 20170918
    0.0019 20170919
    0.0017 20170920
    0.0016 20170921
    0.0015 20170922
    0.0014 20170923
    0.0013 20170924
    0.0012 20170925
    0.0011 20170926
    0.0011 20170927
    0.0010 20170928
    0.0010 20170929
    0.0009 20170930
    0.0009 20171001
    0.0009 20171002
    0.0008 20171003
    0.0008 20171004
    0.0008 20171005
    0.0007 20171006
    0.0007 20171007
    0.0006 20171008
    0.0006 20171009
    0.0006 20171010
    0.0006 20171011
    0.0005 20171012
    0.0005 20171013
    0.0005 20171014
    0.0009 20171015
    0.0008 20171016
    0.0008 20171017
    0.0008 20171018
    0.0007 20171019
    0.0007 20171020
    0.0006 20171021
    0.0006 20171022
    0.0006 20171023
    0.0005 20171024
    0.0005 20171025
    0.0005 20171026
    0.0005 20171027
    0.0005 20171028
    0.0004 20171029
    0.0004 20171030
    0.0004 20171031
    0.0006 20171101
    0.0006 20171102
    0.0005 20171103
    0.0005 20171104
    0.0005 20171105
    0.0004 20171106
    0.0004 20171107
    0.0004 20171108
    0.0004 20171109
    0.0004 20171110
    0.0003 20171111
    0.0003 20171112
    0.0003 20171113
    0.0003 20171114
    0.0006 20171115
    0.0005 20171116
    0.0005 20171117
    0.0005 20171118
    0.0004 20171119
    0.0004 20171120
    0.0004 20171121
    0.0004 20171122
    0.0004 20171123
    0.0003 20171124
    0.0003 20171125
    0.0003 20171126
    0.0003 20171127
    0.0003 20171128
    0.0003 20171129
    0.0003 20171130
    0.0003 20171201
    0.0003 20171202
    0.0003 20171203
    0.0003 20171204
    0.0002 20171205
    0.0002 20171206
    0.0002 20171207
    0.0002 20171208
    0.0002 20171209
    0.0004 20171210
    0.0004 20171211
    0.0004 20171212
    0.0003 20171213
    0.0003 20171214
    0.0003 20171215
    0.0003 20171216
    0.0003 20171217
    0.0003 20171218
    0.0002 20171219
    0.0002 20171220
    0.0002 20171221
    0.0002 20171222
    0.0002 20171223
    0.0002 20171224
    0.0002 20171225
    0.0002 20171226
    0.0002 20171227
    0.0002 20171228
    0.0002 20171229
    0.0002 20171230
    0.0001 20171231
    0.0002 20180101
    0.0002 20180102
    0.0002 20180103
    0.0002 20180104
    0.0002 20180105
    0.0002 20180106
    0.0002 20180107
    0.0002 20180108
    0.0003 20180109
    0.0003 20180110
    0.0003 20180111
    0.0003 20180112
    0.0003 20180113
    0.0002 20180114
    0.0002 20180115
    0.0002 20180116
    0.0002 20180117
    0.0002 20180118
    0.0002 20180119
    0.0002 20180120
    0.0002 20180121
    0.0002 20180122
    0.0002 20180123
    0.0002 20180124
    0.0001 20180125
    0.0001 20180126
    0.0001 20180127
    0.0208 20180128
    0.0249 20180129
    0.0237 20180130
    0.0211 20180131
    0.0192 20180201
    0.0154 20180202
    0.0129 20180203
    0.0098 20180204
    0.0079 20180205
    0.0071 20180206
    0.0051 20180207
    0.0048 20180208
    0.0032 20180209
    0.0032 20180210
    0.0026 20180211
    0.0023 20180212
    0.0021 20180213
    0.0019 20180214
    0.0030 20180215
    0.0027 20180216
    0.0024 20180217
    0.0022 20180218
    0.0020 20180219
    0.0018 20180220
    0.0017 20180221
    0.0015 20180222
    0.0014 20180223
    0.0019 20180224
    0.0017 20180225
    0.0016 20180226
    0.0015 20180227
    0.0013 20180228
    0.0012 20180301
    0.0011 20180302
    0.0011 20180303
    0.0015 20180304
    0.0014 20180305
    0.0013 20180306
    0.0012 20180307
    0.0011 20180308
    0.0010 20180309
    0.0009 20180310
    0.0008 20180311
    0.0008 20180312
    0.0007 20180313
    0.0007 20180314
    0.0006 20180315
    0.0006 20180316
    0.0006 20180317
    0.0005 20180318
    0.0005 20180319
    0.0005 20180320
    0.0005 20180321
    0.0004 20180322
    0.0004 20180323
    0.0004 20180324
    0.0004 20180325
    0.0004 20180326
    0.0003 20180327
    0.0003 20180328
    0.0006 20180329
    0.0006 20180330
    0.0005 20180331
    0.0004 20180401
    0.0004 20180402
    0.0003 20180403
    0.0003 20180404
    0.0003 20180405
    0.0003 20180406
    0.0006 20180407
    0.0005 20180408
    0.0005 20180409
    0.0005 20180410
    0.0004 20180411
    0.0004 20180412
    0.0004 20180413
    0.0004 20180414
    0.0004 20180415
    0.0003 20180416
    0.0003 20180417
    0.0003 20180418
    0.0003 20180419
    0.0003 20180420
    0.0003 20180421
    0.0003 20180422
    0.0002 20180423
    0.0002 20180424
    0.0002 20180425
    0.0002 20180426
    0.0002 20180427
    0.0002 20180428
    0.0002 20180429
    0.0002 20180430
    0.0002 20180501
    0.0002 20180502
    0.0002 20180503
    0.0002 20180504
    0.0004 20180505
    0.0004 20180506
    0.0003 20180507
    0.0003 20180508
    0.0003 20180509
    0.0003 20180510
    0.0003 20180511
    0.0003 20180512
    0.0003 20180513
    0.0002 20180514
    0.0002 20180515
    0.0002 20180516
    0.0002 20180517
    0.0002 20180518
    0.0002 20180519
    0.0002 20180520
    0.0002 20180521
    0.0002 20180522
    0.0002 20180523
    0.0002 20180524
    0.0002 20180525
    0.0001 20180526
    0.0001 20180527
    0.0001 20180528
    0.0001 20180529
    0.0001 20180530
    0.0001 20180531
    0.0003 20180601
    0.0001 20180602
    0.0003 20180603
    0.0003 20180604
    0.0002 20180605
    0.0002 20180606
    0.0002 20180607
    0.0002 20180608
    0.0002 20180609
    0.0002 20180610
    0.0002 20180611
    0.0002 20180612
    0.0002 20180613
    0.0002 20180614
    0.0002 20180615
    0.0002 20180616
    0.0001 20180617
    0.0001 20180618
    0.0001 20180619
    0.0001 20180620
    0.0001 20180621
    0.0001 20180622
    0.0001 20180623
    0.0001 20180624
    0.0001 20180625
    0.0001 20180626
    0.0001 20180627
    0.0001 20180628
    0.0001 20180629
    0.0001 20180630
    0.0001 20180701
    0.0001 20180702
    0.0001 20180703
    0.0001 20180704
    0.0001 20180705
    0.0001 20180706
    0.0001 20180707
    0.0001 20180708
    0.0002 20180709
    0.0002 20180710
    0.0002 20180711
    0.0002 20180712
    0.0002 20180713
    0.0002 20180714
    0.0002 20180715
    0.0002 20180716
    0.0002 20180717
    0.0002 20180718
    0.0002 20180719
    0.0001 20180720
    0.0001 20180721
    0.0001 20180722
    0.0001 20180723
    0.0001 20180724
    0.0001 20180725
    0.0001 20180726
    0.0001 20180727
    0.0001 20180728
    0.0001 20180729
    0.0001 20180730
    0.0001 20180731
    0.0002 20180801
    0.0001 20180802
    0.0001 20180803
    0.0001 20180804
    0.0001 20180805
    0.0001 20180806
    0.0001 20180807
    0.0001 20180808
    0.0001 20180809
    0.0001 20180810
    0.0001 20180811
    0.0001 20180812
    0.0001 20180813
    0.0001 20180814
    0.0001 20180815
    0.0001 20180816
    0.0001 20180817
    0.0001 20180818
    0.0001 20180819
    0.0001 20180820
    0.0001 20180821
    0.0001 20180822
    0.0001 20180823
    0.0001 20180824
    0.0001 20180825
    0.0001 20180826
    0.0001 20180827
    0.0001 20180828
    0.0001 20180829
    0.0001 20180830
    0.0001 20180831
    0.0001 20180901
    0.0001 20180902
    0.0001 20180903
    0.0001 20180904
    0.0001 20180905
    0.0001 20180906
    0.0001 20180907
    0.0001 20180908
    0.0001 20180909
    0.0001 20180910
    0.0001 20180911
    0.0001 20180912
    0.0001 20180913
    0.0001 20180914
    1.0780 20180915
    0.6051 20180916
    0.3349 20180917
    0.2587 20180918
    0.2042 20180919
    0.1544 20180920
    0.1189 20180921
    0.0904 20180922
    0.0669 20180923
    0.0525 20180924
    0.0394 20180925
    0.0320 20180926
    0.0258 20180927
    0.0200 20180928
    0.0140 20180929
    0.0108 20180930
    0.0095 20181001
    0.0064 20181002
    0.0064 20181003
    0.0069 20181004
    0.0058 20181005
    0.0051 20181006
    0.0045 20181007
    0.0054 20181008
    0.0048 20181009
    0.0043 20181010
    0.0039 20181011
    0.0035 20181012
    0.0032 20181013
    0.1192 20181014
    0.1292 20181015
    0.1158 20181016
    0.0951 20181017
    0.0751 20181018
    0.0593 20181019
    0.0475 20181020
    0.0374 20181021
    0.0312 20181022
    0.0224 20181023
    0.0195 20181024
    0.0132 20181025
    0.0096 20181026
    0.0075 20181027
    0.0069 20181028
    0.0057 20181029
    0.0055 20181030
    0.0057 20181031
    0.0056 20181101
    0.0050 20181102
    0.0045 20181103
    0.0040 20181104
    0.0036 20181105
    0.0043 20181106
    0.0039 20181107
    0.0035 20181108
    0.0032 20181109
    0.0029 20181110
    0.0027 20181111
    0.0024 20181112
    0.0022 20181113
    0.0021 20181114
    0.1560 20181115
    0.1649 20181116
    0.1463 20181117
    0.1464 20181118
    0.1387 20181119
    0.1098 20181120
    0.0862 20181121
    0.0660 20181122
    0.0512 20181123
    0.0414 20181124
    0.0314 20181125
    0.0244 20181126
    0.0205 20181127
    0.0157 20181128
    0.0125 20181129
    0.0111 20181130
    0.0105 20181201
    0.0088 20181202
    0.0076 20181203
    0.0068 20181204
    0.0073 20181205
    0.0066 20181206
    0.0060 20181207
    0.0054 20181208
    0.0049 20181209
    0.0045 20181210
    0.0041 20181211
    0.0038 20181212
    0.0043 20181213
    0.0040 20181214
    0.0036 20181215
    0.0033 20181216
    0.0031 20181217
    0.0029 20181218
    0.0027 20181219
    0.0025 20181220
    0.0023 20181221
    0.0022 20181222
    0.0020 20181223
    0.0019 20181224
    0.0024 20181225
    0.0022 20181226
    0.0020 20181227
    0.0019 20181228
    0.0018 20181229
    0.0017 20181230
    0.0019 20181231
    0.0019 20190101
    0.0019 20190102
    0.0019 20190103
    0.0019 20190104
    0.0019 20190105
    0.0018 20190106
    0.0018 20190107
    0.0018 20190108
    0.0017 20190109
    0.0017 20190110
    0.0016 20190111
    0.0016 20190112
    0.0015 20190113
    0.0015 20190114
    0.0015 20190115
    0.0014 20190116
    0.0014 20190117
    0.0013 20190118
    0.0013 20190119
    0.0013 20190120
    0.0012 20190121
    0.0012 20190122
    0.0012 20190123
    0.0011 20190124
    0.0011 20190125
    0.0014 20190126
    0.0013 20190127
    0.0013 20190128
    0.0012 20190129
    0.0012 20190130
    0.0011 20190131
    0.0010 20190201
    0.0010 20190202
    0.0013 20190203
    0.0012 20190204
    0.0012 20190205
    0.0011 20190206
    0.0011 20190207
    0.0010 20190208
    0.0010 20190209
    0.0010 20190210
    0.0009 20190211
    0.0009 20190212
    0.0010 20190213
    0.0010 20190214
    0.0009 20190215
    0.0009 20190216
    0.0008 20190217
    0.0008 20190218
    0.0008 20190219
    0.0007 20190220
    0.0007 20190221
    0.0007 20190222
    0.0007 20190223
    0.0006 20190224
    0.0006 20190225
    0.0006 20190226
    0.0006 20190227
    0.0005 20190228
    0.0007 20190301
    0.0006 20190302
    0.0006 20190303
    0.0006 20190304
    0.0006 20190305
    0.0005 20190306
    0.0008 20190307
    0.0007 20190308
    0.0007 20190309
    0.0007 20190310
    0.0006 20190311
    0.0006 20190312
    0.0006 20190313
    0.0006 20190314
    0.0005 20190315
    0.0005 20190316
    0.0005 20190317
    0.0005 20190318
    0.0005 20190319
    0.0004 20190320
    0.0004 20190321
    0.0004 20190322
    0.0004 20190323
    0.0004 20190324
    0.0004 20190325
    0.0004 20190326
    0.0003 20190327
    0.0003 20190328
    0.0003 20190329
    0.0003 20190330
    0.0026 20190331
    0.0025 20190401
    0.0024 20190402
    0.0022 20190403
    0.0018 20190404
    0.0012 20190405
    0.0012 20190406
    0.0008 20190407
    0.0009 20190408
    0.0008 20190409
    0.0007 20190410
    0.0010 20190411
    0.0009 20190412
    0.0008 20190413
    0.0008 20190414
    0.0007 20190415
    0.0007 20190416
    0.0006 20190417
    0.0006 20190418
    0.5534 20190419
    3.5730 20190420
    1.5260 20190421
    0.6617 20190422
    0.3701 20190423
    0.2776 20190424
    0.2157 20190425
    0.1663 20190426
    0.1259 20190427
    0.0955 20190428
    0.0737 20190429
    0.0534 20190430
    0.0457 20190501
    0.0340 20190502
    0.0286 20190503
    0.0212 20190504
    0.0163 20190505
    0.0140 20190506
    0.0115 20190507
    0.0090 20190508
    0.0089 20190509
    0.0077 20190510
    0.0067 20190511
    0.0060 20190512
    0.0066 20190513
    0.0059 20190514
    0.0053 20190515
    0.0048 20190516
    0.0043 20190517
    0.0050 20190518
    0.0044 20190519
    0.0039 20190520
    0.0035 20190521
    0.0032 20190522
    0.0029 20190523
    0.0026 20190524
    0.0032 20190525
    0.0029 20190526
    0.0026 20190527
    0.0024 20190528
    0.0022 20190529
    0.0020 20190530
    0.0019 20190531
    0.0024 20190601
    0.0022 20190602
    0.0020 20190603
    0.0019 20190604
    0.0017 20190605
    0.0016 20190606
    0.0015 20190607
    0.0014 20190608
    0.0013 20190609
    0.0012 20190610
    0.0012 20190611
    0.0011 20190612
    0.0010 20190613
    0.0010 20190614
    0.0009 20190615
    0.0009 20190616
    0.0012 20190617
    0.0012 20190618
    0.0011 20190619
    0.0010 20190620
    0.0010 20190621
    0.0009 20190622
    0.0009 20190623
    0.0008 20190624
    0.0008 20190625
    0.0007 20190626
    0.0007 20190627
    0.0007 20190628
    0.0006 20190629
    0.0006 20190630
    0.0009 20190701
    0.0008 20190702
    0.0008 20190703
    0.0008 20190704
    0.0007 20190705
    0.0007 20190706
    0.0007 20190707
    0.0007 20190708
    0.0006 20190709
    0.0006 20190710
    0.0006 20190711
    0.0008 20190712
    0.0008 20190713
    0.0008 20190714
    0.0007 20190715
    0.0007 20190716
    0.0007 20190717
    0.0006 20190718
    0.0006 20190719
    0.0006 20190720
    0.0005 20190721
    0.0005 20190722
    0.0005 20190723
    0.0005 20190724
    0.0005 20190725
    0.0004 20190726
    0.0004 20190727
    0.0004 20190728
    0.0004 20190729
    0.0004 20190730
    0.0004 20190731
    0.0005 20190801
    0.0005 20190802
    0.0005 20190803
    0.0005 20190804
    0.0004 20190805
    0.0004 20190806
    0.0004 20190807
    0.0004 20190808
    0.0004 20190809
    0.0004 20190810
    0.0004 20190811
    0.0003 20190812
    0.0003 20190813
    0.0003 20190814
    0.0003 20190815
    0.0003 20190816
    0.0003 20190817
    0.0003 20190818
    0.0003 20190819
    0.0004 20190820
    0.0003 20190821
    0.0003 20190822
    0.0003 20190823
    0.0003 20190824
    0.0003 20190825
    0.0003 20190826
    0.0003 20190827
    0.0003 20190828
    0.0003 20190829
    0.0002 20190830
    0.0002 20190831
    0.0003 20190901
    0.0003 20190902
    0.0002 20190903
    0.0002 20190904
    0.0003 20190905
    0.0003 20190906
    0.0003 20190907
    0.0003 20190908
    0.0003 20190909
    0.0003 20190910
    0.0003 20190911
    9.8920 20190912
   18.7800 20190913
    7.3920 20190914
    3.0900 20190915
    1.3370 20190916
    0.6037 20190917
    0.3441 20190918
    0.2777 20190919
    0.2165 20190920
    0.1648 20190921
    0.1269 20190922
    0.0954 20190923
    0.0736 20190924
    0.0537 20190925
    0.0450 20190926
    0.0341 20190927
    0.0286 20190928
    0.0220 20190929
    0.0179 20190930
    0.0158 20191001
    0.0136 20191002
    0.0111 20191003
    0.0108 20191004
    0.0093 20191005
    0.0081 20191006
    0.0072 20191007
    0.0065 20191008
    0.0069 20191009
    0.0062 20191010
    0.0064 20191011
    0.0057 20191012
    0.0051 20191013
    0.0045 20191014
    0.0041 20191015
    0.0037 20191016
    0.0034 20191017
    0.0039 20191018
    0.0035 20191019
    0.0032 20191020
    0.0030 20191021
    0.0832 20191022
    0.0929 20191023
    0.0854 20191024
    0.0710 20191025
    0.0571 20191026
    0.0478 20191027
    0.0382 20191028
    0.0296 20191029
    0.0236 20191030
    0.0174 20191031
    0.0158 20191101
    0.0119 20191102
    0.0099 20191103
    0.0081 20191104
    0.0062 20191105
    0.0068 20191106
    0.0057 20191107
    0.0061 20191108
    0.0054 20191109
    0.0047 20191110
    0.0042 20191111
    0.0038 20191112
    0.0034 20191113
    0.0031 20191114
    0.0037 20191115
    0.0033 20191116
    0.0030 20191117
    0.0028 20191118
    0.0025 20191119
    0.0023 20191120
    0.0021 20191121
    0.0020 20191122
    0.0018 20191123
    0.0017 20191124
    0.0016 20191125
    0.0015 20191126
    0.0014 20191127
    0.0013 20191128
    0.0018 20191129
    0.0016 20191130
    0.0014 20191201
    0.0197 20191202
    2.1010 20191203
    1.0330 20191204
    0.4789 20191205
    0.3098 20191206
    0.2462 20191207
    0.1919 20191208
    0.1451 20191209
    0.1105 20191210
    0.0835 20191211
    0.0660 20191212
    0.0513 20191213
    0.0383 20191214
    0.0295 20191215
    0.0246 20191216
    0.0193 20191217
    0.0155 20191218
    0.0141 20191219
    0.0111 20191220
    0.0107 20191221
    0.0092 20191222
    0.0080 20191223
    0.0071 20191224
    0.0075 20191225
    0.0066 20191226
    0.0070 20191227
    0.0061 20191228
    0.0055 20191229
    0.0049 20191230
    0.0044 20191231
    0.0052 20200101
    0.0049 20200102
    0.0047 20200103
    0.0044 20200104
    0.0042 20200105
    0.0040 20200106
    0.0037 20200107
    0.0035 20200108
    0.0034 20200109
    0.0032 20200110
    0.0030 20200111
    0.0029 20200112
    0.0028 20200113
    0.0026 20200114
    0.0025 20200115
    0.0024 20200116
    0.0023 20200117
    0.0022 20200118
    0.0026 20200119
    0.0025 20200120
    0.0023 20200121
    0.0020 20200122
    0.0023 20200123
    0.0022 20200124
    0.0021 20200125
    0.0020 20200126
    0.0019 20200127
    0.0018 20200128
    0.0017 20200129
    0.0016 20200130
    0.0015 20200131
    0.0017 20200201
    0.0018 20200202
    0.0018 20200203
    0.0018 20200204
    0.0018 20200205
    0.0018 20200206
    0.0018 20200207
    0.0018 20200208
    0.0018 20200209
    0.0018 20200210
    0.0018 20200211
    0.0018 20200212
    0.0017 20200213
    0.0025 20200214
    0.0033 20200215
    0.0045 20200216
    0.0060 20200217
    0.0074 20200218
    0.0093 20200219
    0.0108 20200220
    0.0127 20200221
    0.0148 20200222
    0.0160 20200223
    0.0180 20200224
    0.0189 20200225
    0.0198 20200226
    0.0209 20200227
    0.0216 20200228
    0.0218 20200229
    0.0231 20200301
    0.0230 20200302
    0.0106 20200303
    0.0102 20200304
    0.0087 20200305
    0.0085 20200306
    0.0074 20200307
    0.0064 20200308
    0.0065 20200309
    0.0058 20200310
    0.0051 20200311
    0.0045 20200312
    0.0048 20200313
    0.0043 20200314
    0.0039 20200315
    0.0035 20200316
    0.0032 20200317
    0.0036 20200318
    0.0032 20200319
    0.0029 20200320
    0.0028 20200321
    0.0025 20200322
    0.0028 20200323
    0.0026 20200324
    0.0023 20200325
    0.0021 20200326
    0.0020 20200327
    0.0018 20200328
    0.0017 20200329
    0.0016 20200330
    0.0019 20200331
    0.0016 20200401
    0.0016 20200402
    0.0015 20200403
    0.0018 20200404
    0.0017 20200405
    0.0016 20200406
    0.0015 20200407
    0.0014 20200408
    0.0013 20200409
    0.0012 20200410
    0.0011 20200411
    0.0011 20200412
    0.0010 20200413
    0.0009 20200414
    0.0009 20200415
    0.0008 20200416
    0.0008 20200417
    0.0008 20200418
    0.0007 20200419
    0.0010 20200420
    0.0010 20200421
    0.0009 20200422
    0.0009 20200423
    0.0008 20200424
    0.0008 20200425
    0.0007 20200426
    0.0007 20200427
    0.0007 20200428
    0.0006 20200429
    0.0006 20200430
    0.0006 20200501
    0.0006 20200502
    0.0006 20200503
    0.0008 20200504
    0.0008 20200505
    0.0007 20200506
    0.0007 20200507
    0.0007 20200508
    0.0006 20200509
    0.0006 20200510
    0.0006 20200511
    0.0005 20200512
    0.0005 20200513
    0.0005 20200514
    0.0005 20200515
    0.0005 20200516
    0.0004 20200517
    0.0004 20200518
    0.0004 20200519
    0.0004 20200520
    0.0004 20200521
    0.0004 20200522
    0.0004 20200523
    0.0003 20200524
    0.0003 20200525
    0.0004 20200526
    0.0004 20200527
    0.0004 20200528
    0.0004 20200529
    0.0004 20200530
    0.0003 20200531
    0.0004 20200601
    0.0004 20200602
    0.0004 20200603
    0.0004 20200604
    0.0004 20200605
    0.0004 20200606
    0.0003 20200607
    0.0003 20200608
    0.0003 20200609
    0.0003 20200610
    0.0003 20200611
    0.0003 20200612
    0.0004 20200613
    0.0004 20200614
    0.0003 20200615
    0.0003 20200616
    0.0003 20200617
    0.0003 20200618
    0.0003 20200619
    0.0003 20200620
    0.0003 20200621
    0.0003 20200622
    0.0002 20200623
    0.0002 20200624
    0.0002 20200625
    0.0002 20200626
    0.0002 20200627
    0.0002 20200628
    0.0002 20200629
    0.0002 20200630
    0.0004 20200701
    0.0004 20200702
    0.0004 20200703
    0.0004 20200704
    0.0004 20200705
    0.0003 20200706
    0.0003 20200707
    0.0003 20200708
    0.0003 20200709
    0.0003 20200710
    0.0003 20200711
    0.0003 20200712
    0.0003 20200713
    0.0003 20200714
    0.0003 20200715
    0.0003 20200716
    0.0003 20200717
    0.0003 20200718
    0.0003 20200719
    0.0003 20200720
    0.0003 20200721
    0.0003 20200722
    0.0003 20200723
    0.0002 20200724
    0.0002 20200725
    0.0002 20200726
    0.0002 20200727
    0.0002 20200728
    0.0002 20200729
    0.0002 20200730
    0.0002 20200731
    0.0003 20200801
    0.0003 20200802
    0.0003 20200803
    0.0003 20200804
    0.0002 20200805
    0.0002 20200806
    0.0002 20200807
    0.0002 20200808
    0.0002 20200809
    0.0002 20200810
    0.0002 20200811
    0.0002 20200812
    0.0002 20200813
    0.0002 20200814
    0.0002 20200815
    0.0002 20200816
    0.0002 20200817
    0.0002 20200818
    0.0003 20200819
    0.0003 20200820
    0.0003 20200821
    0.0003 20200822
    0.0003 20200823
    0.0002 20200824
    0.0002 20200825
    0.0002 20200826
    0.0002 20200827
    0.0002 20200828
    0.0002 20200829
    0.0002 20200830
    0.0002 20200831
    0.0001 20200901
    0.0001 20200902
    0.0001 20200903
    0.0003 20200904
    0.0003 20200905
    0.0002 20200906
    0.0002 20200907
    0.0002 20200908
    0.0002 20200909
    0.0002 20200910
    0.0002 20200911
    0.0002 20200912
    0.0002 20200913
    0.0002 20200914
    0.0002 20200915
    0.0002 20200916
    0.0002 20200917
    0.0002 20200918
    0.0001 20200919
    0.0001 20200920
    0.0001 20200921
    0.0001 20200922
    0.0001 20200923
    0.0001 20200924
    0.0001 20200925
    0.0001 20200926
    0.0001 20200927
    0.0001 20200928
    0.0001 20200929
    0.0001 20200930
    0.0001 20201001
    0.0001 20201002
    0.0001 20201003
    0.0001 20201004
    0.0001 20201005
    0.0001 20201006
    0.0001 20201007
    0.0001 20201008
    0.0001 20201009
    0.0001 20201010
    0.0001 20201011
    0.0001 20201012
    0.0001 20201013
    0.0001 20201014
    0.0001 20201015
    0.0001 20201016
    0.0001 20201017
    0.0001 20201018
    0.0001 20201019
    0.0001 20201020
    0.0001 20201021
    0.0001 20201022
    0.0001 20201023
    0.0001 20201024
    0.0001 20201025
    0.0001 20201026
    0.0001 20201027
    0.0001 20201028
    0.0001 20201029
    0.0001 20201030
    0.0000 20201031
    0.0001 20201101
    0.0001 20201102
    0.0001 20201103
    0.0002 20201104
    0.0002 20201105
    0.0002 20201106
    0.0002 20201107
    0.0002 20201108
    0.0002 20201109
    0.0002 20201110
    0.0002 20201111
    0.0001 20201112
    0.0001 20201113
    0.0001 20201114
    0.0001 20201115
    0.0001 20201116
    0.0001 20201117
    0.0001 20201118
    0.0001 20201119
    0.0001 20201120
    0.0001 20201121
    0.0001 20201122
    0.0001 20201123
    0.0001 20201124
    0.0001 20201125
    0.0001 20201126
    0.0001 20201127
    0.0001 20201128
    0.0001 20201129
    0.0001 20201130
    0.0001 20201201
    0.0001 20201202
    0.0001 20201203
    0.0001 20201204
    0.0002 20201205
    0.0002 20201206
    0.0002 20201207
    0.0002 20201208
    0.0002 20201209
    0.0002 20201210
    0.0002 20201211
    0.0001 20201212
    0.0001 20201213
    0.0001 20201214
    0.0001 20201215
    0.0001 20201216
    0.0001 20201217
    0.0001 20201218
    0.0001 20201219
    0.0001 20201220
    0.0001 20201221
    0.0001 20201222
    0.0001 20201223
    0.0001 20201224
    0.0001 20201225
    0.0001 20201226
    0.0001 20201227
    0.0001 20201228
    0.0001 20201229
    0.0001 20201230
    0.0001 20201231
    0.0001 20210101
    0.0001 20210102
    0.0001 20210103
    0.0001 20210104
    0.0001 20210105
    0.0001 20210106
    0.0001 20210107
    0.0002 20210108
    0.0002 20210109
    0.0002 20210110
    0.0001 20210111
    0.0002 20210112
    0.0002 20210113
    0.0002 20210114
    0.0002 20210115
    0.0002 20210116
    0.0002 20210117
    0.0002 20210118
    0.0002 20210119
    0.0001 20210120
    0.0001 20210121
    0.0001 20210122
    0.0001 20210123
    0.0001 20210124
    0.0001 20210125
    0.0001 20210126
    0.0001 20210127
    0.0001 20210128
    0.0002 20210129
    0.0002 20210130
    0.0002 20210131
    0.0002 20210201
    0.0002 20210202
    0.0002 20210203
    0.0002 20210204
    0.0002 20210205
    0.0002 20210206
    0.0002 20210207
    0.0002 20210208
    0.0002 20210209
    0.0002 20210210
    0.0002 20210211
    0.0002 20210212
    0.0002 20210213
    0.0002 20210214
    0.0002 20210215
    0.0002 20210216
    0.0002 20210217
    0.0002 20210218
    0.0002 20210219
    0.0002 20210220
    0.0002 20210221
    0.0002 20210222
    0.0002 20210223
    0.0002 20210224
    0.0002 20210225
    0.0002 20210226
    0.0002 20210227
    0.0001 20210228
    0.0002 20210301
    0.0002 20210302
    0.0002 20210303
    0.0002 20210304
    0.0002 20210305
    0.0002 20210306
    0.0002 20210307
    0.0002 20210308
    0.0002 20210309
    0.0002 20210310
    0.0002 20210311
    0.0002 20210312
    0.0002 20210313
    0.0002 20210314
    0.0002 20210315
    0.0002 20210316
    0.0002 20210317
    0.0002 20210318
    0.0002 20210319
    0.0002 20210320
    0.0002 20210321
    0.0002 20210322
    0.0002 20210323
    0.0001 20210324
    0.0003 20210325
    0.0003 20210326
    0.0003 20210327
    0.0002 20210328
    0.0002 20210329
    0.0002 20210330
    0.0002 20210331
    0.0002 20210401
    0.0002 20210402
    0.0002 20210403
    0.0002 20210404
    0.0002 20210405
    0.0001 20210406
    0.0001 20210407
    0.0001 20210408
    0.0003 20210409
    0.0001 20210410
    0.0003 20210411
    0.0003 20210412
    0.0002 20210413
    0.0002 20210414
    0.0002 20210415
    0.0002 20210416
    0.0002 20210417
    0.0002 20210418
    0.0002 20210419
    0.0002 20210420
    0.0002 20210421
    0.0002 20210422
    0.0002 20210423
    0.0002 20210424
    0.0002 20210425
    0.0001 20210426
    0.0001 20210427
    0.0001 20210428
    0.0001 20210429
    0.0001 20210430
    0.0002 20210501
    0.0002 20210502
    0.0002 20210503
    0.0002 20210504
    0.0002 20210505
    0.0002 20210506
    0.0002 20210507
    0.0001 20210508
    0.0001 20210509
    0.0001 20210510
    0.0001 20210511
    0.0001 20210512
    0.0001 20210513
    0.0001 20210514
    0.0001 20210515
    0.0002 20210516
    0.0002 20210517
    0.0002 20210518
    0.0002 20210519
    0.0002 20210520
    0.0002 20210521
    0.0002 20210522
    0.0002 20210523
    0.0002 20210524
    0.0002 20210525
    0.0002 20210526
    0.0002 20210527
    0.0002 20210528
    0.0001 20210529
    0.0001 20210530
    0.0001 20210531
    0.0002 20210601
    0.0002 20210602
    0.0002 20210603
    0.0001 20210604
    0.0001 20210605
    0.0001 20210606
    0.0001 20210607
    0.0001 20210608
    0.0001 20210609
    0.0001 20210610
    0.0001 20210611
    0.0001 20210612
    0.0001 20210613
    0.0002 20210614
    0.0002 20210615
    0.0002 20210616
    0.0002 20210617
    0.0002 20210618
    0.0002 20210619
    0.0002 20210620
    0.0002 20210621
    0.0002 20210622
    0.0002 20210623
    0.0002 20210624
    0.0002 20210625
    0.0001 20210626
    0.0001 20210627
    0.0001 20210628
    0.0001 20210629
    0.0001 20210630
    0.0002 20210701
    0.0002 20210702
    0.0002 20210703
    0.0002 20210704
    0.0002 20210705
    0.0002 20210706
    0.0002 20210707
    0.0002 20210708
    0.0002 20210709
    0.0002 20210710
    0.0002 20210711
    0.0002 20210712
    0.0002 20210713
    0.0002 20210714
    0.0002 20210715
    0.0002 20210716
    0.0002 20210717
    0.0001 20210718
    0.0001 20210719
    0.0001 20210720
    0.0001 20210721
    0.0001 20210722
    0.0001 20210723
    0.0001 20210724
    0.0002 20210725
    0.0002 20210726
    0.0002 20210727
    0.0002 20210728
    0.0002 20210729
    0.0002 20210730
    0.0002 20210731
    0.0001 20210801
    0.0001 20210802
    0.0001 20210803
    0.0001 20210804
    0.0001 20210805
    0.0001 20210806
    0.0001 20210807
    0.0001 20210808
    0.0002 20210809
    0.0002 20210810
    0.0002 20210811
    0.0002 20210812
    0.0002 20210813
    0.0002 20210814
    0.0002 20210815
    0.0002 20210816
    0.0002 20210817
    0.0002 20210818
    0.0002 20210819
    0.0002 20210820
    0.0002 20210821
    0.0001 20210822
    0.0001 20210823
    0.0001 20210824
    0.0001 20210825
    0.0001 20210826
    0.0001 20210827
    0.0001 20210828
    0.0001 20210829
    0.0001 20210830
    0.0001 20210831
    0.0002 20210901
    0.0002 20210902
    0.0001 20210903
    0.0001 20210904
    0.0001 20210905
    0.0001 20210906
    0.0001 20210907
    0.0001 20210908
    0.0001 20210909
    0.0001 20210910
    0.0001 20210911
    0.0001 20210912
    0.0001 20210913
    0.0001 20210914
    0.0001 20210915
    0.0001 20210916
    0.0001 20210917
    0.0001 20210918
    0.0001 20210919
    0.0001 20210920
    0.0001 20210921
    0.0001 20210922
    0.0001 20210923
    0.0001 20210924
    0.0001 20210925
    0.0001 20210926
    0.0001 20210927
    0.0001 20210928
    0.0001 20210929
    0.0001 20210930
    0.0001 20211001
    0.0001 20211002
    0.0001 20211003
    0.0001 20211004
    0.0001 20211005
    0.0001 20211006
    0.0001 20211007
    0.0001 20211008
    0.0001 20211009
    0.0001 20211010
    0.0001 20211011
    0.0001 20211012
    0.0001 20211013
    0.0001 20211014
    0.0001 20211015
    0.0000 20211016
    0.0000 20211017
    0.0000 20211018
    0.0000 20211019
    0.0000 20211020
    0.0000 20211021
    0.0000 20211022
    0.0000 20211023
    0.0000 20211024
    0.0000 20211025
    0.0000 20211026
    0.0000 20211027
    0.0000 20211028
    0.0000 20211029
    0.0000 20211030
    0.0000 20211031
    0.0001 20211101
    0.0002 20211102
    0.0002 20211103
    0.0002 20211104
    0.0002 20211105
    0.0002 20211106
    0.0002 20211107
    0.0001 20211108
    0.0001 20211109
    0.0001 20211110
    0.0001 20211111
    0.0001 20211112
    0.0001 20211113
    0.0001 20211114
    0.0001 20211115
    0.0001 20211116
    0.0001 20211117
    0.0001 20211118
    0.0001 20211119
    0.0001 20211120
    0.0001 20211121
    0.0001 20211122
    0.0001 20211123
    0.0001 20211124
    0.0001 20211125
    0.0001 20211126
    0.0001 20211127
    0.0001 20211128
    0.0001 20211129
    0.0001 20211130
    0.0001 20211201
    0.0001 20211202
    0.0001 20211203
    0.0001 20211204
    0.0001 20211205
    0.0001 20211206
    0.0001 20211207
    0.0001 20211208
    0.0001 20211209
    0.0001 20211210
    0.0001 20211211
    0.0001 20211212
    0.0002 20211213
    0.0002 20211214
    0.0002 20211215
    0.0002 20211216
    0.0002 20211217
    0.0002 20211218
    0.0002 20211219
    0.0002 20211220
    0.0001 20211221
    0.0001 20211222
    0.0001 20211223
    0.0001 20211224
    0.0001 20211225
    0.0001 20211226
    0.0001 20211227
    0.0001 20211228
    0.0001 20211229
    0.0001 20211230
    0.0001 20211231
    0.0002 20220101
    0.0002 20220102
    0.0001 20220103
    0.0001 20220104
    0.0001 20220105
    0.0001 20220106
    0.0001 20220107
    0.0001 20220108
    0.0001 20220109
    0.0001 20220110
    0.0001 20220111
    0.0001 20220112
    0.0001 20220113
    0.0001 20220114
    0.0001 20220115
    0.0001 20220116
    0.0001 20220117
    0.0002 20220118
    0.0002 20220119
    0.0002 20220120
    0.0002 20220121
    0.0002 20220122
    0.0002 20220123
    0.0002 20220124
    0.0002 20220125
    0.0002 20220126
    0.0002 20220127
    0.0002 20220128
    0.0002 20220129
    0.0001 20220130
    0.0001 20220131
    0.0002 20220201
    0.0002 20220202
    0.0002 20220203
    0.0002 20220204
    0.0002 20220205
    0.0002 20220206
    0.0002 20220207
    0.0002 20220208
    0.0002 20220209
    0.0002 20220210
    0.0002 20220211
    0.0002 20220212
    0.0002 20220213
    0.0002 20220214
    0.0002 20220215
    0.0002 20220216
    0.0002 20220217
    0.0002 20220218
    0.0002 20220219
    0.0002 20220220
    0.0002 20220221
    0.0003 20220222
    0.0003 20220223
    0.0003 20220224
    0.0002 20220225
    0.0002 20220226
    0.0002 20220227
    0.0002 20220228
    0.0003 20220301
    0.0003 20220302
    0.0003 20220303
    0.0003 20220304
    0.0003 20220305
    0.0003 20220306
    0.0003 20220307
    0.0003 20220308
    0.0003 20220309
    0.0003 20220310
    0.0003 20220311
    0.0003 20220312
    0.0003 20220313
    0.0003 20220314
    0.0003 20220315
    0.0003 20220316
    0.0003 20220317
    0.0003 20220318
    0.0003 20220319
    0.0003 20220320
    0.0003 20220321
    0.0003 20220322
    0.0003 20220323
    0.0003 20220324
    0.0003 20220325
    0.0003 20220326
    0.0003 20220327
    0.0003 20220328
    0.0003 20220329
    0.0002 20220330
    0.0002 20220331
    0.0004 20220401
    0.0004 20220402
    0.0004 20220403
    0.0004 20220404
    0.0004 20220405
    0.0004 20220406
    0.0004 20220407
    0.0004 20220408
    0.0004 20220409
    0.0004 20220410
    0.0004 20220411
    0.0004 20220412
    0.0004 20220413
    0.0004 20220414
    0.0004 20220415
    0.0004 20220416
    0.0004 20220417
    0.0004 20220418
    0.0004 20220419
    0.0004 20220420
    0.0004 20220421
    0.0004 20220422
    0.0003 20220423
    0.0003 20220424
    0.0003 20220425
    0.0003 20220426
    0.0003 20220427
    0.0003 20220428
    0.0003 20220429
    0.0003 20220430
    0.0004 20220501
    0.0004 20220502
    0.0004 20220503
    0.0004 20220504
    0.0004 20220505
    0.0004 20220506
    0.0003 20220507
    0.0003 20220508
    0.0003 20220509
    0.0003 20220510
    0.0003 20220511
    0.0003 20220512
    0.0003 20220513
    0.0004 20220514
    0.0003 20220515
    0.0003 20220516
    0.0003 20220517
    0.0003 20220518
    0.0003 20220519
    0.0003 20220520
    0.0003 20220521
    0.0003 20220522
    0.0003 20220523
    0.0002 20220524
    0.0002 20220525
    0.0002 20220526
    0.0002 20220527
    0.0002 20220528
    0.0002 20220529
    0.0002 20220530
    0.0002 20220531
    0.0003 20220601
    0.0003 20220602
    0.0003 20220603
    0.0003 20220604
    0.0003 20220605
    0.0002 20220606
    0.0002 20220607
    0.0002 20220608
    0.0002 20220609
    0.0002 20220610
    0.0002 20220611
    0.0002 20220612
    0.0002 20220613
    0.0002 20220614
    0.0002 20220615
    0.0002 20220616
    0.0002 20220617
    0.0002 20220618
    0.0002 20220619
    0.0002 20220620
    0.0002 20220621
    0.0003 20220622
    0.0003 20220623
    0.0003 20220624
    0.0003 20220625
    0.0002 20220626
    0.0002 20220627
    0.0002 20220628
    0.0002 20220629
    0.0002 20220630
    0.0003 20220701
    0.0003 20220702
    0.0002 20220703
    0.0002 20220704
    0.0002 20220705
    0.0002 20220706
    0.0002 20220707
    0.0002 20220708
    0.0002 20220709
    0.0002 20220710
    0.0002 20220711
    0.0002 20220712
    0.0002 20220713
    0.0002 20220714
    0.0002 20220715
    0.0002 20220716
    0.0002 20220717
    0.0002 20220718
    0.0002 20220719
    0.0002 20220720
    0.0001 20220721
    0.0003 20220722
    0.0003 20220723
    0.0003 20220724
    0.0002 20220725
    0.0002 20220726
    0.0002 20220727
    0.0002 20220728
    0.0002 20220729
    0.0002 20220730
    0.0002 20220731
    0.0001 20220801
    0.0001 20220802
    0.0001 20220803
    0.0003 20220804
    0.0002 20220805
    0.0002 20220806
    0.0002 20220807
    0.0002 20220808
    0.0002 20220809
    0.0002 20220810
    0.0002 20220811
    0.0002 20220812
    0.0002 20220813
    0.0002 20220814
    0.0002 20220815
    0.0002 20220816
    0.0002 20220817
    0.0001 20220818
    0.0001 20220819
    0.0001 20220820
    0.0001 20220821
    0.0001 20220822
    0.0001 20220823
    0.0001 20220824
    0.0001 20220825
    0.0001 20220826
    0.0001 20220827
    0.0001 20220828
    0.0001 20220829
    0.0001 20220830
    0.0001 20220831
    0.0001 20220901
    0.0001 20220902
    0.0001 20220903
    0.0001 20220904
    0.0001 20220905
    0.0001 20220906
    0.0001 20220907
    0.0001 20220908
    0.0001 20220909
    0.0001 20220910
    0.0001 20220911
    0.0001 20220912
    0.0001 20220913
    0.0001 20220914
    0.0001 20220915
    0.0001 20220916
    0.0001 20220917
    0.0001 20220918
    0.0001 20220919
    0.0001 20220920
    0.0001 20220921
    0.0001 20220922
    0.0001 20220923
    0.0001 20220924
    0.0001 20220925
    0.0001 20220926
    0.0001 20220927
    0.0001 20220928
    0.0001 20220929
    0.0001 20220930
    0.0001 20221001
    0.0001 20221002
    0.0001 20221003
    0.0001 20221004
    0.0001 20221005
    0.0001 20221006
    0.0001 20221007
    0.0001 20221008
    0.0001 20221009
    0.0001 20221010
    0.0001 20221011
    0.0001 20221012
    0.0000 20221013
    0.0000 20221014
    0.0000 20221015
    0.0000 20221016
    0.0000 20221017
    0.0000 20221018
    0.0000 20221019
    0.0000 20221020
    0.0000 20221021
    0.0000 20221022
    0.0000 20221023
    0.0000 20221024
    0.0000 20221025
    0.0000 20221026
    0.0000 20221027
    0.0000 20221028
    0.0000 20221029
    0.0000 20221030
    0.0000 20221031
    0.0001 20221101
    0.0001 20221102
    0.0001 20221103
    0.0001 20221104
    0.0001 20221105
    0.0001 20221106
    0.0001 20221107
    0.0001 20221108
    0.0001 20221109
    0.0001 20221110
    0.0001 20221111
    0.0001 20221112
    0.0001 20221113
    0.0001 20221114
    0.0001 20221115
    0.0001 20221116
    0.0001 20221117
    0.0001 20221118
    0.0001 20221119
    0.0001 20221120
    0.0001 20221121
    0.0002 20221122
    0.0001 20221123
    0.0001 20221124
    0.0001 20221125
    0.0002 20221126
    0.0002 20221127
    0.0002 20221128
    0.0002 20221129
    0.0003 20221130
    0.0004 20221201
    0.0004 20221202
    0.0005 20221203
    0.0005 20221204
    0.0004 20221205
    0.0005 20221206
    0.0005 20221207
    0.0006 20221208
    0.0006 20221209
    0.0006 20221210
    0.0007 20221211
    0.0007 20221212
    0.0007 20221213
    0.0007 20221214
    0.0007 20221215
    0.0007 20221216
    0.0008 20221217
    0.0008 20221218
    0.0008 20221219
    0.0008 20221220
    0.0008 20221221
    0.0008 20221222
    0.0008 20221223
    0.0008 20221224
    0.0008 20221225
    0.0010 20221226
    0.0010 20221227
    0.0010 20221228
    0.0009 20221229
    0.0009 20221230
    0.0009 20221231
    0.0008 20230101
    0.0009 20230102
    0.0009 20230103
    0.0009 20230104
    0.0009 20230105
    0.0009 20230106
    0.0009 20230107
    0.0009 20230108
    0.0009 20230109
    0.0009 20230110
    0.0009 20230111
    0.0010 20230112
    0.0010 20230113
    0.0010 20230114
    0.0010 20230115
    0.0009 20230116
    0.0009 20230117
    0.0009 20230118
    0.0012 20230119
    0.0011 20230120
    0.0011 20230121
    0.0010 20230122
    0.0010 20230123
    0.0010 20230124
    0.0009 20230125
    0.0009 20230126
    0.0009 20230127
    0.0008 20230128
    0.0008 20230129
    0.0008 20230130
    0.0008 20230131
    0.0009 20230201
    0.0009 20230202
    0.0009 20230203
    0.0009 20230204
    0.0009 20230205
    0.0008 20230206
    0.0008 20230207
    0.0008 20230208
    0.0008 20230209
    0.0008 20230210
    0.0008 20230211
    0.0007 20230212
    0.0007 20230213
    0.0007 20230214
    0.0007 20230215
    0.0007 20230216
    0.0006 20230217
    0.0006 20230218
    0.0006 20230219
    0.0006 20230220
    0.0006 20230221
    0.0006 20230222
    0.0005 20230223
    0.0005 20230224
    0.0008 20230225
    0.0007 20230226
    0.0007 20230227
    0.0007 20230228
    0.0005 20230301
    0.0005 20230302
    0.0005 20230303
    0.0007 20230304
    0.0007 20230305
    0.0007 20230306
    0.0006 20230307
    0.0006 20230308
    0.0006 20230309
    0.0006 20230310
    0.0005 20230311
    0.0005 20230312
    0.0005 20230313
    0.0005 20230314
    0.0005 20230315
    0.0006 20230316
    0.0005 20230317
    0.0005 20230318
    0.0005 20230319
    0.0005 20230320
    0.0004 20230321
    0.0004 20230322
    0.0004 20230323
    0.0004 20230324
    0.0004 20230325
    0.0004 20230326
    0.0004 20230327
    0.0003 20230328
    0.0003 20230329
    0.0003 20230330
    0.0003 20230331
    0.0003 20230401
    0.0003 20230402
    0.0003 20230403
    0.0003 20230404
    0.0003 20230405
    0.0003 20230406
    0.0003 20230407
    0.0003 20230408
    0.0003 20230409
    0.0002 20230410
    0.0002 20230411
    0.0002 20230412
    0.0002 20230413
    0.0002 20230414
    0.0002 20230415
    0.0002 20230416
    0.0002 20230417
    0.0002 20230418
    0.0002 20230419
    0.0002 20230420
    0.0002 20230421
    0.0003 20230422
    0.0003 20230423
    0.0003 20230424
    0.0003 20230425
    0.0003 20230426
    0.0003 20230427
    0.0003 20230428
    0.0002 20230429
    0.0002 20230430
    0.0002 20230501
    0.0002 20230502
    0.0002 20230503
    0.0002 20230504
    0.0002 20230505
    0.0002 20230506
    0.0002 20230507
    0.0003 20230508
    0.0184 20230509
    0.0635 20230510
    0.0681 20230511
    0.0615 20230512
    0.0520 20230513
    0.0427 20230514
    0.0341 20230515
    0.0295 20230516
    0.0231 20230517
    0.0185 20230518
    0.0156 20230519
    0.0180 20230520
    0.0142 20230521
    0.0106 20230522
    0.0091 20230523
    0.0068 20230524
    0.0056 20230525
    0.0043 20230526
    0.0040 20230527
    0.0032 20230528
    0.0027 20230529
    0.0024 20230530
    0.0022 20230531
    0.0030 20230601
    0.0027 20230602
    0.0025 20230603
    0.0023 20230604
    0.0021 20230605
    0.0020 20230606
    0.0018 20230607
    0.0017 20230608
    0.0023 20230609
    0.0021 20230610
    0.0020 20230611
    0.0018 20230612
    0.0017 20230613
    0.0016 20230614
    0.0016 20230615
    0.0014 20230616
    0.0013 20230617
    0.0012 20230618
    0.0017 20230619
    0.0015 20230620
    0.0014 20230621
    0.0013 20230622
    0.0012 20230623
    0.0011 20230624
    0.0010 20230625
    0.0009 20230626
    0.0009 20230627
    0.0008 20230628
    0.0008 20230629
    0.0007 20230630
    0.0009 20230701
    0.0009 20230702
    0.0008 20230703
    0.0008 20230704
    0.0007 20230705
    0.0007 20230706
    0.0007 20230707
    0.0006 20230708
    0.0006 20230709
    0.0006 20230710
    0.0005 20230711
    0.0008 20230712
    0.0007 20230713
    0.0007 20230714
    0.0006 20230715
    0.0006 20230716
    0.0005 20230717
    0.0005 20230718
    0.0005 20230719
    0.0005 20230720
    0.0004 20230721
    0.0004 20230722
    0.0004 20230723
    0.0004 20230724
    0.0004 20230725
    0.0003 20230726
    0.0003 20230727
    0.0003 20230728
    0.0003 20230729
    0.0003 20230730
    0.0003 20230731
    0.0004 20230801
    0.0003 20230802
    0.0003 20230803
    0.0003 20230804
    0.0003 20230805
    0.0003 20230806
    0.0003 20230807
    0.0003 20230808
    0.0003 20230809
    0.0002 20230810
    0.0005 20230811
    0.0004 20230812
    0.0004 20230813
    0.0004 20230814
    0.0004 20230815
    0.0004 20230816
    0.0113 20230817
    0.0134 20230818
    0.0124 20230819
    0.0114 20230820
    0.0100 20230821
    0.0079 20230822
    0.0064 20230823
    0.0060 20230824
    0.0049 20230825
    0.0036 20230826
    0.0024 20230827
    0.0022 20230828
    0.0021 20230829
    0.0016 20230830
    0.0013 20230831
    0.0016 20230901
    0.0014 20230902
    0.0013 20230903
    0.0012 20230904
    0.0011 20230905
    0.0011 20230906
    0.0010 20230907
    0.0009 20230908
    0.0009 20230909
    0.0008 20230910
    0.0008 20230911
    0.0007 20230912
    0.0007 20230913
    0.0007 20230914
    0.0006 20230915
    0.0006 20230916
    0.0006 20230917
    0.0005 20230918
    0.0005 20230919
    0.0005 20230920
    0.0009 20230921
    0.0009 20230922
    0.0008 20230923
    0.0008 20230924
    0.0007 20230925
    0.0007 20230926
    0.0007 20230927
    0.0006 20230928
    0.0006 20230929
    0.0006 20230930
    0.0006 20231001
    0.0006 20231002
    0.0006 20231003
    0.0005 20231004
    0.0005 20231005
    0.0005 20231006
    0.0005 20231007
    0.0004 20231008
    0.0004 20231009
    0.0004 20231010
    0.0004 20231011
    0.0004 20231012
    0.0003 20231013
    0.0003 20231014
    0.0003 20231015
    0.0003 20231016
    0.0003 20231017
    0.0003 20231018
    0.0003 20231019
    0.0003 20231020
    0.0002 20231021
    0.0002 20231022
    0.0002 20231023
    0.0002 20231024
    0.0002 20231025
    0.0002 20231026
    0.0002 20231027
    0.0002 20231028
    0.0002 20231029
    0.0002 20231030
    0.0002 20231031
    0.0003 20231101
    0.0003 20231102
    0.0003 20231103
    0.0003 20231104
    0.0003 20231105
    0.0003 20231106
    0.0003 20231107
    0.0003 20231108
    0.0005 20231109
    0.0004 20231110
    0.0004 20231111
    0.0004 20231112
    0.0004 20231113
    0.0004 20231114
    0.0003 20231115
    0.0003 20231116
    0.0003 20231117
    0.0003 20231118
    0.0003 20231119
    0.0003 20231120
    0.0002 20231121
    0.0002 20231122
    0.0002 20231123
    0.0002 20231124
    0.0002 20231125
    0.0002 20231126
    0.0002 20231127
    0.0002 20231128
    0.0002 20231129
    0.0002 20231130
    0.0002 20231201
    0.0003 20231202
    0.0003 20231203
    0.0003 20231204
    0.0003 20231205
    0.0003 20231206
    0.0003 20231207
    0.0002 20231208
    0.0002 20231209
    0.0002 20231210
    0.0002 20231211
    0.0002 20231212
    0.0002 20231213
    0.0002 20231214
    0.0002 20231215
    0.0002 20231216
    0.0002 20231217
    0.0002 20231218
    0.0002 20231219
    0.0001 20231220
    0.0001 20231221
    0.0001 20231222
    0.0001 20231223
    0.0001 20231224
    0.0001 20231225
    0.0001 20231226
    0.0001 20231227
    0.0001 20231228
    0.0001 20231229
    0.0001 20231230
    0.0001 20231231
