    0.0000 20030101
    0.0000 20030102
    0.0000 20030103
    0.0000 20030104
    0.0000 20030105
    0.0000 20030106
    0.0000 20030107
    0.0000 20030108
    0.0000 20030109
    1.0640 20030110
    0.1780 20030111
    0.3588 20030112
    0.1099 20030113
    0.0716 20030114
    0.0468 20030115
    0.0355 20030116
    0.0214 20030117
    0.0159 20030118
    0.0089 20030119
    0.0094 20030120
    0.0077 20030121
    0.0069 20030122
    0.0064 20030123
    0.0060 20030124
    0.0057 20030125
    0.0054 20030126
    0.0052 20030127
    0.0049 20030128
    0.0047 20030129
    0.0045 20030130
    0.0043 20030131
    0.0044 20030201
    0.0042 20030202
    0.0040 20030203
    0.0039 20030204
    0.0037 20030205
    0.0035 20030206
    0.0034 20030207
    0.0032 20030208
    0.0062 20030209
    0.0059 20030210
    0.0056 20030211
    0.0053 20030212
    0.0591 20030213
    0.0044 20030214
    0.0046 20030215
    0.0158 20030216
    0.0043 20030217
    0.0056 20030218
    0.0037 20030219
    0.0036 20030220
    0.0034 20030221
    0.0033 20030222
    0.0031 20030223
    0.0030 20030224
    0.0656 20030225
    0.0072 20030226
    0.0035 20030227
    0.0033 20030228
    0.0038 20030301
    0.0036 20030302
    0.0035 20030303
    0.0033 20030304
    0.0032 20030305
    0.0030 20030306
    0.0029 20030307
    0.0028 20030308
    0.0027 20030309
    0.0026 20030310
    0.0024 20030311
    0.0023 20030312
    0.0023 20030313
    0.0022 20030314
    0.0021 20030315
    0.0065 20030316
    0.0019 20030317
    0.0018 20030318
    0.0017 20030319
    0.0017 20030320
    0.0016 20030321
    0.0015 20030322
    0.0015 20030323
    0.0014 20030324
    0.0014 20030325
    0.0013 20030326
    0.0086 20030327
    0.0013 20030328
    0.0114 20030329
    0.0012 20030330
    0.0010 20030331
    0.0011 20030401
    0.0010 20030402
    0.0010 20030403
    0.0010 20030404
    0.0009 20030405
    0.0009 20030406
    0.0009 20030407
    0.0008 20030408
    0.0008 20030409
    0.0008 20030410
    0.0007 20030411
    0.0007 20030412
    0.0007 20030413
    0.0007 20030414
    0.0256 20030415
    0.0422 20030416
    0.0022 20030417
    0.0010 20030418
    0.0183 20030419
    0.0013 20030420
    0.0008 20030421
    0.0008 20030422
    0.0008 20030423
    0.0008 20030424
    0.0007 20030425
    0.0007 20030426
    0.0007 20030427
    0.0007 20030428
    0.0006 20030429
    0.0006 20030430
    0.0008 20030501
    0.0008 20030502
    0.0008 20030503
    0.0007 20030504
    0.0027 20030505
    0.0525 20030506
    0.0032 20030507
    0.0362 20030508
    0.0035 20030509
    0.0014 20030510
    0.0013 20030511
    0.0013 20030512
    0.0012 20030513
    0.0012 20030514
    0.0011 20030515
    0.0011 20030516
    0.0010 20030517
    0.0010 20030518
    0.0010 20030519
    0.0009 20030520
    0.0009 20030521
    0.0009 20030522
    0.0008 20030523
    0.0008 20030524
    0.0008 20030525
    0.0008 20030526
    0.0007 20030527
    0.0007 20030528
    0.0007 20030529
    0.0007 20030530
    0.0006 20030531
    0.0008 20030601
    0.0007 20030602
    0.0007 20030603
    0.0007 20030604
    0.0007 20030605
    0.0006 20030606
    0.0006 20030607
    0.0006 20030608
    0.0006 20030609
    0.0006 20030610
    0.0006 20030611
    0.0005 20030612
    0.0005 20030613
    0.0005 20030614
    0.0005 20030615
    0.0005 20030616
    0.0005 20030617
    0.0004 20030618
    0.0004 20030619
    0.0004 20030620
    0.0004 20030621
    0.0004 20030622
    0.0004 20030623
    0.0004 20030624
    0.0004 20030625
    0.0003 20030626
    0.0003 20030627
    0.0003 20030628
    0.0003 20030629
    0.0003 20030630
    0.0007 20030701
    0.0006 20030702
    0.0006 20030703
    0.0006 20030704
    0.0006 20030705
    0.0006 20030706
    0.0005 20030707
    0.0005 20030708
    0.0005 20030709
    0.0005 20030710
    0.0005 20030711
    0.0005 20030712
    0.0004 20030713
    0.0004 20030714
    0.0004 20030715
    0.0004 20030716
    0.0004 20030717
    0.0004 20030718
    0.0004 20030719
    0.0004 20030720
    0.0003 20030721
    0.0003 20030722
    0.0003 20030723
    0.0003 20030724
    0.0003 20030725
    0.0003 20030726
    0.0003 20030727
    0.0003 20030728
    0.0002 20030729
    0.0002 20030730
    0.0002 20030731
    0.0003 20030801
    0.0003 20030802
    0.0003 20030803
    0.0003 20030804
    0.0002 20030805
    0.0002 20030806
    0.0002 20030807
    0.0002 20030808
    0.0002 20030809
    0.0002 20030810
    0.0002 20030811
    0.0002 20030812
    0.0002 20030813
    0.0002 20030814
    0.0002 20030815
    0.0002 20030816
    0.0002 20030817
    0.0002 20030818
    0.0002 20030819
    0.0002 20030820
    0.0002 20030821
    0.0001 20030822
    0.0001 20030823
    0.0001 20030824
    0.0001 20030825
    0.0001 20030826
    0.0001 20030827
    0.0001 20030828
    0.0001 20030829
    0.0001 20030830
    0.0001 20030831
    0.0001 20030901
    0.0001 20030902
    0.0001 20030903
    0.0044 20030904
    0.0001 20030905
    0.0001 20030906
    0.0001 20030907
    0.0001 20030908
    0.0001 20030909
    0.0001 20030910
    0.0001 20030911
    0.0001 20030912
    0.0001 20030913
    0.0001 20030914
    0.0001 20030915
    0.0001 20030916
    0.0001 20030917
    0.0001 20030918
    0.0001 20030919
    0.0001 20030920
    0.0001 20030921
    0.0001 20030922
    0.0001 20030923
    0.0001 20030924
    0.0001 20030925
    0.0001 20030926
    0.0001 20030927
    0.0001 20030928
    0.0001 20030929
    0.0001 20030930
    0.0001 20031001
    0.0001 20031002
    0.0001 20031003
    0.0001 20031004
    0.0001 20031005
    0.0857 20031006
    0.0371 20031007
    0.0109 20031008
    0.0058 20031009
    0.0038 20031010
    0.0036 20031011
    0.0020 20031012
    0.0013 20031013
    0.0240 20031014
    0.0015 20031015
    0.0854 20031016
    0.1098 20031017
    0.0197 20031018
    0.0108 20031019
    0.0097 20031020
    0.0050 20031021
    0.0031 20031022
    0.0045 20031023
    0.0037 20031024
    0.0033 20031025
    0.0031 20031026
    0.0371 20031027
    0.0040 20031028
    0.0025 20031029
    0.0024 20031030
    0.0023 20031031
    0.0026 20031101
    0.0024 20031102
    0.0024 20031103
    0.0023 20031104
    0.0022 20031105
    0.0021 20031106
    0.0020 20031107
    0.0019 20031108
    0.0018 20031109
    0.0018 20031110
    0.0017 20031111
    0.0016 20031112
    0.0016 20031113
    0.0015 20031114
    0.0256 20031115
    0.0183 20031116
    0.0534 20031117
    2.2250 20031118
    0.4467 20031119
    0.2090 20031120
    0.1380 20031121
    0.0909 20031122
    0.0627 20031123
    0.0427 20031124
    0.0530 20031125
    0.0206 20031126
    0.0140 20031127
    0.0133 20031128
    0.0111 20031129
    0.0100 20031130
    0.0099 20031201
    0.0093 20031202
    0.0088 20031203
    0.0083 20031204
    0.0078 20031205
    0.0074 20031206
    0.0070 20031207
    0.0066 20031208
    0.1106 20031209
    0.0852 20031210
    0.0149 20031211
    0.0123 20031212
    0.0100 20031213
    0.0087 20031214
    0.0080 20031215
    0.0074 20031216
    0.0070 20031217
    0.0066 20031218
    0.0062 20031219
    0.0087 20031220
    0.0082 20031221
    0.0077 20031222
    0.0072 20031223
    0.0068 20031224
    0.0064 20031225
    0.0061 20031226
    0.0057 20031227
    0.0054 20031228
    0.0051 20031229
    0.0049 20031230
    0.0046 20031231
    0.0047 20040101
    0.0044 20040102
    0.0042 20040103
    0.0040 20040104
    0.0038 20040105
    0.0036 20040106
    0.0034 20040107
    0.0033 20040108
    0.0031 20040109
    0.0030 20040110
    0.0028 20040111
    0.0027 20040112
    0.0026 20040113
    0.0025 20040114
    0.0023 20040115
    0.0022 20040116
    0.0021 20040117
    0.0021 20040118
    0.0020 20040119
    0.0019 20040120
    0.0018 20040121
    0.0017 20040122
    0.0017 20040123
    0.0016 20040124
    0.0030 20040125
    0.0029 20040126
    0.0027 20040127
    0.0059 20040128
    0.0025 20040129
    0.0023 20040130
    0.0022 20040131
    0.0024 20040201
    0.0023 20040202
    0.0022 20040203
    0.0021 20040204
    0.0020 20040205
    0.0019 20040206
    0.0018 20040207
    0.0018 20040208
    0.0017 20040209
    0.0016 20040210
    0.0015 20040211
    0.0015 20040212
    0.0014 20040213
    0.0014 20040214
    0.0013 20040215
    0.0013 20040216
    0.0012 20040217
    0.0012 20040218
    0.0011 20040219
    0.0108 20040220
    0.0013 20040221
    0.0010 20040222
    0.0009 20040223
    0.0009 20040224
    0.0010 20040225
    0.0156 20040226
    0.0015 20040227
    0.0009 20040228
    0.0008 20040229
    0.0010 20040301
    0.0010 20040302
    0.0010 20040303
    0.0009 20040304
    0.0009 20040305
    0.0009 20040306
    0.0008 20040307
    0.0008 20040308
    0.0008 20040309
    0.0007 20040310
    0.0007 20040311
    0.0007 20040312
    0.0186 20040313
    0.0084 20040314
    0.0026 20040315
    0.0008 20040316
    0.0007 20040317
    0.0007 20040318
    0.0007 20040319
    0.0006 20040320
    0.0006 20040321
    0.0006 20040322
    0.0006 20040323
    0.0006 20040324
    0.0005 20040325
    0.2533 20040326
    0.0677 20040327
    0.0408 20040328
    0.0473 20040329
    0.0165 20040330
    0.0091 20040331
    0.0063 20040401
    0.0058 20040402
    0.0042 20040403
    0.0035 20040404
    0.0031 20040405
    0.0029 20040406
    0.0028 20040407
    0.0026 20040408
    0.0534 20040409
    0.0103 20040410
    0.2702 20040411
    0.0592 20040412
    0.0362 20040413
    0.0240 20040414
    0.3883 20040415
    1.0090 20040416
    0.1770 20040417
    0.1170 20040418
    0.0754 20040419
    0.0532 20040420
    0.0338 20040421
    0.0249 20040422
    0.0192 20040423
    0.0127 20040424
    0.0133 20040425
    0.0115 20040426
    0.0105 20040427
    0.0421 20040428
    0.0091 20040429
    0.0081 20040430
    0.0078 20040501
    0.0102 20040502
    0.0550 20040503
    0.0075 20040504
    0.0061 20040505
    0.0085 20040506
    0.0080 20040507
    0.0075 20040508
    0.0071 20040509
    0.0126 20040510
    0.0622 20040511
    0.0066 20040512
    0.0061 20040513
    0.0058 20040514
    0.0054 20040515
    0.0051 20040516
    0.0049 20040517
    0.0046 20040518
    0.0044 20040519
    0.0042 20040520
    0.0055 20040521
    0.0330 20040522
    0.0042 20040523
    0.0033 20040524
    0.0032 20040525
    0.0030 20040526
    0.0029 20040527
    0.0027 20040528
    0.0026 20040529
    0.0025 20040530
    0.0024 20040531
    0.0024 20040601
    0.0022 20040602
    0.0022 20040603
    0.0021 20040604
    0.0020 20040605
    0.0019 20040606
    0.0018 20040607
    0.0034 20040608
    0.0033 20040609
    0.0031 20040610
    0.0030 20040611
    0.0028 20040612
    0.0027 20040613
    0.0758 20040614
    0.0122 20040615
    0.0075 20040616
    0.0055 20040617
    0.0032 20040618
    0.0023 20040619
    0.0036 20040620
    0.0032 20040621
    0.0030 20040622
    0.0028 20040623
    0.0026 20040624
    0.0025 20040625
    0.0024 20040626
    0.0023 20040627
    0.0022 20040628
    0.0021 20040629
    0.0020 20040630
    0.0023 20040701
    0.0022 20040702
    0.0021 20040703
    0.0020 20040704
    0.0019 20040705
    0.0019 20040706
    0.0018 20040707
    0.0017 20040708
    0.0017 20040709
    0.0016 20040710
    0.0015 20040711
    0.0015 20040712
    0.0014 20040713
    0.0014 20040714
    0.0013 20040715
    0.0013 20040716
    0.0012 20040717
    0.0012 20040718
    0.0011 20040719
    0.0011 20040720
    0.0010 20040721
    0.0010 20040722
    0.0010 20040723
    0.0009 20040724
    0.0009 20040725
    0.0009 20040726
    0.0008 20040727
    0.0008 20040728
    0.0008 20040729
    0.0008 20040730
    0.0007 20040731
    0.0008 20040801
    0.0007 20040802
    0.0007 20040803
    0.0007 20040804
    0.0007 20040805
    0.0006 20040806
    0.0006 20040807
    0.0006 20040808
    0.0006 20040809
    0.0006 20040810
    0.0005 20040811
    0.0005 20040812
    0.0005 20040813
    0.0005 20040814
    0.0005 20040815
    0.0005 20040816
    0.0004 20040817
    0.0004 20040818
    0.0004 20040819
    0.0004 20040820
    0.0004 20040821
    0.0004 20040822
    0.0004 20040823
    0.0004 20040824
    0.0003 20040825
    0.0003 20040826
    0.0003 20040827
    0.0003 20040828
    0.0003 20040829
    0.0003 20040830
    0.0003 20040831
    0.0003 20040901
    0.0003 20040902
    0.0003 20040903
    0.0003 20040904
    0.0003 20040905
    0.0003 20040906
    0.0002 20040907
    0.0002 20040908
    0.0002 20040909
    0.0002 20040910
    0.0002 20040911
    0.0002 20040912
    0.0002 20040913
    0.0002 20040914
    0.0002 20040915
    0.0002 20040916
    0.0002 20040917
    0.0002 20040918
    0.0002 20040919
    0.0002 20040920
    0.0002 20040921
    0.0002 20040922
    0.0002 20040923
    0.0002 20040924
    0.0002 20040925
    0.0001 20040926
    0.0001 20040927
    0.0001 20040928
    0.0001 20040929
    0.0001 20040930
    0.0001 20041001
    0.0001 20041002
    0.0001 20041003
    0.0001 20041004
    0.0001 20041005
    0.0001 20041006
    0.0001 20041007
    0.0001 20041008
    0.0001 20041009
    0.0001 20041010
    0.0001 20041011
    0.0001 20041012
    0.0001 20041013
    0.0001 20041014
    0.0001 20041015
    0.0001 20041016
    0.0001 20041017
    0.0001 20041018
    0.0001 20041019
    0.0001 20041020
    0.0001 20041021
    0.0001 20041022
    0.0001 20041023
    0.0001 20041024
    0.0019 20041025
    0.0001 20041026
    0.0001 20041027
    0.0001 20041028
    0.0001 20041029
    0.0001 20041030
    0.0001 20041031
    0.0001 20041101
    0.0001 20041102
    0.0001 20041103
    0.0028 20041104
    0.0001 20041105
    0.0239 20041106
    0.0015 20041107
    0.0002 20041108
    0.0002 20041109
    0.0002 20041110
    0.0002 20041111
    0.0030 20041112
    0.0002 20041113
    0.0001 20041114
    0.0001 20041115
    0.0001 20041116
    0.0001 20041117
    0.0001 20041118
    0.0001 20041119
    0.0001 20041120
    0.0001 20041121
    0.0001 20041122
    0.0001 20041123
    0.0001 20041124
    0.0001 20041125
    0.0001 20041126
    0.0001 20041127
    0.0001 20041128
    0.0001 20041129
    0.0019 20041130
    0.0010 20041201
    0.0002 20041202
    0.0611 20041203
    0.3644 20041204
    0.6197 20041205
    0.1290 20041206
    0.0795 20041207
    0.0554 20041208
    0.0337 20041209
    0.0239 20041210
    0.0253 20041211
    0.0089 20041212
    0.0082 20041213
    0.0061 20041214
    0.0051 20041215
    0.0046 20041216
    0.0043 20041217
    0.0040 20041218
    0.0038 20041219
    0.0037 20041220
    0.0856 20041221
    0.2367 20041222
    0.0528 20041223
    0.0340 20041224
    0.0234 20041225
    0.0156 20041226
    0.0105 20041227
    0.0094 20041228
    0.0067 20041229
    0.0055 20041230
    0.0049 20041231
    0.0048 20050101
    0.0046 20050102
    0.0102 20050103
    0.0041 20050104
    0.0039 20050105
    0.0037 20050106
    0.0035 20050107
    0.0034 20050108
    0.0032 20050109
    0.0062 20050110
    0.0059 20050111
    0.0056 20050112
    0.0053 20050113
    0.0050 20050114
    0.0048 20050115
    0.0046 20050116
    0.0043 20050117
    0.0041 20050118
    0.0039 20050119
    0.0038 20050120
    0.0036 20050121
    0.0034 20050122
    0.0033 20050123
    0.0031 20050124
    0.0030 20050125
    0.0029 20050126
    0.0028 20050127
    0.0026 20050128
    0.0025 20050129
    0.0105 20050130
    0.0024 20050131
    0.0024 20050201
    0.0023 20050202
    0.0022 20050203
    0.0021 20050204
    0.0341 20050205
    0.0037 20050206
    0.0020 20050207
    0.0019 20050208
    0.0812 20050209
    0.1767 20050210
    0.0435 20050211
    0.0285 20050212
    0.0187 20050213
    0.0137 20050214
    0.0101 20050215
    0.0059 20050216
    0.0041 20050217
    0.0033 20050218
    0.0058 20050219
    0.0053 20050220
    0.0050 20050221
    0.0047 20050222
    0.0045 20050223
    0.0043 20050224
    0.0233 20050225
    0.0042 20050226
    0.0198 20050227
    0.0545 20050228
    0.0396 20050301
    0.0037 20050302
    0.0027 20050303
    0.0353 20050304
    0.0035 20050305
    0.0026 20050306
    0.0025 20050307
    0.0024 20050308
    0.0023 20050309
    0.0043 20050310
    0.0041 20050311
    0.0039 20050312
    0.0037 20050313
    0.0035 20050314
    0.0174 20050315
    0.0035 20050316
    0.0029 20050317
    0.0028 20050318
    0.0027 20050319
    0.0025 20050320
    0.0024 20050321
    0.0023 20050322
    0.0022 20050323
    0.0021 20050324
    0.0020 20050325
    0.0019 20050326
    0.0019 20050327
    0.0018 20050328
    0.0017 20050329
    0.0016 20050330
    0.0016 20050331
    0.0015 20050401
    0.0051 20050402
    0.0014 20050403
    0.0013 20050404
    0.0013 20050405
    0.0012 20050406
    0.0012 20050407
    0.0106 20050408
    0.0135 20050409
    0.0013 20050410
    0.0009 20050411
    0.0009 20050412
    0.0009 20050413
    0.0008 20050414
    0.0008 20050415
    0.0008 20050416
    0.0008 20050417
    0.0007 20050418
    0.0007 20050419
    0.0007 20050420
    0.0007 20050421
    0.0006 20050422
    0.0006 20050423
    0.0006 20050424
    0.0006 20050425
    0.0005 20050426
    0.0005 20050427
    0.0005 20050428
    0.0005 20050429
    0.0005 20050430
    0.0005 20050501
    0.0005 20050502
    0.0005 20050503
    0.0005 20050504
    0.0005 20050505
    0.0004 20050506
    0.0004 20050507
    0.0004 20050508
    0.0004 20050509
    0.0004 20050510
    0.0004 20050511
    0.0004 20050512
    0.0003 20050513
    0.0003 20050514
    0.0003 20050515
    0.0003 20050516
    0.0003 20050517
    0.0003 20050518
    0.0003 20050519
    0.0003 20050520
    0.0003 20050521
    0.0003 20050522
    0.0003 20050523
    0.0002 20050524
    0.0002 20050525
    0.0002 20050526
    0.0002 20050527
    0.0002 20050528
    0.0002 20050529
    0.0002 20050530
    0.0055 20050531
    0.0003 20050601
    0.0002 20050602
    0.0002 20050603
    0.0002 20050604
    0.0002 20050605
    0.0002 20050606
    0.0002 20050607
    0.0002 20050608
    0.0002 20050609
    0.0002 20050610
    0.0002 20050611
    0.0002 20050612
    0.0002 20050613
    0.0002 20050614
    0.0001 20050615
    0.0001 20050616
    0.0001 20050617
    0.0001 20050618
    0.0001 20050619
    0.0001 20050620
    0.0001 20050621
    0.0001 20050622
    0.0001 20050623
    0.0001 20050624
    0.0001 20050625
    0.0001 20050626
    0.0001 20050627
    0.0001 20050628
    0.0001 20050629
    0.0001 20050630
    0.0002 20050701
    0.0002 20050702
    0.0002 20050703
    0.0002 20050704
    0.0002 20050705
    0.0002 20050706
    0.0002 20050707
    0.0002 20050708
    0.0002 20050709
    0.0001 20050710
    0.0001 20050711
    0.0001 20050712
    0.0001 20050713
    0.0001 20050714
    0.0001 20050715
    0.0001 20050716
    0.0001 20050717
    0.0001 20050718
    0.0001 20050719
    0.0001 20050720
    0.0001 20050721
    0.0001 20050722
    0.0001 20050723
    0.0001 20050724
    0.0001 20050725
    0.0001 20050726
    0.0001 20050727
    0.0001 20050728
    0.0001 20050729
    0.0001 20050730
    0.0001 20050731
    0.0001 20050801
    1.7410 20050802
    0.2792 20050803
    0.1765 20050804
    0.1164 20050805
    0.0762 20050806
    0.0538 20050807
    0.0362 20050808
    0.0238 20050809
    0.0221 20050810
    0.0098 20050811
    0.0092 20050812
    0.0071 20050813
    0.0062 20050814
    0.0058 20050815
    0.0054 20050816
    0.0052 20050817
    0.0049 20050818
    0.0047 20050819
    0.0045 20050820
    0.0043 20050821
    0.0041 20050822
    0.0039 20050823
    0.0038 20050824
    0.0036 20050825
    0.0034 20050826
    0.0033 20050827
    0.0032 20050828
    0.0060 20050829
    0.0057 20050830
    0.0055 20050831
    0.0052 20050901
    0.0050 20050902
    0.0047 20050903
    0.0045 20050904
    0.0043 20050905
    0.0041 20050906
    0.0357 20050907
    0.0049 20050908
    0.0034 20050909
    0.0033 20050910
    0.0031 20050911
    0.0030 20050912
    0.4673 20050913
    0.0920 20050914
    0.0603 20050915
    0.0398 20050916
    0.0993 20050917
    0.0834 20050918
    0.0143 20050919
    0.0095 20050920
    0.0061 20050921
    0.0046 20050922
    0.0040 20050923
    0.0036 20050924
    0.0034 20050925
    0.0064 20050926
    0.0061 20050927
    0.0058 20050928
    0.0055 20050929
    0.0052 20050930
    0.0050 20051001
    0.0047 20051002
    0.0045 20051003
    0.0043 20051004
    0.0041 20051005
    0.0039 20051006
    0.0038 20051007
    0.0036 20051008
    0.0034 20051009
    0.0033 20051010
    0.0032 20051011
    0.0073 20051012
    0.0029 20051013
    0.0027 20051014
    0.0026 20051015
    0.0025 20051016
    0.0024 20051017
    0.0023 20051018
    0.0022 20051019
    0.0021 20051020
    0.0021 20051021
    0.0020 20051022
    0.0019 20051023
    0.0018 20051024
    0.0018 20051025
    0.0017 20051026
    0.0016 20051027
    0.0016 20051028
    0.0015 20051029
    0.0015 20051030
    0.0014 20051031
    0.0015 20051101
    0.0015 20051102
    0.0014 20051103
    0.0014 20051104
    0.0013 20051105
    0.0013 20051106
    0.0012 20051107
    0.0012 20051108
    0.0012 20051109
    0.0011 20051110
    0.0223 20051111
    0.1071 20051112
    0.0217 20051113
    0.0210 20051114
    0.0368 20051115
    0.0070 20051116
    0.0035 20051117
    0.0046 20051118
    0.0036 20051119
    0.0031 20051120
    0.0028 20051121
    0.0532 20051122
    0.0038 20051123
    0.0032 20051124
    0.0031 20051125
    0.0029 20051126
    0.0028 20051127
    0.0027 20051128
    0.0026 20051129
    0.0025 20051130
    0.0027 20051201
    0.0026 20051202
    0.0025 20051203
    0.0024 20051204
    0.0023 20051205
    0.0022 20051206
    0.0021 20051207
    0.0020 20051208
    0.0020 20051209
    0.0019 20051210
    0.0018 20051211
    0.0017 20051212
    0.0017 20051213
    0.0016 20051214
    0.0015 20051215
    0.0015 20051216
    0.0014 20051217
    0.0228 20051218
    0.0125 20051219
    0.0014 20051220
    0.0125 20051221
    0.0014 20051222
    0.0012 20051223
    0.0011 20051224
    0.0011 20051225
    0.0010 20051226
    0.0010 20051227
    0.0122 20051228
    0.0012 20051229
    0.0009 20051230
    0.0009 20051231
    0.0014 20060101
    0.0014 20060102
    0.0013 20060103
    0.0013 20060104
    0.0012 20060105
    0.0187 20060106
    0.0092 20060107
    0.0064 20060108
    0.0013 20060109
    0.0249 20060110
    0.0016 20060111
    0.0018 20060112
    0.0017 20060113
    0.0016 20060114
    0.0015 20060115
    0.0015 20060116
    0.0014 20060117
    0.0014 20060118
    0.0013 20060119
    0.0013 20060120
    0.0012 20060121
    0.0012 20060122
    0.0138 20060123
    0.0015 20060124
    0.0011 20060125
    0.0010 20060126
    0.0440 20060127
    0.0991 20060128
    0.0213 20060129
    0.0130 20060130
    0.0098 20060131
    0.0056 20060201
    0.0054 20060202
    0.0242 20060203
    0.0301 20060204
    0.0042 20060205
    0.0034 20060206
    0.0032 20060207
    0.0031 20060208
    0.0029 20060209
    0.0028 20060210
    0.0027 20060211
    0.0152 20060212
    0.0025 20060213
    0.0023 20060214
    0.0022 20060215
    0.0021 20060216
    0.0020 20060217
    0.0019 20060218
    0.0018 20060219
    0.0035 20060220
    0.0033 20060221
    0.0032 20060222
    0.0030 20060223
    0.0029 20060224
    0.0027 20060225
    0.0063 20060226
    0.0025 20060227
    0.0023 20060228
    0.0024 20060301
    0.0023 20060302
    0.0022 20060303
    0.0021 20060304
    0.0020 20060305
    0.0019 20060306
    0.0018 20060307
    0.0018 20060308
    0.0017 20060309
    0.0016 20060310
    0.0016 20060311
    0.0015 20060312
    0.0014 20060313
    0.0014 20060314
    0.0013 20060315
    0.0013 20060316
    0.0012 20060317
    0.0012 20060318
    0.0011 20060319
    0.0011 20060320
    0.0010 20060321
    0.0010 20060322
    0.0010 20060323
    0.0009 20060324
    0.0009 20060325
    0.0009 20060326
    0.0008 20060327
    0.0008 20060328
    0.0008 20060329
    0.0007 20060330
    0.0007 20060331
    0.0007 20060401
    0.0007 20060402
    0.0007 20060403
    0.0006 20060404
    0.0006 20060405
    0.0006 20060406
    0.0006 20060407
    0.0006 20060408
    0.0005 20060409
    0.0005 20060410
    0.0005 20060411
    0.0005 20060412
    0.0005 20060413
    0.0005 20060414
    0.0004 20060415
    0.0004 20060416
    0.1313 20060417
    0.0319 20060418
    0.0207 20060419
    0.0133 20060420
    0.0091 20060421
    0.0342 20060422
    0.0036 20060423
    0.0033 20060424
    0.0023 20060425
    0.0018 20060426
    0.0016 20060427
    0.0173 20060428
    0.0017 20060429
    0.0013 20060430
    0.0016 20060501
    0.0154 20060502
    0.0261 20060503
    0.0290 20060504
    0.0032 20060505
    0.0018 20060506
    0.0017 20060507
    0.0017 20060508
    0.0016 20060509
    0.0015 20060510
    0.0015 20060511
    0.0014 20060512
    0.0015 20060513
    0.0013 20060514
    0.0013 20060515
    0.0012 20060516
    0.0012 20060517
    0.0011 20060518
    0.0011 20060519
    0.0010 20060520
    0.0010 20060521
    0.0010 20060522
    0.0009 20060523
    0.0009 20060524
    0.0009 20060525
    0.0008 20060526
    0.0008 20060527
    0.0008 20060528
    0.0008 20060529
    0.0007 20060530
    0.0278 20060531
    0.0025 20060601
    0.0009 20060602
    0.0009 20060603
    0.0009 20060604
    0.0008 20060605
    0.0008 20060606
    0.0008 20060607
    0.0008 20060608
    0.0007 20060609
    0.0007 20060610
    0.0007 20060611
    0.0007 20060612
    0.0006 20060613
    0.0006 20060614
    0.0006 20060615
    0.0006 20060616
    0.0006 20060617
    0.0005 20060618
    0.0005 20060619
    0.0005 20060620
    0.0005 20060621
    0.0005 20060622
    0.0005 20060623
    0.0004 20060624
    0.0004 20060625
    0.0004 20060626
    0.0004 20060627
    0.0004 20060628
    0.0004 20060629
    0.0004 20060630
    0.0006 20060701
    0.0006 20060702
    0.0006 20060703
    0.0006 20060704
    0.0006 20060705
    0.0005 20060706
    0.0005 20060707
    0.0005 20060708
    0.0005 20060709
    0.0005 20060710
    0.0005 20060711
    0.0004 20060712
    0.0004 20060713
    0.0004 20060714
    0.0004 20060715
    0.0004 20060716
    0.0004 20060717
    0.0004 20060718
    0.0004 20060719
    0.0003 20060720
    0.0003 20060721
    0.0003 20060722
    0.0003 20060723
    0.0003 20060724
    0.0003 20060725
    0.0003 20060726
    0.0003 20060727
    0.0003 20060728
    0.0003 20060729
    0.0003 20060730
    0.0002 20060731
    0.0003 20060801
    0.0003 20060802
    0.0003 20060803
    0.0003 20060804
    0.0002 20060805
    0.0002 20060806
    0.0002 20060807
    0.0020 20060808
    0.0002 20060809
    0.0002 20060810
    0.0002 20060811
    0.0002 20060812
    0.0002 20060813
    0.0002 20060814
    0.0002 20060815
    0.0002 20060816
    0.0002 20060817
    0.0002 20060818
    0.0002 20060819
    0.0001 20060820
    0.0001 20060821
    0.0001 20060822
    0.0001 20060823
    0.0001 20060824
    0.0001 20060825
    0.0001 20060826
    0.0001 20060827
    0.0001 20060828
    0.0001 20060829
    0.0001 20060830
    0.0001 20060831
    0.0001 20060901
    0.0001 20060902
    0.0001 20060903
    0.0001 20060904
    0.0001 20060905
    0.0001 20060906
    0.0001 20060907
    0.0001 20060908
    0.0001 20060909
    0.0001 20060910
    0.0001 20060911
    0.0147 20060912
    0.0005 20060913
    0.0160 20060914
    0.0006 20060915
    0.0001 20060916
    0.0001 20060917
    0.0001 20060918
    0.0001 20060919
    0.0001 20060920
    0.0001 20060921
    0.0001 20060922
    0.0001 20060923
    0.0001 20060924
    0.0001 20060925
    0.0001 20060926
    0.0001 20060927
    0.0001 20060928
    0.0001 20060929
    0.0001 20060930
    0.0001 20061001
    0.0001 20061002
    0.0001 20061003
    0.0001 20061004
    0.0001 20061005
    0.0001 20061006
    0.0001 20061007
    0.0001 20061008
    0.0001 20061009
    0.0000 20061010
    0.0000 20061011
    0.0000 20061012
    0.0000 20061013
    0.0000 20061014
    0.0000 20061015
    0.0000 20061016
    0.0000 20061017
    0.0000 20061018
    0.0000 20061019
    0.0000 20061020
    0.0000 20061021
    0.0000 20061022
    0.0000 20061023
    0.0000 20061024
    0.0000 20061025
    0.0000 20061026
    0.0000 20061027
    0.0000 20061028
    0.0000 20061029
    0.0000 20061030
    0.0000 20061031
    0.0000 20061101
    0.0022 20061102
    0.1159 20061103
    0.0268 20061104
    0.0174 20061105
    0.0123 20061106
    0.0539 20061107
    0.0052 20061108
    0.0045 20061109
    0.0018 20061110
    0.0008 20061111
    0.0003 20061112
    0.0002 20061113
    0.0001 20061114
    0.0001 20061115
    0.0000 20061116
    0.0000 20061117
    0.0000 20061118
    0.0000 20061119
    0.0000 20061120
    0.0000 20061121
    0.0000 20061122
    0.0000 20061123
    0.0000 20061124
    0.0000 20061125
    0.0000 20061126
    0.0000 20061127
    0.0000 20061128
    0.0000 20061129
    0.0905 20061130
    0.2957 20061201
    0.0628 20061202
    0.0394 20061203
    0.0250 20061204
    0.0158 20061205
    0.0106 20061206
    0.0064 20061207
    0.0053 20061208
    0.0022 20061209
    0.0010 20061210
    0.0005 20061211
    0.0003 20061212
    0.0005 20061213
    0.0002 20061214
    0.0001 20061215
    0.0001 20061216
    0.0001 20061217
    0.0001 20061218
    0.0001 20061219
    0.0001 20061220
    0.0001 20061221
    0.0074 20061222
    0.0073 20061223
    0.0001 20061224
    0.0001 20061225
    0.0001 20061226
    0.0001 20061227
    0.0001 20061228
    0.0001 20061229
    0.0001 20061230
    0.0001 20061231
    0.0001 20070101
    0.0001 20070102
    0.0001 20070103
    0.0001 20070104
    0.0001 20070105
    0.0001 20070106
    0.0001 20070107
    0.0001 20070108
    0.0001 20070109
    0.0001 20070110
    0.0001 20070111
    0.0001 20070112
    0.0001 20070113
    0.0001 20070114
    0.0001 20070115
    0.0001 20070116
    0.0001 20070117
    0.0001 20070118
    0.0001 20070119
    0.0001 20070120
    0.0001 20070121
    0.0001 20070122
    0.0001 20070123
    0.0001 20070124
    0.0001 20070125
    0.0445 20070126
    0.7882 20070127
    0.1378 20070128
    0.0887 20070129
    0.0572 20070130
    0.0399 20070131
    0.0280 20070201
    0.0185 20070202
    0.0143 20070203
    0.0089 20070204
    0.0060 20070205
    0.0048 20070206
    0.0042 20070207
    0.0039 20070208
    0.0171 20070209
    0.0035 20070210
    0.0033 20070211
    0.0062 20070212
    0.0059 20070213
    0.0056 20070214
    0.0053 20070215
    0.0051 20070216
    0.0048 20070217
    0.0046 20070218
    0.0044 20070219
    0.0042 20070220
    0.0226 20070221
    0.0041 20070222
    0.0035 20070223
    0.0033 20070224
    0.0032 20070225
    0.0031 20070226
    0.0029 20070227
    0.0028 20070228
    0.0029 20070301
    0.0027 20070302
    0.0026 20070303
    0.0025 20070304
    0.0024 20070305
    0.0023 20070306
    0.0022 20070307
    0.0021 20070308
    0.0020 20070309
    0.0020 20070310
    0.0019 20070311
    0.0018 20070312
    0.0017 20070313
    0.0017 20070314
    0.0016 20070315
    0.0016 20070316
    0.0015 20070317
    0.0014 20070318
    0.0014 20070319
    0.0013 20070320
    0.0013 20070321
    0.0012 20070322
    0.0012 20070323
    0.0012 20070324
    0.0011 20070325
    0.0020 20070326
    0.0593 20070327
    0.0068 20070328
    0.0089 20070329
    0.0012 20070330
    0.0012 20070331
    0.0284 20070401
    0.0102 20070402
    0.0014 20070403
    0.0012 20070404
    0.0012 20070405
    0.0011 20070406
    0.0011 20070407
    0.0083 20070408
    0.0381 20070409
    0.0038 20070410
    0.0012 20070411
    0.0179 20070412
    0.0079 20070413
    0.0012 20070414
    0.0011 20070415
    0.0010 20070416
    0.0010 20070417
    0.0009 20070418
    0.0009 20070419
    0.0009 20070420
    0.0008 20070421
    0.0008 20070422
    0.0008 20070423
    0.0008 20070424
    0.0007 20070425
    0.0007 20070426
    0.0192 20070427
    0.0012 20070428
    0.0006 20070429
    0.0006 20070430
    0.0007 20070501
    0.0007 20070502
    0.0165 20070503
    0.0010 20070504
    0.0006 20070505
    0.0006 20070506
    0.0006 20070507
    0.0005 20070508
    0.0005 20070509
    0.0005 20070510
    0.0005 20070511
    0.0005 20070512
    0.0005 20070513
    0.0004 20070514
    0.0004 20070515
    0.0004 20070516
    0.0004 20070517
    0.0004 20070518
    0.0004 20070519
    0.0004 20070520
    0.0004 20070521
    0.0151 20070522
    0.0007 20070523
    0.0003 20070524
    0.0003 20070525
    0.0003 20070526
    0.0003 20070527
    0.0003 20070528
    0.0003 20070529
    0.0003 20070530
    0.0003 20070531
    0.0003 20070601
    0.0003 20070602
    0.0003 20070603
    0.0003 20070604
    0.0003 20070605
    0.0003 20070606
    0.0002 20070607
    0.0002 20070608
    0.0002 20070609
    0.0002 20070610
    0.0002 20070611
    0.0002 20070612
    0.0002 20070613
    0.0002 20070614
    0.0002 20070615
    0.0002 20070616
    0.0002 20070617
    0.0002 20070618
    0.0002 20070619
    0.0002 20070620
    0.0002 20070621
    0.0002 20070622
    0.0002 20070623
    0.0002 20070624
    0.0001 20070625
    0.0001 20070626
    0.0001 20070627
    0.0001 20070628
    0.0001 20070629
    0.0001 20070630
    0.0003 20070701
    0.0003 20070702
    0.0002 20070703
    0.0002 20070704
    0.0002 20070705
    0.0002 20070706
    0.0002 20070707
    0.0002 20070708
    0.0002 20070709
    0.0002 20070710
    0.0002 20070711
    0.0002 20070712
    0.0002 20070713
    0.0002 20070714
    0.0002 20070715
    0.0002 20070716
    0.0002 20070717
    0.0002 20070718
    0.0002 20070719
    0.0001 20070720
    0.0001 20070721
    0.0001 20070722
    0.0001 20070723
    0.0001 20070724
    0.0001 20070725
    0.0001 20070726
    0.0001 20070727
    0.0001 20070728
    0.0001 20070729
    0.0001 20070730
    0.0001 20070731
    0.0001 20070801
    0.0001 20070802
    0.0001 20070803
    0.0001 20070804
    0.0001 20070805
    0.0001 20070806
    0.0001 20070807
    0.0001 20070808
    0.0001 20070809
    0.0001 20070810
    0.0001 20070811
    0.0001 20070812
    0.0001 20070813
    0.0001 20070814
    0.0001 20070815
    0.0001 20070816
    0.0001 20070817
    0.0001 20070818
    0.0001 20070819
    0.0001 20070820
    0.0001 20070821
    0.0183 20070822
    0.0008 20070823
    0.0001 20070824
    0.0028 20070825
    0.0001 20070826
    0.0001 20070827
    0.0001 20070828
    0.0001 20070829
    0.0001 20070830
    0.0000 20070831
    0.0186 20070901
    0.0009 20070902
    0.0001 20070903
    0.0001 20070904
    0.0001 20070905
    0.0001 20070906
    0.0001 20070907
    0.0001 20070908
    0.0001 20070909
    0.0028 20070910
    0.0168 20070911
    0.0006 20070912
    0.0001 20070913
    0.0001 20070914
    0.0001 20070915
    0.0001 20070916
    0.0001 20070917
    0.0001 20070918
    0.0001 20070919
    0.0001 20070920
    0.0528 20070921
    0.0134 20070922
    0.0026 20070923
    0.0011 20070924
    0.0006 20070925
    0.0003 20070926
    0.0002 20070927
    0.0002 20070928
    0.0002 20070929
    0.0002 20070930
    0.0002 20071001
    0.0565 20071002
    0.0032 20071003
    0.0410 20071004
    0.0032 20071005
    0.0006 20071006
    0.0006 20071007
    0.0006 20071008
    0.0006 20071009
    0.0006 20071010
    0.0260 20071011
    0.0201 20071012
    0.0010 20071013
    0.0005 20071014
    0.0005 20071015
    0.0554 20071016
    0.0031 20071017
    0.0833 20071018
    0.1099 20071019
    0.0179 20071020
    0.0372 20071021
    0.0089 20071022
    0.0042 20071023
    0.0047 20071024
    0.0036 20071025
    0.0046 20071026
    0.0312 20071027
    0.0068 20071028
    0.0048 20071029
    0.0023 20071030
    0.0022 20071031
    0.0025 20071101
    0.0024 20071102
    0.0023 20071103
    0.0022 20071104
    0.0021 20071105
    0.0020 20071106
    0.0020 20071107
    0.0019 20071108
    0.0018 20071109
    0.0017 20071110
    0.0017 20071111
    0.0016 20071112
    0.0015 20071113
    0.0015 20071114
    0.0014 20071115
    0.0014 20071116
    0.0013 20071117
    0.0013 20071118
    0.0012 20071119
    0.0012 20071120
    0.0011 20071121
    0.1067 20071122
    0.0212 20071123
    0.0614 20071124
    0.0325 20071125
    0.0061 20071126
    0.0098 20071127
    0.0040 20071128
    0.0030 20071129
    0.0026 20071130
    0.0030 20071201
    0.0028 20071202
    0.0027 20071203
    0.0025 20071204
    0.0024 20071205
    0.0023 20071206
    0.0022 20071207
    0.0022 20071208
    0.0021 20071209
    0.0020 20071210
    0.0019 20071211
    0.0018 20071212
    0.0018 20071213
    0.0017 20071214
    0.0016 20071215
    0.0334 20071216
    0.0030 20071217
    0.0015 20071218
    0.0014 20071219
    0.0014 20071220
    0.0013 20071221
    0.0013 20071222
    0.0012 20071223
    0.0012 20071224
    0.0011 20071225
    0.0011 20071226
    0.0517 20071227
    0.0030 20071228
    0.0016 20071229
    0.0015 20071230
    0.0015 20071231
    0.0021 20080101
    0.0020 20080102
    0.0483 20080103
    0.0032 20080104
    0.0026 20080105
    0.0025 20080106
    0.0024 20080107
    0.0023 20080108
    0.0022 20080109
    0.0021 20080110
    0.0020 20080111
    0.0019 20080112
    0.0019 20080113
    0.0018 20080114
    0.0017 20080115
    0.0017 20080116
    0.0016 20080117
    0.0015 20080118
    0.0015 20080119
    0.0014 20080120
    0.0014 20080121
    0.0013 20080122
    0.0013 20080123
    0.0012 20080124
    0.0012 20080125
    0.0011 20080126
    0.0011 20080127
    0.0010 20080128
    0.0010 20080129
    0.0010 20080130
    0.0009 20080131
    0.0011 20080201
    0.0010 20080202
    0.0010 20080203
    0.0010 20080204
    0.0009 20080205
    0.0009 20080206
    0.0009 20080207
    0.0008 20080208
    0.0008 20080209
    0.0008 20080210
    0.0008 20080211
    0.0007 20080212
    0.0007 20080213
    0.0007 20080214
    0.0278 20080215
    0.0020 20080216
    0.0006 20080217
    0.0006 20080218
    0.0006 20080219
    0.0006 20080220
    0.0006 20080221
    0.0005 20080222
    0.0005 20080223
    0.0433 20080224
    0.0022 20080225
    0.0007 20080226
    0.0007 20080227
    0.0006 20080228
    0.0006 20080229
    0.0008 20080301
    0.0007 20080302
    0.0007 20080303
    0.0007 20080304
    0.0007 20080305
    0.0006 20080306
    0.0006 20080307
    0.0006 20080308
    0.0006 20080309
    0.0006 20080310
    0.0005 20080311
    0.0005 20080312
    0.0005 20080313
    0.0005 20080314
    0.0005 20080315
    0.0005 20080316
    0.0005 20080317
    0.0004 20080318
    0.0004 20080319
    0.0323 20080320
    0.0022 20080321
    0.0004 20080322
    0.0004 20080323
    0.0004 20080324
    0.0004 20080325
    0.0003 20080326
    0.0003 20080327
    0.0003 20080328
    0.0003 20080329
    0.0003 20080330
    0.0003 20080331
    0.0003 20080401
    0.0003 20080402
    0.0003 20080403
    0.0003 20080404
    0.0003 20080405
    0.0003 20080406
    0.0003 20080407
    0.0002 20080408
    0.0052 20080409
    0.0003 20080410
    0.0002 20080411
    0.0002 20080412
    0.0002 20080413
    0.0002 20080414
    0.0002 20080415
    0.0002 20080416
    0.0002 20080417
    0.0002 20080418
    0.0002 20080419
    0.0002 20080420
    0.0002 20080421
    0.0002 20080422
    0.0002 20080423
    0.0002 20080424
    0.0001 20080425
    0.0001 20080426
    0.0001 20080427
    0.0001 20080428
    0.0001 20080429
    0.0001 20080430
    0.0002 20080501
    0.0002 20080502
    0.0002 20080503
    0.0002 20080504
    0.0002 20080505
    0.0002 20080506
    0.0002 20080507
    0.2573 20080508
    0.0541 20080509
    0.0621 20080510
    0.0248 20080511
    0.0144 20080512
    0.0098 20080513
    0.0062 20080514
    0.0056 20080515
    0.0029 20080516
    0.0550 20080517
    0.0133 20080518
    0.0011 20080519
    0.0009 20080520
    0.0009 20080521
    0.0008 20080522
    0.0008 20080523
    0.0008 20080524
    0.0047 20080525
    0.0007 20080526
    0.0007 20080527
    0.0007 20080528
    0.0006 20080529
    0.0006 20080530
    0.0558 20080531
    0.0049 20080601
    0.0008 20080602
    0.0007 20080603
    0.0007 20080604
    0.0007 20080605
    0.0007 20080606
    0.0006 20080607
    0.0006 20080608
    0.0006 20080609
    0.0006 20080610
    0.0006 20080611
    0.0005 20080612
    0.0005 20080613
    0.0005 20080614
    0.0005 20080615
    0.0005 20080616
    0.0005 20080617
    0.0004 20080618
    0.0004 20080619
    0.0004 20080620
    0.0004 20080621
    0.0004 20080622
    0.0004 20080623
    0.0004 20080624
    0.0004 20080625
    0.0003 20080626
    0.0003 20080627
    0.0003 20080628
    0.0003 20080629
    0.0003 20080630
    0.0005 20080701
    0.0005 20080702
    0.0004 20080703
    0.0004 20080704
    0.0004 20080705
    0.0004 20080706
    0.0004 20080707
    0.0004 20080708
    0.0004 20080709
    0.0004 20080710
    0.0003 20080711
    0.0003 20080712
    0.0003 20080713
    0.0315 20080714
    0.0015 20080715
    0.0144 20080716
    0.0005 20080717
    0.0003 20080718
    0.0002 20080719
    0.0002 20080720
    0.0002 20080721
    0.0002 20080722
    0.0002 20080723
    0.0002 20080724
    0.0002 20080725
    0.0002 20080726
    0.0002 20080727
    0.0002 20080728
    0.0002 20080729
    0.0002 20080730
    0.0002 20080731
    0.0002 20080801
    0.0002 20080802
    0.0002 20080803
    0.0002 20080804
    0.0002 20080805
    0.0002 20080806
    0.0002 20080807
    0.0002 20080808
    0.0002 20080809
    0.0001 20080810
    0.0001 20080811
    0.0001 20080812
    0.0001 20080813
    0.0001 20080814
    0.0001 20080815
    0.0001 20080816
    0.0001 20080817
    0.0001 20080818
    0.0001 20080819
    0.0001 20080820
    0.0001 20080821
    0.0001 20080822
    0.0001 20080823
    0.0001 20080824
    0.0001 20080825
    0.0001 20080826
    0.0001 20080827
    0.0001 20080828
    0.0001 20080829
    0.0001 20080830
    0.0001 20080831
    0.0001 20080901
    0.0001 20080902
    0.0001 20080903
    0.0001 20080904
    0.0001 20080905
    0.0001 20080906
    0.0001 20080907
    0.0001 20080908
    0.0001 20080909
    0.0001 20080910
    0.0001 20080911
    0.0001 20080912
    0.0001 20080913
    0.0001 20080914
    0.0001 20080915
    0.0001 20080916
    0.0001 20080917
    0.0001 20080918
    0.0000 20080919
    0.0000 20080920
    0.0046 20080921
    0.0001 20080922
    0.0031 20080923
    0.1834 20080924
    0.0911 20080925
    0.0280 20080926
    0.0645 20080927
    0.4830 20080928
    0.0934 20080929
    0.0576 20080930
    0.0390 20081001
    0.0238 20081002
    0.0168 20081003
    0.0095 20081004
    0.0067 20081005
    0.0071 20081006
    0.0045 20081007
    0.0035 20081008
    0.0809 20081009
    0.0047 20081010
    0.0212 20081011
    0.0026 20081012
    0.0022 20081013
    0.0021 20081014
    0.0020 20081015
    0.0020 20081016
    0.0019 20081017
    0.0018 20081018
    0.0017 20081019
    0.0017 20081020
    0.0016 20081021
    0.0577 20081022
    0.3581 20081023
    0.0719 20081024
    0.0451 20081025
    0.0294 20081026
    0.0210 20081027
    0.0647 20081028
    0.0075 20081029
    0.0046 20081030
    0.0052 20081031
    0.0649 20081101
    0.0345 20081102
    0.0042 20081103
    0.0029 20081104
    0.0028 20081105
    0.0026 20081106
    0.0025 20081107
    0.0024 20081108
    0.0023 20081109
    0.0022 20081110
    0.0021 20081111
    0.0020 20081112
    0.0020 20081113
    0.0019 20081114
    0.0018 20081115
    0.0017 20081116
    0.0017 20081117
    0.0016 20081118
    0.0015 20081119
    0.0015 20081120
    0.0014 20081121
    0.0014 20081122
    0.0013 20081123
    0.0013 20081124
    0.0012 20081125
    0.1115 20081126
    0.0237 20081127
    0.0106 20081128
    0.0089 20081129
    0.0355 20081130
    0.0055 20081201
    0.0028 20081202
    0.0021 20081203
    0.0018 20081204
    0.0016 20081205
    0.0015 20081206
    0.0015 20081207
    0.0062 20081208
    0.0014 20081209
    0.0013 20081210
    0.0012 20081211
    0.0012 20081212
    0.0109 20081213
    0.0012 20081214
    0.0010 20081215
    0.0010 20081216
    0.0010 20081217
    0.0009 20081218
    0.0009 20081219
    0.0009 20081220
    0.0008 20081221
    0.0008 20081222
    0.0008 20081223
    0.0008 20081224
    0.0007 20081225
    0.0007 20081226
    0.0007 20081227
    0.0007 20081228
    0.0006 20081229
    0.0006 20081230
    0.0006 20081231
    0.0007 20090101
    0.0007 20090102
    0.0007 20090103
    0.0085 20090104
    0.0007 20090105
    0.0006 20090106
    0.0006 20090107
    0.0019 20090108
    0.0005 20090109
    0.0146 20090110
    0.9458 20090111
    0.1610 20090112
    0.1066 20090113
    0.0711 20090114
    0.0459 20090115
    0.0306 20090116
    0.0220 20090117
    0.0134 20090118
    0.0090 20090119
    0.0087 20090120
    0.0068 20090121
    0.0059 20090122
    0.0055 20090123
    0.0051 20090124
    0.0049 20090125
    0.0046 20090126
    0.0044 20090127
    0.0042 20090128
    0.0040 20090129
    0.0038 20090130
    0.0037 20090131
    0.0323 20090201
    0.0040 20090202
    0.0034 20090203
    0.0032 20090204
    0.0031 20090205
    0.0030 20090206
    0.0028 20090207
    0.0027 20090208
    0.0052 20090209
    0.0049 20090210
    0.0047 20090211
    0.0044 20090212
    0.0042 20090213
    0.0040 20090214
    0.0038 20090215
    0.0037 20090216
    0.0035 20090217
    0.0033 20090218
    0.0032 20090219
    0.0031 20090220
    0.0029 20090221
    0.0028 20090222
    0.0027 20090223
    0.0026 20090224
    0.0025 20090225
    0.0024 20090226
    0.0023 20090227
    0.0067 20090228
    0.0022 20090301
    0.0021 20090302
    0.0053 20090303
    0.0019 20090304
    0.0118 20090305
    0.0018 20090306
    0.0016 20090307
    0.0016 20090308
    0.0015 20090309
    0.0014 20090310
    0.0014 20090311
    0.0013 20090312
    0.0013 20090313
    0.0012 20090314
    0.0012 20090315
    0.0012 20090316
    0.0011 20090317
    0.0011 20090318
    0.0010 20090319
    0.0010 20090320
    0.0010 20090321
    0.0009 20090322
    0.0009 20090323
    0.0009 20090324
    0.0008 20090325
    0.0008 20090326
    0.0008 20090327
    0.0212 20090328
    0.5617 20090329
    0.1434 20090330
    0.1307 20090331
    0.0508 20090401
    0.0349 20090402
    0.0247 20090403
    0.0140 20090404
    0.0089 20090405
    0.0078 20090406
    0.0140 20090407
    0.0046 20090408
    0.0041 20090409
    0.0038 20090410
    0.0036 20090411
    0.0034 20090412
    0.0065 20090413
    0.0062 20090414
    0.0059 20090415
    0.0056 20090416
    0.0053 20090417
    0.0050 20090418
    0.0790 20090419
    0.0186 20090420
    0.0049 20090421
    0.0045 20090422
    0.0043 20090423
    0.0041 20090424
    0.0039 20090425
    0.0037 20090426
    0.0036 20090427
    0.0034 20090428
    0.0032 20090429
    0.0031 20090430
    0.0032 20090501
    0.0031 20090502
    0.0030 20090503
    0.0028 20090504
    0.0027 20090505
    0.0026 20090506
    0.0025 20090507
    0.0024 20090508
    0.0037 20090509
    0.0022 20090510
    0.0021 20090511
    0.0020 20090512
    0.0019 20090513
    0.0019 20090514
    0.0018 20090515
    0.0017 20090516
    0.0017 20090517
    0.0016 20090518
    0.0015 20090519
    0.0015 20090520
    0.0014 20090521
    0.0014 20090522
    0.0013 20090523
    0.0013 20090524
    0.0012 20090525
    0.0012 20090526
    0.0011 20090527
    0.0011 20090528
    0.0011 20090529
    0.0010 20090530
    0.0010 20090531
    0.0011 20090601
    0.0010 20090602
    0.0010 20090603
    0.0010 20090604
    0.0009 20090605
    0.0009 20090606
    0.0009 20090607
    0.0008 20090608
    0.0008 20090609
    0.0008 20090610
    0.0008 20090611
    0.0007 20090612
    0.0007 20090613
    0.0007 20090614
    0.0007 20090615
    0.0006 20090616
    0.0006 20090617
    0.0006 20090618
    0.0006 20090619
    0.0006 20090620
    0.0005 20090621
    0.0005 20090622
    0.0005 20090623
    0.0005 20090624
    0.0005 20090625
    0.0005 20090626
    0.0005 20090627
    0.0004 20090628
    0.0004 20090629
    0.0004 20090630
    0.0007 20090701
    0.0007 20090702
    0.0006 20090703
    0.0006 20090704
    0.0006 20090705
    0.0006 20090706
    0.0006 20090707
    0.0005 20090708
    0.0005 20090709
    0.0005 20090710
    0.0005 20090711
    0.0005 20090712
    0.0005 20090713
    0.0004 20090714
    0.0004 20090715
    0.0004 20090716
    0.0004 20090717
    0.0004 20090718
    0.0004 20090719
    0.0004 20090720
    0.0004 20090721
    0.0003 20090722
    0.0003 20090723
    0.0003 20090724
    0.0003 20090725
    0.0003 20090726
    0.0003 20090727
    0.0003 20090728
    0.0003 20090729
    0.0003 20090730
    0.0003 20090731
    0.0003 20090801
    0.0003 20090802
    0.0003 20090803
    0.0003 20090804
    0.0003 20090805
    0.0003 20090806
    0.0002 20090807
    0.0002 20090808
    0.0002 20090809
    0.0002 20090810
    0.0051 20090811
    0.0002 20090812
    0.0002 20090813
    0.0002 20090814
    0.0002 20090815
    0.0002 20090816
    0.0002 20090817
    0.0002 20090818
    0.0002 20090819
    0.0002 20090820
    0.0002 20090821
    0.0002 20090822
    0.0001 20090823
    0.0001 20090824
    0.0001 20090825
    0.0001 20090826
    0.0001 20090827
    0.0001 20090828
    0.0001 20090829
    0.0001 20090830
    0.0001 20090831
    0.0001 20090901
    0.0001 20090902
    0.0001 20090903
    0.0001 20090904
    0.0001 20090905
    0.0001 20090906
    0.0001 20090907
    0.0001 20090908
    0.0001 20090909
    0.0001 20090910
    0.0001 20090911
    0.0001 20090912
    0.0112 20090913
    0.0094 20090914
    0.0420 20090915
    0.0124 20090916
    0.0004 20090917
    0.0002 20090918
    0.0002 20090919
    0.0002 20090920
    0.0002 20090921
    0.0003 20090922
    0.0405 20090923
    0.0033 20090924
    0.0003 20090925
    0.0003 20090926
    0.6925 20090927
    1.7520 20090928
    0.2822 20090929
    0.1833 20090930
    0.1207 20091001
    0.0784 20091002
    0.0541 20091003
    0.0367 20091004
    0.0269 20091005
    0.0184 20091006
    0.0147 20091007
    0.0111 20091008
    0.0096 20091009
    0.0087 20091010
    0.0081 20091011
    0.0114 20091012
    0.0107 20091013
    0.0100 20091014
    0.0094 20091015
    0.0903 20091016
    0.0091 20091017
    0.0085 20091018
    0.0080 20091019
    0.0076 20091020
    0.0072 20091021
    0.0122 20091022
    0.0064 20091023
    0.0060 20091024
    0.0057 20091025
    0.0054 20091026
    0.0051 20091027
    0.0049 20091028
    0.0047 20091029
    0.0044 20091030
    0.0042 20091031
    0.0042 20091101
    0.0040 20091102
    0.0038 20091103
    0.0036 20091104
    0.0035 20091105
    0.0033 20091106
    0.0032 20091107
    0.0030 20091108
    0.0029 20091109
    0.0028 20091110
    0.0026 20091111
    0.0025 20091112
    0.0024 20091113
    0.0023 20091114
    0.0022 20091115
    0.0043 20091116
    0.0040 20091117
    0.0039 20091118
    0.0037 20091119
    0.0035 20091120
    0.0033 20091121
    0.0032 20091122
    0.0030 20091123
    0.0029 20091124
    0.0028 20091125
    0.0027 20091126
    0.0025 20091127
    0.0024 20091128
    0.0265 20091129
    0.0033 20091130
    0.0024 20091201
    0.0023 20091202
    0.0022 20091203
    0.0021 20091204
    0.0020 20091205
    0.0019 20091206
    0.0018 20091207
    0.0018 20091208
    0.0017 20091209
    0.0016 20091210
    0.0016 20091211
    0.0015 20091212
    0.0340 20091213
    0.2251 20091214
    0.0492 20091215
    0.0309 20091216
    0.0213 20091217
    0.0613 20091218
    0.1424 20091219
    0.0295 20091220
    0.0193 20091221
    0.0136 20091222
    0.0099 20091223
    0.0155 20091224
    0.0481 20091225
    0.0096 20091226
    0.0061 20091227
    0.0057 20091228
    0.0053 20091229
    0.0050 20091230
    0.0048 20091231
    0.0055 20100101
    0.0053 20100102
    0.0050 20100103
    0.0047 20100104
    0.0045 20100105
    0.0043 20100106
    0.1451 20100107
    0.0365 20100108
    0.0243 20100109
    0.0170 20100110
    0.0129 20100111
    0.0214 20100112
    0.0086 20100113
    0.0070 20100114
    0.0063 20100115
    0.0058 20100116
    0.0054 20100117
    0.0051 20100118
    0.0164 20100119
    0.0045 20100120
    0.0042 20100121
    0.0040 20100122
    0.0038 20100123
    0.0037 20100124
    0.0294 20100125
    0.1930 20100126
    0.0472 20100127
    0.0292 20100128
    0.0206 20100129
    0.0145 20100130
    0.0106 20100131
    0.0078 20100201
    0.0091 20100202
    0.0079 20100203
    0.0097 20100204
    0.0066 20100205
    0.0062 20100206
    0.0058 20100207
    0.0055 20100208
    0.0052 20100209
    0.0049 20100210
    0.0047 20100211
    0.0045 20100212
    0.0231 20100213
    0.0042 20100214
    0.0323 20100215
    0.0043 20100216
    0.0083 20100217
    0.0475 20100218
    0.0222 20100219
    0.0047 20100220
    0.0042 20100221
    0.0039 20100222
    0.0053 20100223
    0.0035 20100224
    0.0034 20100225
    0.0032 20100226
    0.0030 20100227
    0.0029 20100228
    0.0029 20100301
    0.0995 20100302
    0.0426 20100303
    0.0147 20100304
    0.0091 20100305
    0.0073 20100306
    0.0052 20100307
    0.0064 20100308
    0.0056 20100309
    0.0052 20100310
    0.0048 20100311
    0.0052 20100312
    0.0043 20100313
    0.0041 20100314
    0.0039 20100315
    0.0037 20100316
    0.0035 20100317
    0.0033 20100318
    0.0032 20100319
    0.0030 20100320
    0.0219 20100321
    0.0030 20100322
    0.0025 20100323
    0.0024 20100324
    0.0023 20100325
    0.0022 20100326
    0.0021 20100327
    0.0020 20100328
    0.0019 20100329
    0.0019 20100330
    0.0018 20100331
    0.0017 20100401
    0.0017 20100402
    0.0032 20100403
    0.0030 20100404
    0.0029 20100405
    0.0027 20100406
    0.0026 20100407
    0.0025 20100408
    0.0024 20100409
    0.0023 20100410
    0.0022 20100411
    0.0021 20100412
    0.0020 20100413
    0.0019 20100414
    0.0018 20100415
    0.0017 20100416
    0.0017 20100417
    0.0016 20100418
    0.0015 20100419
    0.0015 20100420
    0.0014 20100421
    0.0124 20100422
    0.0015 20100423
    0.0012 20100424
    0.0012 20100425
    0.0011 20100426
    0.0011 20100427
    0.0010 20100428
    0.0010 20100429
    0.0010 20100430
    0.0010 20100501
    0.0010 20100502
    0.0144 20100503
    0.0015 20100504
    0.0009 20100505
    0.0009 20100506
    0.0009 20100507
    0.0008 20100508
    0.0008 20100509
    0.0008 20100510
    0.0007 20100511
    0.0007 20100512
    0.0007 20100513
    0.0007 20100514
    0.0006 20100515
    0.0006 20100516
    0.0006 20100517
    0.0006 20100518
    0.0006 20100519
    0.0005 20100520
    0.0005 20100521
    0.0005 20100522
    0.0005 20100523
    0.0005 20100524
    0.0005 20100525
    0.0004 20100526
    0.0004 20100527
    0.0082 20100528
    0.0005 20100529
    0.0004 20100530
    0.0004 20100531
    0.0004 20100601
    0.0004 20100602
    0.0067 20100603
    0.0005 20100604
    0.0004 20100605
    0.0004 20100606
    0.0003 20100607
    0.0003 20100608
    0.0003 20100609
    0.0003 20100610
    0.0003 20100611
    0.0003 20100612
    0.0003 20100613
    0.0640 20100614
    0.1104 20100615
    0.0332 20100616
    0.0140 20100617
    0.0088 20100618
    0.0079 20100619
    0.0040 20100620
    0.0048 20100621
    0.0034 20100622
    0.0028 20100623
    0.0025 20100624
    0.0023 20100625
    0.0022 20100626
    0.0021 20100627
    0.0020 20100628
    0.0019 20100629
    0.0019 20100630
    0.0023 20100701
    0.0022 20100702
    0.0021 20100703
    0.0020 20100704
    0.0019 20100705
    0.0018 20100706
    0.0018 20100707
    0.0017 20100708
    0.0016 20100709
    0.0016 20100710
    0.0015 20100711
    0.0015 20100712
    0.0014 20100713
    0.0014 20100714
    0.0013 20100715
    0.0013 20100716
    0.0012 20100717
    0.0012 20100718
    0.0011 20100719
    0.0011 20100720
    0.0011 20100721
    0.0010 20100722
    0.0010 20100723
    0.0009 20100724
    0.0009 20100725
    0.0009 20100726
    0.0009 20100727
    0.0008 20100728
    0.0008 20100729
    0.0008 20100730
    0.0007 20100731
    0.0008 20100801
    0.0008 20100802
    0.0007 20100803
    0.0007 20100804
    0.0007 20100805
    0.0007 20100806
    0.0006 20100807
    0.0006 20100808
    0.0006 20100809
    0.0006 20100810
    0.0006 20100811
    0.0005 20100812
    0.1426 20100813
    0.0346 20100814
    0.0209 20100815
    0.0134 20100816
    0.0092 20100817
    0.0060 20100818
    0.0261 20100819
    0.0036 20100820
    0.0020 20100821
    0.0016 20100822
    0.0014 20100823
    0.0012 20100824
    0.0012 20100825
    0.0011 20100826
    0.0011 20100827
    0.0010 20100828
    0.0010 20100829
    0.0010 20100830
    0.0009 20100831
    0.0009 20100901
    0.0009 20100902
    0.0009 20100903
    0.0008 20100904
    0.0008 20100905
    0.0008 20100906
    0.0008 20100907
    0.0007 20100908
    0.0007 20100909
    0.0007 20100910
    0.0007 20100911
    0.0006 20100912
    0.0006 20100913
    0.0006 20100914
    0.0006 20100915
    0.0006 20100916
    0.0020 20100917
    0.0005 20100918
    0.0005 20100919
    0.0005 20100920
    0.0005 20100921
    0.0005 20100922
    0.0005 20100923
    0.0004 20100924
    0.0004 20100925
    0.0004 20100926
    0.0004 20100927
    0.0004 20100928
    0.0004 20100929
    0.0004 20100930
    0.0004 20101001
    0.0003 20101002
    0.0003 20101003
    0.0003 20101004
    0.0003 20101005
    0.0003 20101006
    0.0003 20101007
    0.0003 20101008
    0.0287 20101009
    0.0263 20101010
    0.0011 20101011
    0.0224 20101012
    0.0009 20101013
    0.0002 20101014
    0.0002 20101015
    0.0002 20101016
    0.0002 20101017
    0.0002 20101018
    0.0002 20101019
    0.0002 20101020
    0.0002 20101021
    0.0002 20101022
    0.0002 20101023
    0.0002 20101024
    0.0002 20101025
    0.0002 20101026
    0.0002 20101027
    0.0002 20101028
    0.0002 20101029
    0.0002 20101030
    0.0002 20101031
    0.0003 20101101
    0.0003 20101102
    0.0003 20101103
    0.0003 20101104
    0.0002 20101105
    0.0002 20101106
    0.0002 20101107
    0.0002 20101108
    0.0002 20101109
    0.0002 20101110
    0.0002 20101111
    0.0002 20101112
    0.0002 20101113
    0.0002 20101114
    0.0002 20101115
    0.0002 20101116
    0.0028 20101117
    0.0002 20101118
    0.0002 20101119
    0.0002 20101120
    0.0001 20101121
    0.0001 20101122
    0.0001 20101123
    0.0271 20101124
    0.0093 20101125
    0.0002 20101126
    0.0660 20101127
    0.0268 20101128
    0.0296 20101129
    0.0239 20101130
    0.0033 20101201
    0.0022 20101202
    0.0021 20101203
    0.0019 20101204
    0.0018 20101205
    0.0018 20101206
    0.0017 20101207
    0.0016 20101208
    0.0016 20101209
    0.0015 20101210
    0.0014 20101211
    0.0014 20101212
    0.0013 20101213
    0.0013 20101214
    0.0012 20101215
    0.0012 20101216
    0.0011 20101217
    0.0185 20101218
    0.0295 20101219
    0.0029 20101220
    0.0013 20101221
    0.0013 20101222
    0.0012 20101223
    0.0012 20101224
    0.0011 20101225
    0.0011 20101226
    0.0010 20101227
    0.0010 20101228
    0.0010 20101229
    0.0009 20101230
    0.0133 20101231
    0.0016 20110101
    0.0013 20110102
    0.0013 20110103
    0.0012 20110104
    0.0012 20110105
    0.0011 20110106
    0.0011 20110107
    0.0010 20110108
    0.0010 20110109
    0.0010 20110110
    0.0009 20110111
    0.0009 20110112
    0.0009 20110113
    0.0008 20110114
    0.0008 20110115
    0.0008 20110116
    0.0007 20110117
    0.0007 20110118
    0.0007 20110119
    0.0007 20110120
    0.0006 20110121
    0.0006 20110122
    0.0050 20110123
    0.0006 20110124
    0.0005 20110125
    0.0091 20110126
    0.0199 20110127
    0.0015 20110128
    0.0006 20110129
    0.0006 20110130
    0.0006 20110131
    0.0009 20110201
    0.0008 20110202
    0.0008 20110203
    0.0008 20110204
    0.0007 20110205
    0.0007 20110206
    0.0007 20110207
    0.0007 20110208
    0.0006 20110209
    0.0006 20110210
    0.0006 20110211
    0.0006 20110212
    0.0006 20110213
    0.0005 20110214
    0.0005 20110215
    0.0005 20110216
    0.0005 20110217
    0.0005 20110218
    0.0005 20110219
    0.0004 20110220
    0.0004 20110221
    0.0004 20110222
    0.0004 20110223
    0.0004 20110224
    0.0004 20110225
    0.0004 20110226
    0.0003 20110227
    0.0003 20110228
    0.0004 20110301
    0.0004 20110302
    0.0004 20110303
    0.0508 20110304
    0.0039 20110305
    0.0029 20110306
    0.0017 20110307
    0.0012 20110308
    0.0009 20110309
    0.0008 20110310
    0.0382 20110311
    0.0315 20110312
    0.0031 20110313
    0.0014 20110314
    0.0251 20110315
    0.0025 20110316
    0.0014 20110317
    0.0014 20110318
    0.0013 20110319
    0.0013 20110320
    0.0012 20110321
    0.0094 20110322
    0.0278 20110323
    0.0026 20110324
    0.0011 20110325
    0.0011 20110326
    0.0010 20110327
    0.0010 20110328
    0.0010 20110329
    0.0009 20110330
    0.0009 20110331
    0.0009 20110401
    0.0009 20110402
    0.0009 20110403
    0.0008 20110404
    0.0008 20110405
    0.0008 20110406
    0.0007 20110407
    0.0007 20110408
    0.0007 20110409
    0.0007 20110410
    0.0006 20110411
    0.0006 20110412
    0.0006 20110413
    0.0006 20110414
    0.0006 20110415
    0.0005 20110416
    0.0005 20110417
    0.0005 20110418
    0.0005 20110419
    0.0005 20110420
    0.0005 20110421
    0.0056 20110422
    0.0004 20110423
    0.0179 20110424
    0.0113 20110425
    0.0006 20110426
    0.0003 20110427
    0.0003 20110428
    0.0172 20110429
    0.0009 20110430
    0.0005 20110501
    0.1704 20110502
    0.0399 20110503
    0.0253 20110504
    0.0168 20110505
    0.0104 20110506
    0.0089 20110507
    0.0044 20110508
    0.0049 20110509
    0.0033 20110510
    0.0026 20110511
    0.0023 20110512
    0.0021 20110513
    0.0020 20110514
    0.0019 20110515
    0.0018 20110516
    0.0017 20110517
    0.0017 20110518
    0.0016 20110519
    0.0016 20110520
    0.0015 20110521
    0.0014 20110522
    0.0014 20110523
    0.0013 20110524
    0.0013 20110525
    0.0012 20110526
    0.0012 20110527
    0.0012 20110528
    0.0011 20110529
    0.0011 20110530
    0.0010 20110531
    0.0095 20110601
    0.0012 20110602
    0.0011 20110603
    0.0010 20110604
    0.0010 20110605
    0.0009 20110606
    0.0009 20110607
    0.0009 20110608
    0.0009 20110609
    0.0008 20110610
    0.0008 20110611
    0.0008 20110612
    0.0007 20110613
    0.0007 20110614
    0.0007 20110615
    0.0007 20110616
    0.0006 20110617
    0.0006 20110618
    0.0006 20110619
    0.0006 20110620
    0.0006 20110621
    0.0005 20110622
    0.0005 20110623
    0.0005 20110624
    0.0005 20110625
    0.0005 20110626
    0.0005 20110627
    0.0005 20110628
    0.0004 20110629
    0.0004 20110630
    0.0007 20110701
    0.0007 20110702
    0.0007 20110703
    0.0007 20110704
    0.0006 20110705
    0.0006 20110706
    0.0006 20110707
    0.0006 20110708
    0.0006 20110709
    0.0005 20110710
    0.0005 20110711
    0.0005 20110712
    0.0005 20110713
    0.0005 20110714
    0.0005 20110715
    0.0004 20110716
    0.0004 20110717
    0.0004 20110718
    0.0004 20110719
    0.0004 20110720
    0.0004 20110721
    0.0004 20110722
    0.0004 20110723
    0.0003 20110724
    0.0003 20110725
    0.0003 20110726
    0.0003 20110727
    0.0003 20110728
    0.0003 20110729
    0.0003 20110730
    0.0003 20110731
    0.0003 20110801
    0.0003 20110802
    0.0003 20110803
    0.0003 20110804
    0.0003 20110805
    0.0003 20110806
    0.0003 20110807
    0.0003 20110808
    0.0002 20110809
    0.0002 20110810
    0.0002 20110811
    0.0002 20110812
    0.0002 20110813
    0.0002 20110814
    0.0002 20110815
    0.0002 20110816
    0.0002 20110817
    0.0002 20110818
    0.0002 20110819
    0.0002 20110820
    0.0002 20110821
    0.0002 20110822
    0.0002 20110823
    0.0002 20110824
    0.0002 20110825
    0.0001 20110826
    0.0001 20110827
    0.0001 20110828
    0.0001 20110829
    0.0001 20110830
    0.0001 20110831
    0.0001 20110901
    0.0314 20110902
    0.0597 20110903
    0.0041 20110904
    0.0012 20110905
    0.0009 20110906
    0.0008 20110907
    0.0007 20110908
    0.0007 20110909
    0.0007 20110910
    0.0006 20110911
    0.0006 20110912
    0.0006 20110913
    0.0006 20110914
    0.0006 20110915
    0.0005 20110916
    0.0005 20110917
    0.0005 20110918
    0.0005 20110919
    0.0005 20110920
    0.0005 20110921
    0.0004 20110922
    0.0092 20110923
    0.0005 20110924
    0.0004 20110925
    0.0004 20110926
    0.0004 20110927
    0.0004 20110928
    0.0003 20110929
    0.0003 20110930
    0.0003 20111001
    0.0003 20111002
    0.0003 20111003
    0.0003 20111004
    0.0003 20111005
    0.0003 20111006
    0.0003 20111007
    0.0003 20111008
    0.0003 20111009
    0.0002 20111010
    0.0002 20111011
    0.0002 20111012
    0.0002 20111013
    0.0002 20111014
    0.0002 20111015
    0.0002 20111016
    0.0002 20111017
    0.0002 20111018
    0.0002 20111019
    0.0002 20111020
    0.0002 20111021
    0.0002 20111022
    0.0002 20111023
    0.0002 20111024
    0.0002 20111025
    0.0002 20111026
    0.0259 20111027
    0.0011 20111028
    0.0001 20111029
    0.0001 20111030
    0.0001 20111031
    0.0003 20111101
    0.0002 20111102
    0.0089 20111103
    0.0357 20111104
    0.0027 20111105
    0.0005 20111106
    0.0005 20111107
    0.0005 20111108
    0.0004 20111109
    0.0004 20111110
    0.0004 20111111
    0.0004 20111112
    0.0004 20111113
    0.0004 20111114
    0.0004 20111115
    0.0004 20111116
    0.0003 20111117
    0.0588 20111118
    0.0035 20111119
    0.0007 20111120
    0.0130 20111121
    0.0009 20111122
    0.0592 20111123
    0.0037 20111124
    0.0015 20111125
    0.0014 20111126
    0.0013 20111127
    0.0013 20111128
    0.0012 20111129
    0.0012 20111130
    0.0014 20111201
    0.0071 20111202
    0.0088 20111203
    0.0013 20111204
    0.0012 20111205
    0.0012 20111206
    0.0011 20111207
    0.0011 20111208
    0.0011 20111209
    0.0010 20111210
    0.0010 20111211
    0.0010 20111212
    0.0009 20111213
    0.0009 20111214
    0.0009 20111215
    0.0008 20111216
    0.0008 20111217
    0.0008 20111218
    0.0007 20111219
    0.0007 20111220
    0.0007 20111221
    0.0007 20111222
    0.0006 20111223
    0.0006 20111224
    0.0006 20111225
    0.0006 20111226
    0.0120 20111227
    0.0007 20111228
    0.0005 20111229
    0.0005 20111230
    0.0005 20111231
    0.0007 20120101
    0.0007 20120102
    0.0007 20120103
    0.0006 20120104
    0.0006 20120105
    0.0006 20120106
    0.0006 20120107
    0.0006 20120108
    0.0005 20120109
    0.0005 20120110
    0.0005 20120111
    0.0005 20120112
    0.0005 20120113
    0.0005 20120114
    0.0004 20120115
    0.0004 20120116
    0.0194 20120117
    0.0155 20120118
    0.0008 20120119
    0.0004 20120120
    0.0004 20120121
    0.0004 20120122
    0.0004 20120123
    0.0003 20120124
    0.0003 20120125
    0.0003 20120126
    0.0003 20120127
    0.0003 20120128
    0.0003 20120129
    0.0003 20120130
    0.0003 20120131
    0.0005 20120201
    0.0234 20120202
    0.0015 20120203
    0.0006 20120204
    0.0006 20120205
    0.0005 20120206
    0.0005 20120207
    0.0005 20120208
    0.0005 20120209
    0.0005 20120210
    0.0005 20120211
    0.0004 20120212
    0.0004 20120213
    0.0195 20120214
    0.0142 20120215
    0.0008 20120216
    0.0004 20120217
    0.0004 20120218
    0.0004 20120219
    0.0004 20120220
    0.0004 20120221
    0.0003 20120222
    0.0003 20120223
    0.0003 20120224
    0.0003 20120225
    0.0003 20120226
    0.0003 20120227
    0.0003 20120228
    0.0003 20120229
    0.0004 20120301
    0.0003 20120302
    0.0003 20120303
    0.0003 20120304
    0.0003 20120305
    0.0003 20120306
    0.0003 20120307
    0.0003 20120308
    0.0003 20120309
    0.0003 20120310
    0.0003 20120311
    0.0002 20120312
    0.0002 20120313
    0.0002 20120314
    0.0002 20120315
    0.0002 20120316
    0.0002 20120317
    0.0002 20120318
    0.0002 20120319
    0.0953 20120320
    0.0209 20120321
    0.0136 20120322
    0.0092 20120323
    0.0057 20120324
    0.0025 20120325
    0.0025 20120326
    0.0014 20120327
    0.0009 20120328
    0.0008 20120329
    0.0007 20120330
    0.0006 20120331
    0.0006 20120401
    0.0006 20120402
    0.0006 20120403
    0.0006 20120404
    0.0006 20120405
    0.0005 20120406
    0.0005 20120407
    0.0005 20120408
    0.0005 20120409
    0.0005 20120410
    0.0005 20120411
    0.0200 20120412
    0.0008 20120413
    0.0004 20120414
    0.0004 20120415
    0.0004 20120416
    0.0004 20120417
    0.0003 20120418
    0.0003 20120419
    0.0003 20120420
    0.0003 20120421
    0.0003 20120422
    0.0003 20120423
    0.0003 20120424
    0.0003 20120425
    0.0003 20120426
    0.0003 20120427
    0.0003 20120428
    0.0002 20120429
    0.0002 20120430
    0.0004 20120501
    0.0004 20120502
    0.0004 20120503
    0.0004 20120504
    0.0003 20120505
    0.0003 20120506
    0.0003 20120507
    0.0003 20120508
    0.0003 20120509
    0.0003 20120510
    0.0003 20120511
    0.0003 20120512
    0.0003 20120513
    0.0003 20120514
    0.0003 20120515
    0.0002 20120516
    0.0002 20120517
    0.0002 20120518
    0.0002 20120519
    0.0262 20120520
    0.0012 20120521
    0.0002 20120522
    0.0002 20120523
    0.0002 20120524
    0.0002 20120525
    0.0002 20120526
    0.0002 20120527
    0.0002 20120528
    0.0002 20120529
    0.0002 20120530
    0.0001 20120531
    0.0002 20120601
    0.0002 20120602
    0.0002 20120603
    0.0002 20120604
    0.0002 20120605
    0.0002 20120606
    0.0002 20120607
    0.0002 20120608
    0.0002 20120609
    0.0002 20120610
    0.0002 20120611
    0.0002 20120612
    0.0002 20120613
    0.0002 20120614
    0.0002 20120615
    0.0002 20120616
    0.0002 20120617
    0.0041 20120618
    0.0026 20120619
    0.0001 20120620
    0.0001 20120621
    0.0001 20120622
    0.0001 20120623
    0.0001 20120624
    0.0001 20120625
    0.0001 20120626
    0.0001 20120627
    0.0001 20120628
    0.0001 20120629
    0.0001 20120630
    0.0004 20120701
    0.0003 20120702
    0.0003 20120703
    0.0003 20120704
    0.0003 20120705
    0.0003 20120706
    0.0003 20120707
    0.0003 20120708
    0.0003 20120709
    0.0003 20120710
    0.0003 20120711
    0.0003 20120712
    0.0002 20120713
    0.0002 20120714
    0.0002 20120715
    0.0002 20120716
    0.0002 20120717
    0.0002 20120718
    0.0002 20120719
    0.0002 20120720
    0.0002 20120721
    0.0002 20120722
    0.0002 20120723
    0.0002 20120724
    0.0002 20120725
    0.0002 20120726
    0.0002 20120727
    0.0002 20120728
    0.0002 20120729
    0.0001 20120730
    0.0001 20120731
    0.0002 20120801
    0.0002 20120802
    0.0002 20120803
    0.0002 20120804
    0.0002 20120805
    0.0002 20120806
    0.0002 20120807
    0.0001 20120808
    0.0001 20120809
    0.0001 20120810
    0.0001 20120811
    0.0001 20120812
    0.0001 20120813
    0.0001 20120814
    0.0001 20120815
    0.0001 20120816
    0.0001 20120817
    0.0001 20120818
    0.0001 20120819
    0.0001 20120820
    0.0001 20120821
    0.0001 20120822
    0.0001 20120823
    0.0001 20120824
    0.0001 20120825
    0.0001 20120826
    0.0001 20120827
    0.0001 20120828
    0.0001 20120829
    0.0001 20120830
    0.0146 20120831
    0.0004 20120901
    0.0001 20120902
    0.0001 20120903
    0.0001 20120904
    0.0001 20120905
    0.0001 20120906
    0.0001 20120907
    0.0001 20120908
    0.0001 20120909
    0.0001 20120910
    0.0001 20120911
    0.0001 20120912
    0.0001 20120913
    0.0001 20120914
    0.0001 20120915
    0.0001 20120916
    0.0001 20120917
    0.0001 20120918
    0.0001 20120919
    0.0001 20120920
    0.0001 20120921
    0.0001 20120922
    0.0001 20120923
    0.0001 20120924
    0.0001 20120925
    0.0001 20120926
    0.0001 20120927
    2.1300 20120928
    0.3488 20120929
    0.1969 20120930
    0.1320 20121001
    0.0898 20121002
    0.0626 20121003
    0.0396 20121004
    0.0275 20121005
    0.0197 20121006
    0.0116 20121007
    0.0102 20121008
    0.0076 20121009
    0.0065 20121010
    0.0060 20121011
    0.0056 20121012
    0.0054 20121013
    0.0051 20121014
    0.0049 20121015
    0.0047 20121016
    0.0045 20121017
    0.0043 20121018
    0.0544 20121019
    0.1058 20121020
    0.0144 20121021
    0.0105 20121022
    0.0068 20121023
    0.0052 20121024
    0.0099 20121025
    0.0118 20121026
    0.0037 20121027
    0.0035 20121028
    0.0033 20121029
    0.0401 20121030
    0.0162 20121031
    0.0035 20121101
    0.0033 20121102
    0.0031 20121103
    0.0030 20121104
    0.0029 20121105
    0.0256 20121106
    0.0539 20121107
    0.0054 20121108
    0.0032 20121109
    0.0030 20121110
    0.0630 20121111
    0.0600 20121112
    0.0356 20121113
    0.0067 20121114
    0.0056 20121115
    0.0053 20121116
    0.0050 20121117
    0.0048 20121118
    0.0045 20121119
    0.0043 20121120
    0.0041 20121121
    0.0039 20121122
    0.0037 20121123
    0.0035 20121124
    0.0033 20121125
    0.0032 20121126
    0.0232 20121127
    0.0033 20121128
    0.0028 20121129
    0.0027 20121130
    0.0266 20121201
    0.0036 20121202
    0.0029 20121203
    0.0028 20121204
    0.0026 20121205
    0.0025 20121206
    0.0024 20121207
    0.0023 20121208
    0.0022 20121209
    0.0021 20121210
    0.0020 20121211
    0.0019 20121212
    0.0018 20121213
    0.0018 20121214
    0.0017 20121215
    0.0016 20121216
    0.0016 20121217
    0.0030 20121218
    0.0028 20121219
    0.0027 20121220
    0.0026 20121221
    0.0024 20121222
    0.0023 20121223
    0.0022 20121224
    0.0021 20121225
    0.0020 20121226
    0.0019 20121227
    0.0018 20121228
    0.0018 20121229
    0.0017 20121230
    0.0016 20121231
    0.0019 20130101
    0.0018 20130102
    0.0017 20130103
    0.0016 20130104
    0.0016 20130105
    0.0015 20130106
    0.0014 20130107
    0.0014 20130108
    0.0013 20130109
    0.0013 20130110
    0.0012 20130111
    0.0012 20130112
    0.0011 20130113
    0.0011 20130114
    0.0010 20130115
    0.0010 20130116
    0.0010 20130117
    0.0009 20130118
    0.0025 20130119
    0.0009 20130120
    0.0008 20130121
    0.0018 20130122
    0.0008 20130123
    0.0007 20130124
    0.0007 20130125
    0.0007 20130126
    0.0006 20130127
    0.0006 20130128
    0.0006 20130129
    0.0006 20130130
    0.0006 20130131
    0.0007 20130201
    0.0007 20130202
    0.0007 20130203
    0.0006 20130204
    0.0006 20130205
    0.0006 20130206
    0.0006 20130207
    0.0006 20130208
    0.0005 20130209
    0.0005 20130210
    0.0005 20130211
    0.0005 20130212
    0.0005 20130213
    0.0005 20130214
    0.0004 20130215
    0.0004 20130216
    0.0004 20130217
    0.0004 20130218
    0.0004 20130219
    0.0004 20130220
    0.0004 20130221
    0.0003 20130222
    0.0003 20130223
    0.0003 20130224
    0.0003 20130225
    0.0003 20130226
    0.0003 20130227
    0.2554 20130228
    0.0531 20130301
    0.0355 20130302
    0.0219 20130303
    0.0449 20130304
    0.0567 20130305
    0.0078 20130306
    0.0059 20130307
    0.0043 20130308
    0.0036 20130309
    0.0032 20130310
    0.0030 20130311
    0.0063 20130312
    0.0027 20130313
    0.0025 20130314
    0.0024 20130315
    0.0046 20130316
    0.0044 20130317
    0.0042 20130318
    0.0040 20130319
    0.0038 20130320
    0.0036 20130321
    0.0034 20130322
    0.0033 20130323
    0.0031 20130324
    0.0030 20130325
    0.0029 20130326
    0.0027 20130327
    0.0026 20130328
    0.0025 20130329
    0.0024 20130330
    0.0023 20130331
    0.0023 20130401
    0.0022 20130402
    0.0021 20130403
    0.0020 20130404
    0.0267 20130405
    0.0029 20130406
    0.0018 20130407
    0.0017 20130408
    0.0016 20130409
    0.0016 20130410
    0.0015 20130411
    0.0014 20130412
    0.0014 20130413
    0.0013 20130414
    0.0013 20130415
    0.0012 20130416
    0.0012 20130417
    0.0011 20130418
    0.0011 20130419
    0.0011 20130420
    0.0010 20130421
    0.0010 20130422
    0.0010 20130423
    0.0009 20130424
    0.0790 20130425
    0.0304 20130426
    0.0409 20130427
    0.1736 20130428
    0.0404 20130429
    0.0322 20130430
    0.0160 20130501
    0.0109 20130502
    0.0075 20130503
    0.0070 20130504
    0.0051 20130505
    0.0043 20130506
    0.0038 20130507
    0.0036 20130508
    0.0034 20130509
    0.0032 20130510
    0.0031 20130511
    0.0029 20130512
    0.0028 20130513
    0.0054 20130514
    0.0374 20130515
    0.0291 20130516
    0.0026 20130517
    0.0041 20130518
    0.0039 20130519
    0.0037 20130520
    0.0185 20130521
    0.0036 20130522
    0.0031 20130523
    0.0030 20130524
    0.0028 20130525
    0.0027 20130526
    0.0026 20130527
    0.0025 20130528
    0.0024 20130529
    0.0023 20130530
    0.0022 20130531
    0.0023 20130601
    0.0022 20130602
    0.0021 20130603
    0.0020 20130604
    0.0019 20130605
    0.0019 20130606
    0.0018 20130607
    0.0017 20130608
    0.0017 20130609
    0.0016 20130610
    0.0015 20130611
    0.0015 20130612
    0.0014 20130613
    0.0014 20130614
    0.0013 20130615
    0.0013 20130616
    0.0012 20130617
    0.0012 20130618
    0.0011 20130619
    0.0011 20130620
    0.0010 20130621
    0.0010 20130622
    0.0010 20130623
    0.0009 20130624
    0.0009 20130625
    0.0009 20130626
    0.0008 20130627
    0.0008 20130628
    0.0008 20130629
    0.0008 20130630
    0.0012 20130701
    0.0011 20130702
    0.0011 20130703
    0.0010 20130704
    0.0010 20130705
    0.0010 20130706
    0.0009 20130707
    0.0009 20130708
    0.0074 20130709
    0.0009 20130710
    0.0008 20130711
    0.0008 20130712
    0.0007 20130713
    0.0007 20130714
    0.0007 20130715
    0.0007 20130716
    0.0006 20130717
    0.0006 20130718
    0.0006 20130719
    0.0006 20130720
    0.0006 20130721
    0.0005 20130722
    0.0005 20130723
    0.0005 20130724
    0.0005 20130725
    0.0005 20130726
    0.0005 20130727
    0.0004 20130728
    0.0004 20130729
    0.0004 20130730
    0.0004 20130731
    0.0004 20130801
    0.0004 20130802
    0.0004 20130803
    0.0004 20130804
    0.0004 20130805
    0.0004 20130806
    0.0004 20130807
    0.0004 20130808
    0.0003 20130809
    0.0003 20130810
    0.0003 20130811
    0.0003 20130812
    0.0003 20130813
    0.0003 20130814
    0.0003 20130815
    0.0003 20130816
    0.0003 20130817
    0.0003 20130818
    0.0003 20130819
    0.0002 20130820
    0.0002 20130821
    0.0002 20130822
    0.0002 20130823
    0.0002 20130824
    0.0002 20130825
    0.0002 20130826
    0.0814 20130827
    0.0166 20130828
    0.0306 20130829
    0.0061 20130830
    0.0037 20130831
    0.0037 20130901
    0.0021 20130902
    0.0014 20130903
    0.0011 20130904
    0.0010 20130905
    0.0009 20130906
    0.0312 20130907
    0.0023 20130908
    0.0008 20130909
    0.0007 20130910
    0.0007 20130911
    0.0007 20130912
    0.0007 20130913
    0.0007 20130914
    0.0006 20130915
    0.0006 20130916
    0.0006 20130917
    0.0006 20130918
    0.0006 20130919
    0.0005 20130920
    0.0005 20130921
    0.0005 20130922
    0.0005 20130923
    0.0005 20130924
    0.0005 20130925
    0.0004 20130926
    0.0004 20130927
    0.0004 20130928
    0.0004 20130929
    0.0004 20130930
    0.0004 20131001
    0.0004 20131002
    0.0004 20131003
    0.0004 20131004
    0.0003 20131005
    0.0003 20131006
    0.0003 20131007
    0.0003 20131008
    0.0003 20131009
    0.0003 20131010
    0.0003 20131011
    0.0003 20131012
    0.0003 20131013
    0.0003 20131014
    0.0003 20131015
    0.0003 20131016
    0.0002 20131017
    0.0002 20131018
    0.0002 20131019
    0.0002 20131020
    0.0002 20131021
    0.0002 20131022
    0.0002 20131023
    0.0002 20131024
    0.0002 20131025
    0.0002 20131026
    0.0002 20131027
    0.0002 20131028
    0.0294 20131029
    0.0016 20131030
    0.0002 20131031
    0.0004 20131101
    0.0004 20131102
    0.0004 20131103
    0.0004 20131104
    0.0004 20131105
    0.0004 20131106
    0.0004 20131107
    0.0004 20131108
    0.0003 20131109
    0.0003 20131110
    0.0003 20131111
    0.0003 20131112
    0.0003 20131113
    0.0279 20131114
    0.0016 20131115
    0.0003 20131116
    0.0003 20131117
    0.0003 20131118
    0.0003 20131119
    0.0003 20131120
    0.0002 20131121
    0.0002 20131122
    0.0002 20131123
    0.0002 20131124
    0.0002 20131125
    0.0061 20131126
    0.0445 20131127
    0.0632 20131128
    0.0048 20131129
    0.0023 20131130
    0.0442 20131201
    0.0031 20131202
    0.0033 20131203
    0.0031 20131204
    0.0030 20131205
    0.0028 20131206
    0.0027 20131207
    0.0026 20131208
    0.0025 20131209
    0.0024 20131210
    0.0023 20131211
    0.0022 20131212
    0.0021 20131213
    0.0020 20131214
    0.0019 20131215
    0.0019 20131216
    0.0018 20131217
    0.0017 20131218
    0.0549 20131219
    0.0039 20131220
    0.0025 20131221
    0.0024 20131222
    0.0023 20131223
    0.0022 20131224
    0.0351 20131225
    0.0022 20131226
    0.0024 20131227
    0.0023 20131228
    0.0022 20131229
    0.0021 20131230
    0.0020 20131231
    0.0027 20140101
    0.0040 20140102
    0.0025 20140103
    0.0024 20140104
    0.0023 20140105
    0.0022 20140106
    0.0021 20140107
    0.0020 20140108
    0.0019 20140109
    0.0018 20140110
    0.0018 20140111
    0.0017 20140112
    0.0016 20140113
    0.0016 20140114
    0.0015 20140115
    0.0014 20140116
    0.0014 20140117
    0.0052 20140118
    0.0250 20140119
    0.0024 20140120
    0.0013 20140121
    0.0068 20140122
    0.0012 20140123
    0.0011 20140124
    0.0011 20140125
    0.0011 20140126
    0.0010 20140127
    0.0010 20140128
    0.0009 20140129
    0.0009 20140130
    0.0009 20140131
    0.0011 20140201
    0.0011 20140202
    0.0011 20140203
    0.0010 20140204
    0.0010 20140205
    0.0009 20140206
    0.0009 20140207
    0.0009 20140208
    0.0008 20140209
    0.0008 20140210
    0.0008 20140211
    0.0008 20140212
    0.0007 20140213
    0.0007 20140214
    0.0007 20140215
    0.0007 20140216
    0.0006 20140217
    0.0006 20140218
    0.0006 20140219
    0.0006 20140220
    0.0006 20140221
    0.0005 20140222
    0.0005 20140223
    0.0005 20140224
    0.0005 20140225
    0.0005 20140226
    0.0005 20140227
    0.0004 20140228
    0.0005 20140301
    0.0005 20140302
    0.0005 20140303
    0.0005 20140304
    0.0005 20140305
    0.0004 20140306
    0.0004 20140307
    0.0004 20140308
    0.0004 20140309
    0.0004 20140310
    0.0004 20140311
    0.0004 20140312
    0.0004 20140313
    0.0003 20140314
    0.0003 20140315
    0.0003 20140316
    0.0003 20140317
    0.0003 20140318
    0.0003 20140319
    0.0003 20140320
    0.0003 20140321
    0.0003 20140322
    0.0003 20140323
    0.0003 20140324
    0.0002 20140325
    0.0002 20140326
    0.0002 20140327
    0.0002 20140328
    0.0002 20140329
    0.0002 20140330
    0.0002 20140331
    0.0002 20140401
    0.0002 20140402
    0.0210 20140403
    0.0013 20140404
    0.0003 20140405
    0.0003 20140406
    0.0003 20140407
    0.0003 20140408
    0.0002 20140409
    0.0002 20140410
    0.0002 20140411
    0.0002 20140412
    0.0002 20140413
    0.0002 20140414
    0.0002 20140415
    0.0002 20140416
    0.0002 20140417
    0.0002 20140418
    0.0002 20140419
    0.0002 20140420
    0.0002 20140421
    0.0002 20140422
    0.0002 20140423
    0.0002 20140424
    0.0001 20140425
    0.0001 20140426
    0.0001 20140427
    0.0001 20140428
    0.0001 20140429
    0.0001 20140430
    0.0003 20140501
    0.0003 20140502
    0.0003 20140503
    0.0002 20140504
    0.0002 20140505
    0.0002 20140506
    0.0002 20140507
    0.0002 20140508
    0.0002 20140509
    0.0002 20140510
    0.0002 20140511
    0.0002 20140512
    0.0002 20140513
    0.0002 20140514
    0.0002 20140515
    0.0002 20140516
    0.0002 20140517
    0.0027 20140518
    0.0002 20140519
    0.0002 20140520
    0.0002 20140521
    0.0001 20140522
    0.0001 20140523
    0.0001 20140524
    0.0001 20140525
    0.0001 20140526
    0.0001 20140527
    0.0001 20140528
    0.0001 20140529
    0.0001 20140530
    0.0001 20140531
    0.0068 20140601
    0.0003 20140602
    0.0002 20140603
    0.0002 20140604
    0.0002 20140605
    0.0002 20140606
    0.0002 20140607
    0.0002 20140608
    0.0002 20140609
    0.0002 20140610
    0.0002 20140611
    0.0002 20140612
    0.0002 20140613
    0.0002 20140614
    0.0002 20140615
    0.0002 20140616
    0.0002 20140617
    0.0002 20140618
    0.0001 20140619
    0.0001 20140620
    0.0001 20140621
    0.0001 20140622
    0.0001 20140623
    0.0158 20140624
    0.0007 20140625
    0.0001 20140626
    0.0001 20140627
    0.0001 20140628
    0.0001 20140629
    0.0001 20140630
    0.0004 20140701
    0.0004 20140702
    0.0004 20140703
    0.0003 20140704
    0.0003 20140705
    0.0003 20140706
    0.0003 20140707
    0.0003 20140708
    0.0003 20140709
    0.0003 20140710
    0.0003 20140711
    0.0003 20140712
    0.0003 20140713
    0.0002 20140714
    0.0002 20140715
    0.0002 20140716
    0.0002 20140717
    0.0002 20140718
    0.0002 20140719
    0.0002 20140720
    0.0002 20140721
    0.0002 20140722
    0.0002 20140723
    0.0002 20140724
    0.0002 20140725
    0.0002 20140726
    0.0002 20140727
    0.0002 20140728
    0.0002 20140729
    0.0002 20140730
    0.0002 20140731
    0.0002 20140801
    0.0002 20140802
    0.0002 20140803
    0.0002 20140804
    0.0002 20140805
    0.0002 20140806
    0.0002 20140807
    0.0002 20140808
    0.0001 20140809
    0.0001 20140810
    0.0001 20140811
    0.0001 20140812
    0.0001 20140813
    0.0001 20140814
    0.0001 20140815
    0.0001 20140816
    0.0001 20140817
    0.0001 20140818
    0.0001 20140819
    0.0001 20140820
    0.0001 20140821
    0.0001 20140822
    0.0001 20140823
    0.0001 20140824
    0.0001 20140825
    0.0001 20140826
    0.0001 20140827
    0.0001 20140828
    0.0001 20140829
    0.0001 20140830
    0.0001 20140831
    0.0001 20140901
    0.0001 20140902
    0.0001 20140903
    0.0001 20140904
    0.0001 20140905
    0.0001 20140906
    0.0001 20140907
    0.0001 20140908
    0.0001 20140909
    0.0001 20140910
    0.0001 20140911
    0.0001 20140912
    0.0001 20140913
    0.0001 20140914
    0.0001 20140915
    0.0001 20140916
    0.0001 20140917
    0.0001 20140918
    0.0001 20140919
    0.0001 20140920
    0.0001 20140921
    0.0065 20140922
    0.0001 20140923
    0.0001 20140924
    0.0001 20140925
    1.1290 20140926
    0.1910 20140927
    0.1289 20140928
    0.2147 20140929
    0.0782 20140930
    0.0498 20141001
    0.0593 20141002
    0.0239 20141003
    0.0169 20141004
    0.0093 20141005
    0.0096 20141006
    0.0078 20141007
    0.0070 20141008
    0.0065 20141009
    0.0061 20141010
    0.0058 20141011
    0.0055 20141012
    0.0052 20141013
    0.0766 20141014
    0.0079 20141015
    0.0046 20141016
    0.0044 20141017
    0.0042 20141018
    0.0040 20141019
    0.0039 20141020
    0.0037 20141021
    0.0035 20141022
    0.0034 20141023
    0.0032 20141024
    0.0031 20141025
    0.0059 20141026
    0.0056 20141027
    0.0054 20141028
    0.0051 20141029
    0.0049 20141030
    0.0046 20141031
    0.0047 20141101
    0.0045 20141102
    0.0043 20141103
    0.0467 20141104
    0.0034 20141105
    0.0039 20141106
    0.0037 20141107
    0.0035 20141108
    0.0034 20141109
    0.0032 20141110
    0.0154 20141111
    0.0031 20141112
    0.0027 20141113
    0.0026 20141114
    0.0025 20141115
    0.0024 20141116
    0.0023 20141117
    0.0022 20141118
    0.0021 20141119
    0.0020 20141120
    0.0020 20141121
    0.0019 20141122
    0.0018 20141123
    0.0017 20141124
    0.0017 20141125
    0.0208 20141126
    0.0021 20141127
    0.0014 20141128
    0.0116 20141129
    0.0192 20141130
    0.0024 20141201
    0.0018 20141202
    0.0017 20141203
    0.0601 20141204
    0.0063 20141205
    0.0022 20141206
    0.0036 20141207
    0.0032 20141208
    0.0030 20141209
    0.0028 20141210
    0.0027 20141211
    0.0026 20141212
    0.0025 20141213
    0.0286 20141214
    0.0129 20141215
    0.0025 20141216
    0.0023 20141217
    0.0022 20141218
    0.0021 20141219
    0.0020 20141220
    0.0019 20141221
    0.0018 20141222
    0.0018 20141223
    0.0017 20141224
    0.0016 20141225
    0.0015 20141226
    0.0015 20141227
    0.0014 20141228
    0.0014 20141229
    0.0013 20141230
    0.0013 20141231
    0.0016 20150101
    0.0016 20150102
    0.0015 20150103
    0.0015 20150104
    0.0014 20150105
    0.0013 20150106
    0.0013 20150107
    0.0012 20150108
    0.0012 20150109
    0.0012 20150110
    0.0011 20150111
    0.0011 20150112
    0.0010 20150113
    0.0010 20150114
    0.0010 20150115
    0.0009 20150116
    0.0009 20150117
    0.0023 20150118
    0.0232 20150119
    0.0020 20150120
    0.0009 20150121
    0.0008 20150122
    0.0008 20150123
    0.0008 20150124
    0.0008 20150125
    0.0007 20150126
    0.0007 20150127
    0.0007 20150128
    0.0007 20150129
    0.0006 20150130
    0.0066 20150131
    0.0009 20150201
    0.0008 20150202
    0.0008 20150203
    0.0008 20150204
    0.0008 20150205
    0.0007 20150206
    0.0007 20150207
    0.0007 20150208
    0.0007 20150209
    0.0006 20150210
    0.0006 20150211
    0.0020 20150212
    0.0006 20150213
    0.0005 20150214
    0.0005 20150215
    0.0005 20150216
    0.0043 20150217
    0.0005 20150218
    0.0005 20150219
    0.0004 20150220
    0.0004 20150221
    0.0004 20150222
    0.0004 20150223
    0.0004 20150224
    0.0004 20150225
    0.0004 20150226
    0.0004 20150227
    0.0003 20150228
    0.0004 20150301
    0.0004 20150302
    0.0004 20150303
    0.0004 20150304
    0.0004 20150305
    0.0004 20150306
    0.0004 20150307
    0.0003 20150308
    0.0003 20150309
    0.0003 20150310
    0.0003 20150311
    0.0003 20150312
    0.0003 20150313
    0.0003 20150314
    0.0003 20150315
    0.0003 20150316
    0.0003 20150317
    0.0016 20150318
    0.0093 20150319
    0.0004 20150320
    0.0200 20150321
    0.0014 20150322
    0.0003 20150323
    0.0201 20150324
    0.0061 20150325
    0.0006 20150326
    0.0005 20150327
    0.0005 20150328
    0.0004 20150329
    0.0004 20150330
    0.0004 20150331
    0.0005 20150401
    0.0004 20150402
    0.0004 20150403
    0.0004 20150404
    0.0004 20150405
    0.0004 20150406
    0.0004 20150407
    0.0004 20150408
    0.0004 20150409
    0.0003 20150410
    0.0003 20150411
    0.0003 20150412
    0.0003 20150413
    0.0003 20150414
    0.0222 20150415
    0.0016 20150416
    0.0003 20150417
    0.0003 20150418
    0.0003 20150419
    0.0003 20150420
    0.0003 20150421
    0.0003 20150422
    0.0003 20150423
    0.0002 20150424
    0.0002 20150425
    0.0002 20150426
    0.0002 20150427
    0.0002 20150428
    0.0002 20150429
    0.0002 20150430
    0.0004 20150501
    0.0004 20150502
    0.0003 20150503
    0.0003 20150504
    0.0003 20150505
    0.0003 20150506
    0.0003 20150507
    0.0003 20150508
    0.0003 20150509
    0.0003 20150510
    0.0003 20150511
    0.0003 20150512
    0.0003 20150513
    0.0002 20150514
    0.0002 20150515
    0.0002 20150516
    0.0002 20150517
    0.0002 20150518
    0.0002 20150519
    0.0002 20150520
    0.0002 20150521
    0.0002 20150522
    0.0002 20150523
    0.0002 20150524
    0.0002 20150525
    0.0002 20150526
    0.0002 20150527
    0.0002 20150528
    0.0002 20150529
    0.0002 20150530
    0.0001 20150531
    0.0003 20150601
    0.0002 20150602
    0.0002 20150603
    0.0002 20150604
    0.0002 20150605
    0.0002 20150606
    0.0002 20150607
    0.0002 20150608
    0.0002 20150609
    0.0002 20150610
    0.0003 20150611
    0.0002 20150612
    0.0002 20150613
    0.0002 20150614
    0.0002 20150615
    0.0002 20150616
    0.0002 20150617
    0.0001 20150618
    0.0001 20150619
    0.0001 20150620
    0.0001 20150621
    0.0001 20150622
    0.0001 20150623
    0.0001 20150624
    0.0001 20150625
    0.0001 20150626
    0.0001 20150627
    0.0001 20150628
    0.0001 20150629
    0.0001 20150630
    0.0004 20150701
    0.0004 20150702
    0.0004 20150703
    0.0004 20150704
    0.0004 20150705
    0.0003 20150706
    0.0003 20150707
    0.0003 20150708
    0.0003 20150709
    0.0003 20150710
    0.0003 20150711
    0.0003 20150712
    0.0003 20150713
    0.0003 20150714
    0.0003 20150715
    0.0002 20150716
    0.0002 20150717
    0.0002 20150718
    0.0002 20150719
    0.0002 20150720
    0.0002 20150721
    0.0002 20150722
    0.0002 20150723
    0.0002 20150724
    0.0002 20150725
    0.0002 20150726
    0.0002 20150727
    0.0002 20150728
    0.0002 20150729
    0.0002 20150730
    0.0002 20150731
    0.0002 20150801
    0.0002 20150802
    0.0002 20150803
    0.0002 20150804
    0.0002 20150805
    0.0002 20150806
    0.0002 20150807
    0.0002 20150808
    0.0002 20150809
    0.0002 20150810
    0.0001 20150811
    0.0001 20150812
    0.0001 20150813
    0.0001 20150814
    0.0110 20150815
    0.0004 20150816
    0.0001 20150817
    0.0001 20150818
    0.0001 20150819
    0.0001 20150820
    0.0001 20150821
    0.0001 20150822
    0.0001 20150823
    0.0001 20150824
    0.0001 20150825
    0.0001 20150826
    0.0001 20150827
    0.0001 20150828
    0.0001 20150829
    0.0001 20150830
    0.0001 20150831
    0.0001 20150901
    0.0001 20150902
    0.0001 20150903
    0.0001 20150904
    0.0096 20150905
    2.4920 20150906
    0.4176 20150907
    0.2358 20150908
    0.1495 20150909
    0.0992 20150910
    0.0677 20150911
    0.0476 20150912
    0.0334 20150913
    0.0214 20150914
    0.0158 20150915
    0.0095 20150916
    0.0107 20150917
    0.0093 20150918
    0.0085 20150919
    0.0079 20150920
    0.0075 20150921
    0.0071 20150922
    0.0068 20150923
    0.0064 20150924
    0.0061 20150925
    0.0058 20150926
    0.0283 20150927
    0.0053 20150928
    0.0244 20150929
    0.0046 20150930
    0.0042 20151001
    0.0040 20151002
    0.0038 20151003
    0.0036 20151004
    0.0035 20151005
    0.0033 20151006
    0.0032 20151007
    0.0030 20151008
    0.0029 20151009
    0.0028 20151010
    0.0027 20151011
    0.0026 20151012
    0.0049 20151013
    0.0046 20151014
    0.0044 20151015
    0.0042 20151016
    0.0040 20151017
    0.0038 20151018
    0.0974 20151019
    0.0620 20151020
    0.0326 20151021
    0.0067 20151022
    0.0059 20151023
    0.0043 20151024
    0.0522 20151025
    0.0055 20151026
    0.0035 20151027
    0.0033 20151028
    0.0032 20151029
    0.0030 20151030
    0.0029 20151031
    0.0195 20151101
    0.1297 20151102
    0.0306 20151103
    0.0197 20151104
    0.0134 20151105
    0.0093 20151106
    0.0086 20151107
    0.0064 20151108
    0.0053 20151109
    0.0048 20151110
    0.0044 20151111
    0.0042 20151112
    0.0040 20151113
    0.0038 20151114
    0.0036 20151115
    0.0035 20151116
    0.0033 20151117
    0.0032 20151118
    0.0030 20151119
    0.0029 20151120
    0.0028 20151121
    0.0027 20151122
    0.0025 20151123
    0.0024 20151124
    0.0023 20151125
    0.0045 20151126
    0.0042 20151127
    0.0040 20151128
    0.0038 20151129
    0.0037 20151130
    0.0037 20151201
    0.0035 20151202
    0.0034 20151203
    0.0032 20151204
    0.0031 20151205
    0.0029 20151206
    0.0028 20151207
    0.0027 20151208
    0.0026 20151209
    0.0257 20151210
    0.0034 20151211
    0.0023 20151212
    0.0022 20151213
    0.0021 20151214
    0.0020 20151215
    0.0019 20151216
    0.0018 20151217
    0.0018 20151218
    0.0017 20151219
    0.0016 20151220
    0.0016 20151221
    0.0015 20151222
    0.0015 20151223
    0.0014 20151224
    0.0013 20151225
    0.0013 20151226
    0.0012 20151227
    0.0012 20151228
    0.0012 20151229
    0.0011 20151230
    0.0011 20151231
    0.0016 20160101
    0.0015 20160102
    0.0015 20160103
    0.0014 20160104
    0.0014 20160105
    0.0013 20160106
    0.0013 20160107
    0.0012 20160108
    0.0012 20160109
    0.0011 20160110
    0.0011 20160111
    0.0011 20160112
    0.0010 20160113
    0.0010 20160114
    0.0220 20160115
    0.0020 20160116
    0.0009 20160117
    0.0009 20160118
    0.0009 20160119
    0.0008 20160120
    0.0008 20160121
    0.0008 20160122
    0.0008 20160123
    0.0007 20160124
    0.0007 20160125
    0.0007 20160126
    0.0007 20160127
    0.0006 20160128
    0.0006 20160129
    0.0006 20160130
    0.0006 20160131
    0.0010 20160201
    0.0010 20160202
    0.0009 20160203
    0.0009 20160204
    0.0009 20160205
    0.0008 20160206
    0.0008 20160207
    0.0008 20160208
    0.0007 20160209
    0.0007 20160210
    0.0007 20160211
    0.0007 20160212
    0.0006 20160213
    0.0006 20160214
    0.0006 20160215
    0.0006 20160216
    0.0006 20160217
    0.0005 20160218
    0.0005 20160219
    0.0005 20160220
    0.0005 20160221
    0.0005 20160222
    0.0005 20160223
    0.0004 20160224
    0.0004 20160225
    0.0004 20160226
    0.0004 20160227
    0.0004 20160228
    0.0004 20160229
    0.0005 20160301
    0.0005 20160302
    0.0005 20160303
    0.0004 20160304
    0.0004 20160305
    0.0004 20160306
    0.0004 20160307
    0.0004 20160308
    0.0004 20160309
    0.0004 20160310
    0.0004 20160311
    0.0003 20160312
    0.0003 20160313
    0.0003 20160314
    0.0003 20160315
    0.0003 20160316
    0.0003 20160317
    0.0003 20160318
    0.0003 20160319
    0.0003 20160320
    0.0603 20160321
    0.0213 20160322
    0.0045 20160323
    0.0030 20160324
    0.0030 20160325
    0.0019 20160326
    0.0014 20160327
    0.0011 20160328
    0.0010 20160329
    0.0010 20160330
    0.0009 20160331
    0.0010 20160401
    0.0009 20160402
    0.0009 20160403
    0.0134 20160404
    0.0703 20160405
    0.0094 20160406
    0.0057 20160407
    0.0030 20160408
    0.0036 20160409
    0.0027 20160410
    0.0022 20160411
    0.0020 20160412
    0.0019 20160413
    0.0018 20160414
    0.0017 20160415
    0.0016 20160416
    0.0016 20160417
    0.0015 20160418
    0.0015 20160419
    0.0014 20160420
    0.0014 20160421
    0.0013 20160422
    0.0013 20160423
    0.0012 20160424
    0.0012 20160425
    0.0011 20160426
    0.0011 20160427
    0.0010 20160428
    0.0010 20160429
    0.0010 20160430
    0.0013 20160501
    0.0012 20160502
    0.0012 20160503
    0.0011 20160504
    0.0011 20160505
    0.0011 20160506
    0.0010 20160507
    0.0010 20160508
    0.0009 20160509
    0.0009 20160510
    0.0009 20160511
    0.0054 20160512
    0.0008 20160513
    0.0008 20160514
    0.0008 20160515
    0.0007 20160516
    0.0007 20160517
    0.0007 20160518
    0.0007 20160519
    0.0006 20160520
    0.0006 20160521
    0.0006 20160522
    0.0006 20160523
    0.0006 20160524
    0.0005 20160525
    0.0005 20160526
    0.0005 20160527
    0.0005 20160528
    0.0005 20160529
    0.0005 20160530
    0.0005 20160531
    0.0006 20160601
    0.0006 20160602
    0.0006 20160603
    0.0006 20160604
    0.0006 20160605
    0.0005 20160606
    0.0005 20160607
    0.0005 20160608
    0.0005 20160609
    0.0005 20160610
    0.0005 20160611
    0.0004 20160612
    0.0004 20160613
    0.0004 20160614
    0.0004 20160615
    0.0004 20160616
    0.0004 20160617
    0.0004 20160618
    0.0003 20160619
    0.0003 20160620
    0.0003 20160621
    0.0003 20160622
    0.0003 20160623
    0.0003 20160624
    0.0003 20160625
    0.0003 20160626
    0.0003 20160627
    0.0003 20160628
    0.0003 20160629
    0.0003 20160630
    0.0007 20160701
    0.0007 20160702
    0.0007 20160703
    0.0007 20160704
    0.0007 20160705
    0.0006 20160706
    0.0006 20160707
    0.0006 20160708
    0.0006 20160709
    0.0006 20160710
    0.0005 20160711
    0.0005 20160712
    0.0005 20160713
    0.0005 20160714
    0.0005 20160715
    0.0004 20160716
    0.0004 20160717
    0.0004 20160718
    0.0004 20160719
    0.0004 20160720
    0.0004 20160721
    0.0004 20160722
    0.0004 20160723
    0.0003 20160724
    0.0003 20160725
    0.0003 20160726
    0.0003 20160727
    0.0003 20160728
    0.0003 20160729
    0.0003 20160730
    0.0003 20160731
    0.0003 20160801
    0.0003 20160802
    0.0003 20160803
    0.0003 20160804
    0.0003 20160805
    0.0003 20160806
    0.0003 20160807
    0.0003 20160808
    0.0003 20160809
    0.0003 20160810
    0.0003 20160811
    0.0002 20160812
    0.0002 20160813
    0.0002 20160814
    0.0002 20160815
    0.0002 20160816
    0.0002 20160817
    0.0002 20160818
    0.0002 20160819
    0.0002 20160820
    0.0002 20160821
    0.0002 20160822
    0.0002 20160823
    0.0002 20160824
    0.0002 20160825
    0.0002 20160826
    0.0002 20160827
    0.0002 20160828
    0.0002 20160829
    0.0002 20160830
    0.0002 20160831
    0.0002 20160901
    0.0002 20160902
    0.0002 20160903
    0.0001 20160904
    0.0001 20160905
    0.0001 20160906
    0.0001 20160907
    0.0001 20160908
    0.0001 20160909
    0.0001 20160910
    0.0001 20160911
    0.0001 20160912
    0.0001 20160913
    0.0001 20160914
    0.0001 20160915
    0.0001 20160916
    0.0001 20160917
    0.0001 20160918
    0.0001 20160919
    0.0001 20160920
    0.0001 20160921
    0.0001 20160922
    0.0001 20160923
    0.0001 20160924
    0.0001 20160925
    0.0001 20160926
    0.0001 20160927
    0.0174 20160928
    0.0057 20160929
    0.0000 20160930
    0.0000 20161001
    0.0000 20161002
    0.0000 20161003
    0.0000 20161004
    0.0000 20161005
    0.0000 20161006
    0.0000 20161007
    0.0000 20161008
    0.0000 20161009
    0.0000 20161010
    0.0000 20161011
    0.0000 20161012
    0.0277 20161013
    0.0018 20161014
    0.0000 20161015
    0.0000 20161016
    0.0000 20161017
    0.0073 20161018
    0.0005 20161019
    0.0002 20161020
    0.0000 20161021
    0.0000 20161022
    0.0000 20161023
    0.0000 20161024
    0.0000 20161025
    0.0000 20161026
    0.0000 20161027
    0.0000 20161028
    0.0000 20161029
    0.0000 20161030
    0.0000 20161031
    0.0000 20161101
    0.0000 20161102
    0.0000 20161103
    0.0000 20161104
    0.0000 20161105
    0.0000 20161106
    0.0000 20161107
    0.0000 20161108
    0.0000 20161109
    0.0000 20161110
    0.0000 20161111
    0.0000 20161112
    0.0000 20161113
    0.0000 20161114
    0.0000 20161115
    0.0000 20161116
    0.0000 20161117
    0.0000 20161118
    0.0000 20161119
    0.0000 20161120
    0.0000 20161121
    0.0000 20161122
    0.0426 20161123
    0.0066 20161124
    0.0045 20161125
    0.0027 20161126
    0.0022 20161127
    0.0009 20161128
    0.0004 20161129
    0.0002 20161130
    0.0101 20161201
    0.0002 20161202
    0.0000 20161203
    0.0432 20161204
    0.0023 20161205
    0.0000 20161206
    0.0000 20161207
    0.0000 20161208
    0.0195 20161209
    0.0006 20161210
    0.0000 20161211
    0.0000 20161212
    0.0000 20161213
    0.0000 20161214
    0.0239 20161215
    0.0010 20161216
    0.4459 20161217
   16.4500 20161218
    3.6880 20161219
    1.0040 20161220
    0.3900 20161221
    0.2216 20161222
    0.1466 20161223
    0.1028 20161224
    0.0707 20161225
    0.0486 20161226
    0.0381 20161227
    0.0280 20161228
    0.0224 20161229
    0.0219 20161230
    0.0192 20161231
    0.0182 20170101
    0.0167 20170102
    0.0154 20170103
    0.0142 20170104
    0.0131 20170105
    0.0148 20170106
    0.0139 20170107
    0.0128 20170108
    0.0119 20170109
    0.0110 20170110
    0.0102 20170111
    0.0095 20170112
    0.0088 20170113
    0.0083 20170114
    0.0077 20170115
    0.0072 20170116
    0.0068 20170117
    0.1343 20170118
    0.4625 20170119
    0.1022 20170120
    0.0618 20170121
    0.0409 20170122
    0.0276 20170123
    0.0196 20170124
    0.0152 20170125
    0.0144 20170126
    0.0121 20170127
    0.0108 20170128
    0.0132 20170129
    0.0121 20170130
    0.0112 20170131
    0.0107 20170201
    0.0100 20170202
    0.0093 20170203
    0.0087 20170204
    0.0082 20170205
    0.0077 20170206
    0.0072 20170207
    0.0068 20170208
    0.0064 20170209
    0.0060 20170210
    0.0057 20170211
    0.0053 20170212
    0.0051 20170213
    0.0048 20170214
    0.0067 20170215
    0.0063 20170216
    0.0059 20170217
    0.0056 20170218
    0.0053 20170219
    0.0050 20170220
    0.0047 20170221
    0.0044 20170222
    0.0042 20170223
    0.0040 20170224
    0.0038 20170225
    0.0036 20170226
    0.0034 20170227
    0.0032 20170228
    0.0031 20170301
    0.0030 20170302
    0.0028 20170303
    0.0098 20170304
    0.0025 20170305
    0.0024 20170306
    0.0023 20170307
    0.0022 20170308
    0.0021 20170309
    0.0020 20170310
    0.0019 20170311
    0.0018 20170312
    0.1036 20170313
    0.0897 20170314
    0.0191 20170315
    0.0136 20170316
    0.0090 20170317
    0.0078 20170318
    0.0055 20170319
    0.0045 20170320
    0.0039 20170321
    0.0036 20170322
    0.0034 20170323
    0.0032 20170324
    0.0031 20170325
    0.0030 20170326
    0.0028 20170327
    0.0027 20170328
    0.0026 20170329
    0.0025 20170330
    0.0047 20170331
    0.0046 20170401
    0.0043 20170402
    0.0041 20170403
    0.0039 20170404
    0.0038 20170405
    0.0036 20170406
    0.0034 20170407
    0.0033 20170408
    0.0031 20170409
    0.0030 20170410
    0.0028 20170411
    0.0027 20170412
    0.0026 20170413
    0.0025 20170414
    0.0024 20170415
    0.0023 20170416
    0.0022 20170417
    0.0021 20170418
    0.0020 20170419
    0.0019 20170420
    0.0019 20170421
    0.0018 20170422
    0.0017 20170423
    0.0017 20170424
    0.0016 20170425
    0.0015 20170426
    0.0015 20170427
    0.0014 20170428
    0.0014 20170429
    0.0013 20170430
    0.0014 20170501
    0.0014 20170502
    0.0013 20170503
    0.0013 20170504
    0.0012 20170505
    0.0012 20170506
    0.0012 20170507
    0.0011 20170508
    0.0011 20170509
    0.0010 20170510
    0.0010 20170511
    0.0010 20170512
    0.0009 20170513
    0.0009 20170514
    0.0009 20170515
    0.0008 20170516
    0.0008 20170517
    0.0008 20170518
    0.0008 20170519
    0.0007 20170520
    0.0007 20170521
    0.0007 20170522
    0.0007 20170523
    0.0006 20170524
    0.0006 20170525
    0.0006 20170526
    0.0006 20170527
    0.0006 20170528
    0.0005 20170529
    0.0005 20170530
    0.0005 20170531
    0.0006 20170601
    0.0006 20170602
    0.0006 20170603
    0.0005 20170604
    0.0005 20170605
    0.0005 20170606
    0.0005 20170607
    0.0005 20170608
    0.0005 20170609
    0.0005 20170610
    0.0004 20170611
    0.0004 20170612
    0.0004 20170613
    0.0004 20170614
    0.0004 20170615
    0.0004 20170616
    0.0004 20170617
    0.0004 20170618
    0.0003 20170619
    0.0003 20170620
    0.0003 20170621
    0.0003 20170622
    0.0003 20170623
    0.0003 20170624
    0.0003 20170625
    0.0003 20170626
    0.0003 20170627
    0.0003 20170628
    0.0003 20170629
    0.0003 20170630
    0.0121 20170701
    0.0008 20170702
    0.0005 20170703
    0.0005 20170704
    0.0005 20170705
    0.0005 20170706
    0.0012 20170707
    0.0005 20170708
    0.0004 20170709
    0.0004 20170710
    0.0004 20170711
    0.0004 20170712
    0.0004 20170713
    0.0004 20170714
    0.0004 20170715
    0.0004 20170716
    0.0003 20170717
    0.0003 20170718
    0.0003 20170719
    0.0003 20170720
    0.0003 20170721
    0.0003 20170722
    0.0003 20170723
    0.0003 20170724
    0.0003 20170725
    0.0003 20170726
    0.0003 20170727
    0.0002 20170728
    0.0002 20170729
    0.0002 20170730
    0.0002 20170731
    0.0003 20170801
    0.0002 20170802
    0.0002 20170803
    0.0002 20170804
    0.0002 20170805
    0.0002 20170806
    0.0002 20170807
    0.0002 20170808
    0.0002 20170809
    0.0002 20170810
    0.0002 20170811
    0.0002 20170812
    0.0002 20170813
    0.0002 20170814
    0.0002 20170815
    0.0002 20170816
    0.0002 20170817
    0.0001 20170818
    0.0001 20170819
    0.0001 20170820
    0.0001 20170821
    0.0001 20170822
    0.0001 20170823
    0.0001 20170824
    0.0001 20170825
    0.0001 20170826
    0.0001 20170827
    0.0001 20170828
    0.0919 20170829
    0.0487 20170830
    0.0129 20170831
    0.0077 20170901
    0.0066 20170902
    0.0031 20170903
    0.0033 20170904
    0.0021 20170905
    0.0016 20170906
    0.0014 20170907
    0.0013 20170908
    0.0012 20170909
    0.0011 20170910
    0.0011 20170911
    0.0010 20170912
    0.0010 20170913
    0.0010 20170914
    0.0009 20170915
    0.0009 20170916
    0.0009 20170917
    0.0008 20170918
    0.0008 20170919
    0.0008 20170920
    0.0008 20170921
    0.0007 20170922
    0.0007 20170923
    0.0007 20170924
    0.0007 20170925
    0.0006 20170926
    0.0006 20170927
    0.0006 20170928
    0.0006 20170929
    0.0006 20170930
    0.0005 20171001
    0.0005 20171002
    0.0005 20171003
    0.0005 20171004
    0.0005 20171005
    0.0005 20171006
    0.0005 20171007
    0.0004 20171008
    0.0004 20171009
    0.0004 20171010
    0.0004 20171011
    0.0004 20171012
    0.0004 20171013
    0.0004 20171014
    0.0004 20171015
    0.0003 20171016
    0.0003 20171017
    0.0251 20171018
    0.0179 20171019
    0.0007 20171020
    0.0003 20171021
    0.0003 20171022
    0.0003 20171023
    0.0003 20171024
    0.0002 20171025
    0.0002 20171026
    0.0002 20171027
    0.0002 20171028
    0.0002 20171029
    0.0002 20171030
    0.0002 20171031
    0.0005 20171101
    0.0003 20171102
    0.0003 20171103
    0.0003 20171104
    0.0003 20171105
    0.0003 20171106
    0.0003 20171107
    0.0003 20171108
    0.0003 20171109
    0.0003 20171110
    0.0002 20171111
    0.0002 20171112
    0.0002 20171113
    0.0002 20171114
    0.0002 20171115
    0.0002 20171116
    0.0002 20171117
    0.0002 20171118
    0.0002 20171119
    0.0002 20171120
    0.0002 20171121
    0.0002 20171122
    0.0002 20171123
    0.0002 20171124
    0.0002 20171125
    0.0002 20171126
    0.0002 20171127
    0.0025 20171128
    0.0213 20171129
    0.0008 20171130
    0.0003 20171201
    0.0003 20171202
    0.0003 20171203
    0.0003 20171204
    0.0003 20171205
    0.0003 20171206
    0.0003 20171207
    0.0003 20171208
    0.0003 20171209
    0.0002 20171210
    0.0002 20171211
    0.0002 20171212
    0.0002 20171213
    0.0002 20171214
    0.0002 20171215
    0.0002 20171216
    0.0002 20171217
    0.0002 20171218
    0.0002 20171219
    0.0002 20171220
    0.0002 20171221
    0.0002 20171222
    0.0002 20171223
    0.0002 20171224
    0.0002 20171225
    0.0002 20171226
    0.0001 20171227
    0.0001 20171228
    0.0001 20171229
    0.0001 20171230
    0.0001 20171231
    0.0004 20180101
    0.0004 20180102
    0.0003 20180103
    0.0003 20180104
    0.0003 20180105
    0.0003 20180106
    0.0003 20180107
    0.0003 20180108
    0.0003 20180109
    0.0137 20180110
    0.0005 20180111
    0.0002 20180112
    0.0002 20180113
    0.0025 20180114
    0.0087 20180115
    0.0003 20180116
    0.0002 20180117
    0.0002 20180118
    0.0002 20180119
    0.0002 20180120
    0.0002 20180121
    0.0002 20180122
    0.0002 20180123
    0.0002 20180124
    0.0002 20180125
    0.0002 20180126
    0.0224 20180127
    0.0989 20180128
    0.0224 20180129
    0.0124 20180130
    0.0102 20180131
    0.0069 20180201
    0.0463 20180202
    0.0039 20180203
    0.0116 20180204
    0.0030 20180205
    0.0026 20180206
    0.0024 20180207
    0.0023 20180208
    0.0022 20180209
    0.0021 20180210
    0.0020 20180211
    0.0021 20180212
    0.0018 20180213
    0.0018 20180214
    0.0017 20180215
    0.0016 20180216
    0.0016 20180217
    0.0015 20180218
    0.0014 20180219
    0.0014 20180220
    0.0013 20180221
    0.0013 20180222
    0.0012 20180223
    0.0012 20180224
    0.0011 20180225
    0.0011 20180226
    0.0011 20180227
    0.0010 20180228
    0.0011 20180301
    0.0011 20180302
    0.0058 20180303
    0.0081 20180304
    0.0148 20180305
    0.0011 20180306
    0.0008 20180307
    0.0032 20180308
    0.0007 20180309
    0.0007 20180310
    0.0007 20180311
    0.0007 20180312
    0.0006 20180313
    0.0006 20180314
    0.0006 20180315
    0.0006 20180316
    0.0006 20180317
    0.0015 20180318
    0.0005 20180319
    0.0005 20180320
    0.0005 20180321
    0.0005 20180322
    0.0005 20180323
    0.0146 20180324
    0.0008 20180325
    0.0004 20180326
    0.0004 20180327
    0.0004 20180328
    0.0004 20180329
    0.0004 20180330
    0.0003 20180331
    0.0004 20180401
    0.0004 20180402
    0.0004 20180403
    0.0003 20180404
    0.0003 20180405
    0.0003 20180406
    0.0003 20180407
    0.0003 20180408
    0.0003 20180409
    0.0003 20180410
    0.0003 20180411
    0.0003 20180412
    0.0003 20180413
    0.0003 20180414
    0.0002 20180415
    0.0002 20180416
    0.0002 20180417
    0.0002 20180418
    0.0002 20180419
    0.0002 20180420
    0.0002 20180421
    0.0002 20180422
    0.0002 20180423
    0.0002 20180424
    0.0132 20180425
    0.0060 20180426
    0.0002 20180427
    0.0002 20180428
    0.0002 20180429
    0.0001 20180430
    0.0003 20180501
    0.0003 20180502
    0.0003 20180503
    0.0003 20180504
    0.0002 20180505
    0.0002 20180506
    0.0002 20180507
    0.0002 20180508
    0.0085 20180509
    0.0003 20180510
    0.0002 20180511
    0.0002 20180512
    0.0002 20180513
    0.0002 20180514
    0.0002 20180515
    0.0002 20180516
    0.0002 20180517
    0.0002 20180518
    0.0002 20180519
    0.0001 20180520
    0.0001 20180521
    0.0001 20180522
    0.0001 20180523
    0.0001 20180524
    0.0001 20180525
    0.0001 20180526
    0.0001 20180527
    0.0001 20180528
    0.0001 20180529
    0.0131 20180530
    0.0005 20180531
    0.0002 20180601
    0.0251 20180602
    0.0019 20180603
    0.0003 20180604
    0.0003 20180605
    0.0240 20180606
    0.0016 20180607
    0.0003 20180608
    0.0032 20180609
    0.0003 20180610
    0.0003 20180611
    0.0003 20180612
    0.0003 20180613
    0.0003 20180614
    0.0003 20180615
    0.0003 20180616
    0.0002 20180617
    0.0002 20180618
    0.0002 20180619
    0.0002 20180620
    0.0002 20180621
    0.0002 20180622
    0.0002 20180623
    0.0002 20180624
    0.0002 20180625
    0.0002 20180626
    0.0002 20180627
    0.0002 20180628
    0.0002 20180629
    0.0002 20180630
    0.0004 20180701
    0.0004 20180702
    0.0004 20180703
    0.0004 20180704
    0.0004 20180705
    0.0003 20180706
    0.0003 20180707
    0.0003 20180708
    0.0003 20180709
    0.0003 20180710
    0.0003 20180711
    0.0003 20180712
    0.0003 20180713
    0.0003 20180714
    0.0003 20180715
    0.0003 20180716
    0.0002 20180717
    0.0002 20180718
    0.0002 20180719
    0.0002 20180720
    0.0002 20180721
    0.0002 20180722
    0.0002 20180723
    0.0002 20180724
    0.0002 20180725
    0.0002 20180726
    0.0002 20180727
    0.0002 20180728
    0.0002 20180729
    0.0002 20180730
    0.0002 20180731
    0.0002 20180801
    0.0002 20180802
    0.0002 20180803
    0.0002 20180804
    0.0002 20180805
    0.0002 20180806
    0.0002 20180807
    0.0002 20180808
    0.0001 20180809
    0.0001 20180810
    0.0001 20180811
    0.0001 20180812
    0.0001 20180813
    0.0001 20180814
    0.0001 20180815
    0.0001 20180816
    0.0001 20180817
    0.0001 20180818
    0.0001 20180819
    0.0001 20180820
    0.0001 20180821
    0.0001 20180822
    0.0001 20180823
    0.0001 20180824
    0.0001 20180825
    0.0001 20180826
    0.0001 20180827
    0.0001 20180828
    0.0001 20180829
    0.0001 20180830
    0.0001 20180831
    0.0001 20180901
    0.0001 20180902
    0.0001 20180903
    0.0001 20180904
    0.0001 20180905
    0.0001 20180906
    0.0001 20180907
    0.0229 20180908
    0.0013 20180909
    0.0001 20180910
    0.0001 20180911
    0.0001 20180912
    0.0001 20180913
    0.0001 20180914
    0.7615 20180915
    0.1356 20180916
    0.0900 20180917
    0.0580 20180918
    0.0395 20180919
    0.0279 20180920
    0.0172 20180921
    0.0109 20180922
    0.0072 20180923
    0.0039 20180924
    0.0052 20180925
    0.0381 20180926
    0.0047 20180927
    0.0032 20180928
    0.0031 20180929
    0.0029 20180930
    0.0028 20181001
    0.0027 20181002
    0.0026 20181003
    0.0025 20181004
    0.0024 20181005
    0.0023 20181006
    0.0022 20181007
    0.0037 20181008
    0.0020 20181009
    0.0019 20181010
    0.0019 20181011
    0.0018 20181012
    0.0017 20181013
    0.2318 20181014
    0.0520 20181015
    0.0318 20181016
    0.0231 20181017
    0.0142 20181018
    0.0083 20181019
    0.0388 20181020
    0.0039 20181021
    0.0043 20181022
    0.0034 20181023
    0.0030 20181024
    0.0027 20181025
    0.0026 20181026
    0.0024 20181027
    0.0023 20181028
    0.0022 20181029
    0.0616 20181030
    0.0782 20181031
    0.0061 20181101
    0.0042 20181102
    0.0040 20181103
    0.0039 20181104
    0.0037 20181105
    0.0035 20181106
    0.0034 20181107
    0.0032 20181108
    0.0031 20181109
    0.0030 20181110
    0.0028 20181111
    0.0027 20181112
    0.0026 20181113
    0.0025 20181114
    0.2979 20181115
    0.0613 20181116
    0.0405 20181117
    0.1485 20181118
    0.1531 20181119
    0.0326 20181120
    0.0207 20181121
    0.0164 20181122
    0.0093 20181123
    0.0094 20181124
    0.0074 20181125
    0.0064 20181126
    0.0058 20181127
    0.0054 20181128
    0.0052 20181129
    0.0049 20181130
    0.0049 20181201
    0.0047 20181202
    0.0045 20181203
    0.0043 20181204
    0.0041 20181205
    0.0039 20181206
    0.0037 20181207
    0.0036 20181208
    0.0034 20181209
    0.0065 20181210
    0.0062 20181211
    0.0059 20181212
    0.0264 20181213
    0.0055 20181214
    0.0048 20181215
    0.0046 20181216
    0.0044 20181217
    0.0042 20181218
    0.0040 20181219
    0.0038 20181220
    0.0036 20181221
    0.0035 20181222
    0.0033 20181223
    0.0032 20181224
    0.0030 20181225
    0.0029 20181226
    0.0028 20181227
    0.0027 20181228
    0.0560 20181229
    0.0036 20181230
    0.0027 20181231
    0.0035 20190101
    0.0033 20190102
    0.0032 20190103
    0.0031 20190104
    0.0029 20190105
    0.0028 20190106
    0.0027 20190107
    0.0026 20190108
    0.0025 20190109
    0.0024 20190110
    0.0023 20190111
    0.0022 20190112
    0.0021 20190113
    0.0020 20190114
    0.0019 20190115
    0.0019 20190116
    0.0018 20190117
    0.0017 20190118
    0.0017 20190119
    0.0036 20190120
    0.0015 20190121
    0.0015 20190122
    0.0014 20190123
    0.0014 20190124
    0.0013 20190125
    0.0013 20190126
    0.0012 20190127
    0.0012 20190128
    0.0011 20190129
    0.0011 20190130
    0.0011 20190131
    0.0012 20190201
    0.0012 20190202
    0.0011 20190203
    0.0011 20190204
    0.0011 20190205
    0.0010 20190206
    0.0010 20190207
    0.0009 20190208
    0.0009 20190209
    0.0009 20190210
    0.0009 20190211
    0.0008 20190212
    0.0008 20190213
    0.0008 20190214
    0.0007 20190215
    0.0007 20190216
    0.0007 20190217
    0.0007 20190218
    0.0007 20190219
    0.0006 20190220
    0.0006 20190221
    0.0006 20190222
    0.0006 20190223
    0.0006 20190224
    0.0005 20190225
    0.0005 20190226
    0.0005 20190227
    0.0005 20190228
    0.0006 20190301
    0.0005 20190302
    0.0005 20190303
    0.0005 20190304
    0.0005 20190305
    0.0005 20190306
    0.0005 20190307
    0.0004 20190308
    0.0004 20190309
    0.0004 20190310
    0.0004 20190311
    0.0004 20190312
    0.0004 20190313
    0.0004 20190314
    0.0004 20190315
    0.0004 20190316
    0.0003 20190317
    0.0003 20190318
    0.0095 20190319
    0.0027 20190320
    0.0003 20190321
    0.0003 20190322
    0.0033 20190323
    0.0003 20190324
    0.0003 20190325
    0.0002 20190326
    0.0002 20190327
    0.0002 20190328
    0.0002 20190329
    0.0002 20190330
    0.0552 20190331
    0.0045 20190401
    0.0015 20190402
    0.0010 20190403
    0.0007 20190404
    0.0006 20190405
    0.0006 20190406
    0.0005 20190407
    0.0005 20190408
    0.0005 20190409
    0.0005 20190410
    0.0005 20190411
    0.0005 20190412
    0.0004 20190413
    0.0004 20190414
    0.0004 20190415
    0.0004 20190416
    0.0004 20190417
    0.0004 20190418
    0.5241 20190419
    1.7000 20190420
    0.2870 20190421
    0.1775 20190422
    0.1181 20190423
    0.0780 20190424
    0.0547 20190425
    0.0345 20190426
    0.0250 20190427
    0.0168 20190428
    0.0132 20190429
    0.0098 20190430
    0.0086 20190501
    0.0117 20190502
    0.0108 20190503
    0.0102 20190504
    0.0095 20190505
    0.0090 20190506
    0.0085 20190507
    0.0080 20190508
    0.0076 20190509
    0.0072 20190510
    0.0068 20190511
    0.0064 20190512
    0.0061 20190513
    0.0058 20190514
    0.0055 20190515
    0.0052 20190516
    0.0050 20190517
    0.0047 20190518
    0.0045 20190519
    0.0043 20190520
    0.0041 20190521
    0.0039 20190522
    0.0037 20190523
    0.0037 20190524
    0.0034 20190525
    0.0033 20190526
    0.0031 20190527
    0.0030 20190528
    0.0029 20190529
    0.0027 20190530
    0.0026 20190531
    0.0026 20190601
    0.0025 20190602
    0.0024 20190603
    0.0046 20190604
    0.0044 20190605
    0.0042 20190606
    0.0040 20190607
    0.0038 20190608
    0.0036 20190609
    0.0035 20190610
    0.0033 20190611
    0.0031 20190612
    0.0030 20190613
    0.0029 20190614
    0.0027 20190615
    0.0026 20190616
    0.0025 20190617
    0.0024 20190618
    0.0023 20190619
    0.0022 20190620
    0.0021 20190621
    0.0020 20190622
    0.0020 20190623
    0.0019 20190624
    0.0018 20190625
    0.0017 20190626
    0.0017 20190627
    0.0016 20190628
    0.0015 20190629
    0.0015 20190630
    0.0019 20190701
    0.0018 20190702
    0.0018 20190703
    0.0017 20190704
    0.0016 20190705
    0.0016 20190706
    0.0015 20190707
    0.0014 20190708
    0.0014 20190709
    0.0013 20190710
    0.0013 20190711
    0.0012 20190712
    0.0012 20190713
    0.0011 20190714
    0.0011 20190715
    0.0011 20190716
    0.0010 20190717
    0.0010 20190718
    0.0010 20190719
    0.0009 20190720
    0.0009 20190721
    0.0009 20190722
    0.0008 20190723
    0.0008 20190724
    0.0008 20190725
    0.0007 20190726
    0.0007 20190727
    0.0007 20190728
    0.0007 20190729
    0.0007 20190730
    0.0006 20190731
    0.0007 20190801
    0.0006 20190802
    0.0006 20190803
    0.0006 20190804
    0.0006 20190805
    0.0006 20190806
    0.0006 20190807
    0.0005 20190808
    0.0005 20190809
    0.0005 20190810
    0.0005 20190811
    0.0005 20190812
    0.0005 20190813
    0.0004 20190814
    0.0004 20190815
    0.0004 20190816
    0.0004 20190817
    0.0004 20190818
    0.0004 20190819
    0.0004 20190820
    0.0117 20190821
    0.0006 20190822
    0.0003 20190823
    0.0003 20190824
    0.0003 20190825
    0.0003 20190826
    0.0370 20190827
    0.0019 20190828
    0.0005 20190829
    0.0004 20190830
    0.0004 20190831
    0.0005 20190901
    0.0004 20190902
    0.0004 20190903
    0.0004 20190904
    0.0004 20190905
    0.0194 20190906
    0.0010 20190907
    0.0004 20190908
    0.0004 20190909
    0.0003 20190910
    0.0453 20190911
    5.9540 20190912
   10.2200 20190913
    1.9820 20190914
    0.6450 20190915
    0.2803 20190916
    0.1873 20190917
    0.1271 20190918
    0.0834 20190919
    0.0585 20190920
    0.0415 20190921
    0.0332 20190922
    0.0252 20190923
    0.0222 20190924
    0.0187 20190925
    0.0167 20190926
    0.0153 20190927
    0.0175 20190928
    0.0161 20190929
    0.0149 20190930
    0.0138 20191001
    0.0128 20191002
    0.0119 20191003
    0.0110 20191004
    0.0103 20191005
    0.0096 20191006
    0.0090 20191007
    0.0084 20191008
    0.0079 20191009
    0.0098 20191010
    0.0091 20191011
    0.0085 20191012
    0.0079 20191013
    0.0210 20191014
    0.0069 20191015
    0.0064 20191016
    0.0060 20191017
    0.0056 20191018
    0.0053 20191019
    0.0050 20191020
    0.0184 20191021
    0.1416 20191022
    0.0364 20191023
    0.0240 20191024
    0.0164 20191025
    0.0129 20191026
    0.0108 20191027
    0.0080 20191028
    0.0067 20191029
    0.0060 20191030
    0.0056 20191031
    0.0080 20191101
    0.0075 20191102
    0.0070 20191103
    0.0066 20191104
    0.0062 20191105
    0.0059 20191106
    0.0056 20191107
    0.0053 20191108
    0.0050 20191109
    0.0047 20191110
    0.0045 20191111
    0.0042 20191112
    0.0040 20191113
    0.0038 20191114
    0.0036 20191115
    0.0034 20191116
    0.0081 20191117
    0.0234 20191118
    0.0033 20191119
    0.0028 20191120
    0.0026 20191121
    0.0182 20191122
    0.0027 20191123
    0.0023 20191124
    0.0022 20191125
    0.0021 20191126
    0.0020 20191127
    0.0019 20191128
    0.0018 20191129
    0.0018 20191130
    0.0018 20191201
    0.0759 20191202
    1.2690 20191203
    0.2106 20191204
    0.1419 20191205
    0.0928 20191206
    0.0646 20191207
    0.0430 20191208
    0.0322 20191209
    0.0218 20191210
    0.0132 20191211
    0.0113 20191212
    0.0089 20191213
    0.0078 20191214
    0.0106 20191215
    0.0099 20191216
    0.0093 20191217
    0.0087 20191218
    0.0082 20191219
    0.0078 20191220
    0.0073 20191221
    0.0069 20191222
    0.0066 20191223
    0.0062 20191224
    0.0059 20191225
    0.0056 20191226
    0.0053 20191227
    0.0050 20191228
    0.0048 20191229
    0.0046 20191230
    0.0043 20191231
    0.0045 20200101
    0.0043 20200102
    0.0041 20200103
    0.0039 20200104
    0.0037 20200105
    0.0036 20200106
    0.0034 20200107
    0.0032 20200108
    0.0031 20200109
    0.0030 20200110
    0.0028 20200111
    0.0027 20200112
    0.0026 20200113
    0.0025 20200114
    0.0024 20200115
    0.0023 20200116
    0.0022 20200117
    0.0021 20200118
    0.0104 20200119
    0.0229 20200120
    0.0021 20200121
    0.0034 20200122
    0.0032 20200123
    0.0031 20200124
    0.0029 20200125
    0.0028 20200126
    0.0027 20200127
    0.0025 20200128
    0.0024 20200129
    0.0023 20200130
    0.0022 20200131
    0.0027 20200201
    0.0026 20200202
    0.0025 20200203
    0.0024 20200204
    0.0023 20200205
    0.0022 20200206
    0.0021 20200207
    0.0020 20200208
    0.0019 20200209
    0.0018 20200210
    0.0017 20200211
    0.0017 20200212
    0.0016 20200213
    0.0015 20200214
    0.0015 20200215
    0.0014 20200216
    0.0014 20200217
    0.0013 20200218
    0.0013 20200219
    0.0012 20200220
    0.0012 20200221
    0.0011 20200222
    0.0011 20200223
    0.0010 20200224
    0.0010 20200225
    0.0010 20200226
    0.0009 20200227
    0.0009 20200228
    0.0009 20200229
    0.0010 20200301
    0.0009 20200302
    0.0009 20200303
    0.0009 20200304
    0.0008 20200305
    0.0008 20200306
    0.0008 20200307
    0.0007 20200308
    0.0007 20200309
    0.0007 20200310
    0.0007 20200311
    0.0006 20200312
    0.0006 20200313
    0.0006 20200314
    0.0006 20200315
    0.0006 20200316
    0.0005 20200317
    0.0005 20200318
    0.0005 20200319
    0.0005 20200320
    0.0182 20200321
    0.0189 20200322
    0.0025 20200323
    0.0106 20200324
    0.0009 20200325
    0.0007 20200326
    0.0148 20200327
    0.0118 20200328
    0.0012 20200329
    0.0009 20200330
    0.0045 20200331
    0.0011 20200401
    0.0217 20200402
    0.0014 20200403
    0.0015 20200404
    0.0014 20200405
    0.0014 20200406
    0.0013 20200407
    0.0012 20200408
    0.0012 20200409
    0.0011 20200410
    0.0011 20200411
    0.0125 20200412
    0.0043 20200413
    0.0010 20200414
    0.0009 20200415
    0.0009 20200416
    0.0009 20200417
    0.0008 20200418
    0.0163 20200419
    0.0015 20200420
    0.0008 20200421
    0.0008 20200422
    0.0008 20200423
    0.0007 20200424
    0.0112 20200425
    0.0010 20200426
    0.0007 20200427
    0.0006 20200428
    0.0006 20200429
    0.0006 20200430
    0.0007 20200501
    0.0007 20200502
    0.0007 20200503
    0.0007 20200504
    0.0006 20200505
    0.0006 20200506
    0.0006 20200507
    0.0006 20200508
    0.0006 20200509
    0.0005 20200510
    0.0005 20200511
    0.0005 20200512
    0.0005 20200513
    0.0196 20200514
    0.0016 20200515
    0.0005 20200516
    0.0005 20200517
    0.0005 20200518
    0.0005 20200519
    0.0004 20200520
    0.0004 20200521
    0.0004 20200522
    0.0004 20200523
    0.0004 20200524
    0.0004 20200525
    0.0004 20200526
    0.0004 20200527
    0.0003 20200528
    0.0003 20200529
    0.0003 20200530
    0.0003 20200531
    0.0004 20200601
    0.0004 20200602
    0.0004 20200603
    0.0194 20200604
    0.0014 20200605
    0.0004 20200606
    0.0004 20200607
    0.0112 20200608
    0.0006 20200609
    0.0004 20200610
    0.0003 20200611
    0.0003 20200612
    0.0003 20200613
    0.0003 20200614
    0.0003 20200615
    0.0003 20200616
    0.0003 20200617
    0.0003 20200618
    0.0003 20200619
    0.0003 20200620
    0.0002 20200621
    0.0002 20200622
    0.0002 20200623
    0.0002 20200624
    0.0002 20200625
    0.0002 20200626
    0.0002 20200627
    0.0002 20200628
    0.0002 20200629
    0.0002 20200630
    0.0005 20200701
    0.0005 20200702
    0.0004 20200703
    0.0004 20200704
    0.0004 20200705
    0.0004 20200706
    0.0004 20200707
    0.0004 20200708
    0.0004 20200709
    0.0004 20200710
    0.0003 20200711
    0.0003 20200712
    0.0003 20200713
    0.0003 20200714
    0.0003 20200715
    0.0003 20200716
    0.0003 20200717
    0.0003 20200718
    0.0003 20200719
    0.0003 20200720
    0.0002 20200721
    0.0002 20200722
    0.0002 20200723
    0.0002 20200724
    0.0002 20200725
    0.0002 20200726
    0.0002 20200727
    0.0002 20200728
    0.0002 20200729
    0.0002 20200730
    0.0002 20200731
    0.0002 20200801
    0.0002 20200802
    0.0002 20200803
    0.0002 20200804
    0.0002 20200805
    0.0002 20200806
    0.0002 20200807
    0.0002 20200808
    0.0002 20200809
    0.0002 20200810
    0.0029 20200811
    0.0002 20200812
    0.0001 20200813
    0.0001 20200814
    0.0001 20200815
    0.0001 20200816
    0.0001 20200817
    0.0001 20200818
    0.0001 20200819
    0.0001 20200820
    0.0001 20200821
    0.0001 20200822
    0.0001 20200823
    0.0001 20200824
    0.0001 20200825
    0.0001 20200826
    0.0001 20200827
    0.0001 20200828
    0.0138 20200829
    0.0007 20200830
    0.0001 20200831
    0.0001 20200901
    0.0001 20200902
    0.0001 20200903
    0.0001 20200904
    0.0001 20200905
    0.0001 20200906
    0.0001 20200907
    0.0001 20200908
    0.0001 20200909
    0.0001 20200910
    0.0001 20200911
    0.0001 20200912
    0.0001 20200913
    0.0001 20200914
    0.0001 20200915
    0.0001 20200916
    0.0001 20200917
    0.0087 20200918
    0.0003 20200919
    0.0001 20200920
    0.0001 20200921
    0.0001 20200922
    0.0001 20200923
    0.0001 20200924
    0.0001 20200925
    0.0001 20200926
    0.0001 20200927
    0.0001 20200928
    0.0001 20200929
    0.0001 20200930
    0.0001 20201001
    0.0001 20201002
    0.0001 20201003
    0.0001 20201004
    0.0001 20201005
    0.0001 20201006
    0.0001 20201007
    0.0000 20201008
    0.0000 20201009
    0.0000 20201010
    0.0000 20201011
    0.0000 20201012
    0.0000 20201013
    0.0000 20201014
    0.0000 20201015
    0.0000 20201016
    0.0000 20201017
    0.0000 20201018
    0.0000 20201019
    0.0000 20201020
    0.0000 20201021
    0.0000 20201022
    0.0000 20201023
    0.0000 20201024
    0.0000 20201025
    0.0000 20201026
    0.0000 20201027
    0.0000 20201028
    0.0000 20201029
    0.0000 20201030
    0.0000 20201031
    0.0000 20201101
    0.0000 20201102
    0.0000 20201103
    0.0000 20201104
    0.0000 20201105
    0.0000 20201106
    0.0000 20201107
    0.0000 20201108
    0.0000 20201109
    0.0000 20201110
    0.0000 20201111
    0.0000 20201112
    0.0000 20201113
    0.0000 20201114
    0.0000 20201115
    0.0000 20201116
    0.0000 20201117
    0.0000 20201118
    0.0000 20201119
    0.0000 20201120
    0.0000 20201121
    0.0000 20201122
    0.0000 20201123
    0.0000 20201124
    0.0000 20201125
    0.0000 20201126
    0.0002 20201127
    0.0000 20201128
    0.0000 20201129
    0.0000 20201130
    0.0000 20201201
    0.0000 20201202
    0.0000 20201203
    0.0000 20201204
    0.0000 20201205
    0.0000 20201206
    0.0000 20201207
    0.0000 20201208
    0.0000 20201209
    0.0000 20201210
    0.0000 20201211
    0.0000 20201212
    0.0000 20201213
    0.0000 20201214
    0.0000 20201215
    0.0000 20201216
    0.0000 20201217
    0.0000 20201218
    0.0000 20201219
    0.0000 20201220
    0.0000 20201221
    0.0000 20201222
    0.0000 20201223
    0.0000 20201224
    0.0000 20201225
    0.0000 20201226
    0.0000 20201227
    0.0000 20201228
    0.0000 20201229
    0.0000 20201230
    0.0000 20201231
    0.0000 20210101
    0.0000 20210102
    0.0000 20210103
    0.0000 20210104
    0.0000 20210105
    0.0000 20210106
    0.0059 20210107
    0.0077 20210108
    0.0072 20210109
    0.0066 20210110
    0.0002 20210111
    0.0000 20210112
    0.0000 20210113
    0.0000 20210114
    0.0000 20210115
    0.0000 20210116
    0.0000 20210117
    0.0000 20210118
    0.0000 20210119
    0.0000 20210120
    0.0000 20210121
    0.0000 20210122
    0.0000 20210123
    0.0000 20210124
    0.0000 20210125
    0.0000 20210126
    0.0000 20210127
    0.0000 20210128
    0.0000 20210129
    0.0000 20210130
    0.0000 20210131
    0.0000 20210201
    0.0000 20210202
    0.0000 20210203
    0.0000 20210204
    0.0000 20210205
    0.0000 20210206
    0.0000 20210207
    0.0000 20210208
    0.0000 20210209
    0.0000 20210210
    0.0000 20210211
    0.0000 20210212
    0.0000 20210213
    0.0000 20210214
    0.0000 20210215
    0.0000 20210216
    0.0000 20210217
    0.0000 20210218
    0.0000 20210219
    0.0000 20210220
    0.0000 20210221
    0.0000 20210222
    0.0000 20210223
    0.0000 20210224
    0.0000 20210225
    0.0000 20210226
    0.0000 20210227
    0.0000 20210228
    0.0000 20210301
    0.0000 20210302
    0.0000 20210303
    0.0000 20210304
    0.0000 20210305
    0.0062 20210306
    0.0090 20210307
    0.0061 20210308
    0.0001 20210309
    0.0000 20210310
    0.0000 20210311
    0.0000 20210312
    0.0000 20210313
    0.0000 20210314
    0.0000 20210315
    0.0000 20210316
    0.0000 20210317
    0.0015 20210318
    0.0087 20210319
    0.0071 20210320
    0.0002 20210321
    0.0000 20210322
    0.0000 20210323
    0.0000 20210324
    0.0000 20210325
    0.0000 20210326
    0.0000 20210327
    0.0000 20210328
    0.0000 20210329
    0.0000 20210330
    0.0000 20210331
    0.0000 20210401
    0.0000 20210402
    0.0000 20210403
    0.0000 20210404
    0.0000 20210405
    0.0000 20210406
    0.0000 20210407
    0.0000 20210408
    0.0185 20210409
    0.0161 20210410
    0.0007 20210411
    0.0000 20210412
    0.0000 20210413
    0.0086 20210414
    0.0086 20210415
    0.0022 20210416
    0.0000 20210417
    0.0000 20210418
    0.0000 20210419
    0.0000 20210420
    0.0000 20210421
    0.0136 20210422
    0.0005 20210423
    0.0000 20210424
    0.0000 20210425
    0.0129 20210426
    0.0004 20210427
    0.0000 20210428
    0.0000 20210429
    0.0000 20210430
    0.0000 20210501
    0.0000 20210502
    0.0128 20210503
    0.0004 20210504
    0.0000 20210505
    0.0000 20210506
    0.0000 20210507
    0.0000 20210508
    0.0000 20210509
    0.0074 20210510
    0.0001 20210511
    0.0000 20210512
    0.0000 20210513
    0.0000 20210514
    0.0000 20210515
    0.0000 20210516
    0.0000 20210517
    0.0000 20210518
    0.0000 20210519
    0.0000 20210520
    0.0000 20210521
    0.0000 20210522
    0.0087 20210523
    0.0002 20210524
    0.0000 20210525
    0.0000 20210526
    0.0000 20210527
    0.0157 20210528
    0.0007 20210529
    0.0000 20210530
    0.0000 20210531
    0.0023 20210601
    0.0000 20210602
    0.0000 20210603
    0.0000 20210604
    0.0085 20210605
    0.0002 20210606
    0.0000 20210607
    0.0000 20210608
    0.0000 20210609
    0.0000 20210610
    0.0000 20210611
    0.0000 20210612
    0.0000 20210613
    0.0000 20210614
    0.0000 20210615
    0.0000 20210616
    0.0000 20210617
    0.0000 20210618
    0.0000 20210619
    0.0000 20210620
    0.0000 20210621
    0.0000 20210622
    0.0000 20210623
    0.0000 20210624
    0.0000 20210625
    0.0000 20210626
    0.0000 20210627
    0.0000 20210628
    0.0000 20210629
    0.0000 20210630
    0.0000 20210701
    0.0000 20210702
    0.0000 20210703
    0.0000 20210704
    0.0000 20210705
    0.0000 20210706
    0.0000 20210707
    0.0000 20210708
    0.0000 20210709
    0.0000 20210710
    0.0000 20210711
    0.0000 20210712
    0.0000 20210713
    0.0000 20210714
    0.0000 20210715
    0.0000 20210716
    0.0000 20210717
    0.0000 20210718
    0.0000 20210719
    0.0000 20210720
    0.0000 20210721
    0.0000 20210722
    0.0000 20210723
    0.0000 20210724
    0.0000 20210725
    0.0098 20210726
    0.0003 20210727
    0.0000 20210728
    0.0000 20210729
    0.0000 20210730
    0.0000 20210731
    0.0000 20210801
    0.0000 20210802
    0.0000 20210803
    0.0000 20210804
    0.0000 20210805
    0.0000 20210806
    0.0000 20210807
    0.0000 20210808
    0.0000 20210809
    0.0000 20210810
    0.0000 20210811
    0.0000 20210812
    0.0000 20210813
    0.0000 20210814
    0.0000 20210815
    0.0000 20210816
    0.0000 20210817
    0.0000 20210818
    0.0000 20210819
    0.0000 20210820
    0.0000 20210821
    0.0000 20210822
    0.0000 20210823
    0.0000 20210824
    0.0000 20210825
    0.0000 20210826
    0.0000 20210827
    0.0000 20210828
    0.0000 20210829
    0.0000 20210830
    0.0000 20210831
    0.0000 20210901
    0.0000 20210902
    0.0000 20210903
    0.0000 20210904
    0.0000 20210905
    0.0000 20210906
    0.0000 20210907
    0.0000 20210908
    0.0000 20210909
    0.0000 20210910
    0.0000 20210911
    0.0000 20210912
    0.0000 20210913
    0.0000 20210914
    0.0000 20210915
    0.0000 20210916
    0.0000 20210917
    0.0000 20210918
    0.0000 20210919
    0.0146 20210920
    0.0100 20210921
    0.0002 20210922
    0.0000 20210923
    0.0000 20210924
    0.0000 20210925
    0.0000 20210926
    0.0000 20210927
    0.0000 20210928
    0.0000 20210929
    0.0000 20210930
    0.0000 20211001
    0.0000 20211002
    0.0037 20211003
    0.0000 20211004
    0.0000 20211005
    0.0000 20211006
    0.0000 20211007
    0.0000 20211008
    0.0000 20211009
    0.0000 20211010
    0.0000 20211011
    0.0000 20211012
    0.0000 20211013
    0.0000 20211014
    0.0000 20211015
    0.0000 20211016
    0.0000 20211017
    0.0000 20211018
    0.0000 20211019
    0.0000 20211020
    0.0000 20211021
    0.0004 20211022
    0.0000 20211023
    0.0000 20211024
    0.0000 20211025
    0.0083 20211026
    0.0014 20211027
    0.0000 20211028
    0.0000 20211029
    0.0000 20211030
    0.0000 20211031
    0.0000 20211101
    0.0000 20211102
    0.0000 20211103
    0.0000 20211104
    0.0027 20211105
    0.0001 20211106
    0.0000 20211107
    0.0000 20211108
    0.0000 20211109
    0.0000 20211110
    0.0000 20211111
    0.0000 20211112
    0.0000 20211113
    0.0000 20211114
    0.0000 20211115
    0.0000 20211116
    0.0023 20211117
    0.0116 20211118
    0.0109 20211119
    0.0072 20211120
    0.0138 20211121
    0.0007 20211122
    0.0000 20211123
    0.0000 20211124
    0.0000 20211125
    0.0000 20211126
    0.0000 20211127
    0.0000 20211128
    0.0000 20211129
    0.0000 20211130
    0.0000 20211201
    0.0000 20211202
    0.0000 20211203
    0.0000 20211204
    0.0000 20211205
    0.0000 20211206
    0.0000 20211207
    0.0000 20211208
    0.0000 20211209
    0.0000 20211210
    0.0000 20211211
    0.0000 20211212
    0.0000 20211213
    0.0000 20211214
    0.0000 20211215
    0.0000 20211216
    0.0000 20211217
    0.0019 20211218
    0.0000 20211219
    0.0000 20211220
    0.0000 20211221
    0.0000 20211222
    0.0000 20211223
    0.0000 20211224
    0.0000 20211225
    0.0000 20211226
    0.0000 20211227
    0.0000 20211228
    0.0000 20211229
    0.0000 20211230
    0.0000 20211231
    0.0000 20220101
    0.0000 20220102
    0.0000 20220103
    0.0000 20220104
    0.0000 20220105
    0.0000 20220106
    0.0000 20220107
    0.0000 20220108
    0.0000 20220109
    0.0000 20220110
    0.0112 20220111
    0.0004 20220112
    0.0000 20220113
    0.0000 20220114
    0.0000 20220115
    0.0000 20220116
    0.0000 20220117
    0.0000 20220118
    0.0000 20220119
    0.0000 20220120
    0.0000 20220121
    0.0026 20220122
    0.0000 20220123
    0.0000 20220124
    0.0226 20220125
    0.0015 20220126
    0.0000 20220127
    0.0000 20220128
    0.0000 20220129
    0.0000 20220130
    0.0000 20220131
    0.0000 20220201
    0.0000 20220202
    0.0000 20220203
    0.0000 20220204
    0.0000 20220205
    0.0000 20220206
    0.0000 20220207
    0.0000 20220208
    0.0000 20220209
    0.0000 20220210
    0.0000 20220211
    0.0000 20220212
    0.0000 20220213
    0.0000 20220214
    0.0000 20220215
    0.0000 20220216
    0.0000 20220217
    0.0000 20220218
    0.0000 20220219
    0.0000 20220220
    0.0000 20220221
    0.0000 20220222
    0.0000 20220223
    0.0000 20220224
    0.0000 20220225
    0.0000 20220226
    0.0000 20220227
    0.0000 20220228
    0.0000 20220301
    0.0000 20220302
    0.0000 20220303
    0.0178 20220304
    0.0089 20220305
    0.0002 20220306
    0.0148 20220307
    0.0005 20220308
    0.0000 20220309
    0.0000 20220310
    0.0000 20220311
    0.0000 20220312
    0.0000 20220313
    0.0007 20220314
    0.0000 20220315
    0.0150 20220316
    0.0006 20220317
    0.0000 20220318
    0.0000 20220319
    0.0025 20220320
    0.0024 20220321
    0.0053 20220322
    0.0001 20220323
    0.0000 20220324
    0.0032 20220325
    0.0000 20220326
    0.0000 20220327
    0.0000 20220328
    0.0000 20220329
    0.0241 20220330
    0.0117 20220331
    0.0003 20220401
    0.0000 20220402
    0.0000 20220403
    0.0053 20220404
    0.0198 20220405
    0.0010 20220406
    0.0000 20220407
    0.0000 20220408
    0.0000 20220409
    0.0000 20220410
    0.0000 20220411
    0.0074 20220412
    0.0103 20220413
    0.0002 20220414
    0.0000 20220415
    0.0000 20220416
    0.0000 20220417
    0.0000 20220418
    0.0000 20220419
    0.0025 20220420
    0.0000 20220421
    0.0000 20220422
    0.0000 20220423
    0.0000 20220424
    0.0000 20220425
    0.0000 20220426
    0.0000 20220427
    0.0089 20220428
    0.0001 20220429
    0.0000 20220430
    0.0000 20220501
    0.0000 20220502
    0.0017 20220503
    0.0154 20220504
    0.0006 20220505
    0.0000 20220506
    0.0000 20220507
    0.0000 20220508
    0.0000 20220509
    0.0000 20220510
    0.0000 20220511
    0.0000 20220512
    0.0000 20220513
    0.0000 20220514
    0.0000 20220515
    0.0000 20220516
    0.0000 20220517
    0.0000 20220518
    0.0000 20220519
    0.0000 20220520
    0.0000 20220521
    0.0000 20220522
    0.0000 20220523
    0.0000 20220524
    0.0000 20220525
    0.0000 20220526
    0.0000 20220527
    0.0000 20220528
    0.0000 20220529
    0.0000 20220530
    0.0000 20220531
    0.0000 20220601
    0.0000 20220602
    0.0000 20220603
    0.0000 20220604
    0.0000 20220605
    0.0000 20220606
    0.0000 20220607
    0.0000 20220608
    0.0000 20220609
    0.0000 20220610
    0.0000 20220611
    0.0000 20220612
    0.0000 20220613
    0.0000 20220614
    0.0000 20220615
    0.0000 20220616
    0.0000 20220617
    0.0000 20220618
    0.0000 20220619
    0.0000 20220620
    0.0000 20220621
    0.0000 20220622
    0.0000 20220623
    0.0000 20220624
    0.0000 20220625
    0.0000 20220626
    0.0000 20220627
    0.0000 20220628
    0.0000 20220629
    0.0000 20220630
    0.0000 20220701
    0.0000 20220702
    0.0000 20220703
    0.0000 20220704
    0.0000 20220705
    0.0000 20220706
    0.0000 20220707
    0.0000 20220708
    0.0000 20220709
    0.0000 20220710
    0.0000 20220711
    0.0000 20220712
    0.0000 20220713
    0.0000 20220714
    0.0000 20220715
    0.0000 20220716
    0.0000 20220717
    0.0000 20220718
    0.0000 20220719
    0.0000 20220720
    0.0000 20220721
    0.0000 20220722
    0.0000 20220723
    0.0000 20220724
    0.0000 20220725
    0.0000 20220726
    0.0000 20220727
    0.0000 20220728
    0.0000 20220729
    0.0000 20220730
    0.0000 20220731
    0.0000 20220801
    0.0000 20220802
    0.0000 20220803
    0.0000 20220804
    0.0000 20220805
    0.0000 20220806
    0.0000 20220807
    0.0239 20220808
    0.0015 20220809
    0.0000 20220810
    0.0000 20220811
    0.0000 20220812
    0.0000 20220813
    0.0000 20220814
    0.0000 20220815
    0.0000 20220816
    0.0000 20220817
    0.0000 20220818
    0.0000 20220819
    0.0000 20220820
    0.0000 20220821
    0.0000 20220822
    0.0000 20220823
    0.0000 20220824
    0.0000 20220825
    0.0000 20220826
    0.0000 20220827
    0.0000 20220828
    0.0000 20220829
    0.0000 20220830
    0.0000 20220831
    0.0000 20220901
    0.0000 20220902
    0.0000 20220903
    0.0000 20220904
    0.0000 20220905
    0.0000 20220906
    0.0000 20220907
    0.0000 20220908
    0.0000 20220909
    0.0000 20220910
    0.0000 20220911
    0.0000 20220912
    0.0000 20220913
    0.0000 20220914
    0.0000 20220915
    0.0000 20220916
    0.0000 20220917
    0.0000 20220918
    0.0000 20220919
    0.0000 20220920
    0.0000 20220921
    0.0000 20220922
    0.0000 20220923
    0.0000 20220924
    0.0294 20220925
    0.0021 20220926
    0.0000 20220927
    0.0000 20220928
    0.0000 20220929
    0.0000 20220930
    0.0000 20221001
    0.0000 20221002
    0.0000 20221003
    0.0000 20221004
    0.0000 20221005
    0.0120 20221006
    0.0003 20221007
    0.0000 20221008
    0.0000 20221009
    0.0041 20221010
    0.0000 20221011
    0.0000 20221012
    0.0000 20221013
    0.0000 20221014
    0.0000 20221015
    0.0000 20221016
    0.0000 20221017
    0.0000 20221018
    0.0000 20221019
    0.0000 20221020
    0.0000 20221021
    0.0000 20221022
    0.0000 20221023
    0.0000 20221024
    0.0000 20221025
    0.0000 20221026
    0.0000 20221027
    0.0000 20221028
    0.0000 20221029
    0.0000 20221030
    0.0000 20221031
    0.0000 20221101
    0.0000 20221102
    0.0000 20221103
    0.0000 20221104
    0.0000 20221105
    0.0000 20221106
    0.0000 20221107
    0.0000 20221108
    0.0011 20221109
    0.0000 20221110
    0.0000 20221111
    0.0000 20221112
    0.0000 20221113
    0.0000 20221114
    0.0000 20221115
    0.0000 20221116
    0.0000 20221117
    0.0079 20221118
    0.0131 20221119
    0.0175 20221120
    0.0213 20221121
    0.0245 20221122
    0.0272 20221123
    0.0296 20221124
    0.0315 20221125
    0.0332 20221126
    0.0346 20221127
    0.0359 20221128
    0.0369 20221129
    0.0378 20221130
    0.0386 20221201
    0.0147 20221202
    0.0004 20221203
    0.0002 20221204
    0.0002 20221205
    0.0120 20221206
    0.0003 20221207
    0.0002 20221208
    0.0002 20221209
    0.0002 20221210
    0.0089 20221211
    0.0003 20221212
    0.0002 20221213
    0.0003 20221214
    0.0141 20221215
    0.0004 20221216
    0.0001 20221217
    0.0001 20221218
    0.0001 20221219
    0.0001 20221220
    0.0001 20221221
    0.0001 20221222
    0.0001 20221223
    0.0001 20221224
    0.0001 20221225
    0.0001 20221226
    0.0001 20221227
    0.0001 20221228
    0.0001 20221229
    0.0001 20221230
    0.0001 20221231
    0.0001 20230101
    0.0001 20230102
    0.0001 20230103
    0.0001 20230104
    0.0001 20230105
    0.0001 20230106
    0.0001 20230107
    0.0001 20230108
    0.0001 20230109
    0.0001 20230110
    0.0001 20230111
    0.0001 20230112
    0.0001 20230113
    0.0001 20230114
    0.0001 20230115
    0.0001 20230116
    0.0001 20230117
    0.0001 20230118
    0.0001 20230119
    0.0001 20230120
    0.0001 20230121
    0.0001 20230122
    0.0001 20230123
    0.0217 20230124
    0.0009 20230125
    0.0001 20230126
    0.0001 20230127
    0.0001 20230128
    0.0097 20230129
    0.0002 20230130
    0.0001 20230131
    0.0001 20230201
    0.0001 20230202
    0.0001 20230203
    0.0001 20230204
    0.0001 20230205
    0.0001 20230206
    0.0001 20230207
    0.0148 20230208
    0.0005 20230209
    0.0001 20230210
    0.0001 20230211
    0.0001 20230212
    0.0001 20230213
    0.0001 20230214
    0.0001 20230215
    0.0001 20230216
    0.0001 20230217
    0.0001 20230218
    0.0001 20230219
    0.0001 20230220
    0.0001 20230221
    0.0001 20230222
    0.0001 20230223
    0.0001 20230224
    0.0001 20230225
    0.0001 20230226
    0.0001 20230227
    0.0001 20230228
    0.0102 20230301
    0.0002 20230302
    0.0001 20230303
    0.0001 20230304
    0.0022 20230305
    0.0001 20230306
    0.0000 20230307
    0.0000 20230308
    0.0031 20230309
    0.0001 20230310
    0.0000 20230311
    0.0000 20230312
    0.0000 20230313
    0.0000 20230314
    0.0000 20230315
    0.0000 20230316
    0.0000 20230317
    0.0000 20230318
    0.0000 20230319
    0.0000 20230320
    0.0000 20230321
    0.0000 20230322
    0.0000 20230323
    0.0000 20230324
    0.0000 20230325
    0.0000 20230326
    0.0000 20230327
    0.0000 20230328
    0.0000 20230329
    0.0000 20230330
    0.0000 20230331
    0.0000 20230401
    0.0000 20230402
    0.0000 20230403
    0.0000 20230404
    0.0000 20230405
    0.0000 20230406
    0.0000 20230407
    0.0000 20230408
    0.0000 20230409
    0.0000 20230410
    0.0000 20230411
    0.0000 20230412
    0.0000 20230413
    0.0000 20230414
    0.0000 20230415
    0.0031 20230416
    0.0000 20230417
    0.0000 20230418
    0.0000 20230419
    0.0000 20230420
    0.0000 20230421
    0.0000 20230422
    0.0000 20230423
    0.0000 20230424
    0.0000 20230425
    0.0000 20230426
    0.0000 20230427
    0.0114 20230428
    0.0010 20230429
    0.0000 20230430
    0.0000 20230501
    0.0000 20230502
    0.0000 20230503
    0.0000 20230504
    0.0077 20230505
    0.0001 20230506
    0.0000 20230507
    0.0184 20230508
    0.0947 20230509
    0.1590 20230510
    0.0414 20230511
    0.0286 20230512
    0.0285 20230513
    0.0119 20230514
    0.0071 20230515
    0.0907 20230516
    0.0071 20230517
    0.0019 20230518
    0.0008 20230519
    0.0921 20230520
    0.0064 20230521
    0.0012 20230522
    0.0005 20230523
    0.0477 20230524
    0.0023 20230525
    0.0001 20230526
    0.0001 20230527
    0.0001 20230528
    0.0001 20230529
    0.0253 20230530
    0.0006 20230531
    0.0001 20230601
    0.0001 20230602
    0.0001 20230603
    0.0001 20230604
    0.0001 20230605
    0.0001 20230606
    0.0001 20230607
    0.0001 20230608
    0.0001 20230609
    0.0001 20230610
    0.0001 20230611
    0.0001 20230612
    0.0001 20230613
    0.0001 20230614
    0.0001 20230615
    0.0001 20230616
    0.0001 20230617
    0.0001 20230618
    0.0001 20230619
    0.0001 20230620
    0.0000 20230621
    0.0000 20230622
    0.0000 20230623
    0.0000 20230624
    0.0000 20230625
    0.0000 20230626
    0.0000 20230627
    0.0000 20230628
    0.0000 20230629
    0.0000 20230630
    0.0001 20230701
    0.0001 20230702
    0.0001 20230703
    0.0001 20230704
    0.0001 20230705
    0.0003 20230706
    0.0000 20230707
    0.0000 20230708
    0.0000 20230709
    0.0000 20230710
    0.0000 20230711
    0.0000 20230712
    0.0000 20230713
    0.0000 20230714
    0.0000 20230715
    0.0000 20230716
    0.0000 20230717
    0.0000 20230718
    0.0000 20230719
    0.0000 20230720
    0.0000 20230721
    0.0000 20230722
    0.0000 20230723
    0.0000 20230724
    0.0000 20230725
    0.0000 20230726
    0.0000 20230727
    0.0000 20230728
    0.0000 20230729
    0.0000 20230730
    0.0000 20230731
    0.0000 20230801
    0.0000 20230802
    0.0000 20230803
    0.0000 20230804
    0.0000 20230805
    0.0000 20230806
    0.0000 20230807
    0.0000 20230808
    0.0000 20230809
    0.0000 20230810
    0.0000 20230811
    0.0000 20230812
    0.0000 20230813
    0.0000 20230814
    0.0000 20230815
    0.0000 20230816
    0.1154 20230817
    0.0198 20230818
    0.0135 20230819
    0.0081 20230820
    0.0388 20230821
    0.0039 20230822
    0.0010 20230823
    0.0004 20230824
    0.0002 20230825
    0.0001 20230826
    0.0001 20230827
    0.0000 20230828
    0.0000 20230829
    0.0000 20230830
    0.0000 20230831
    0.0000 20230901
    0.0000 20230902
    0.0000 20230903
    0.0000 20230904
    0.0000 20230905
    0.0000 20230906
    0.0000 20230907
    0.0000 20230908
    0.0000 20230909
    0.0000 20230910
    0.0000 20230911
    0.0000 20230912
    0.0000 20230913
    0.0000 20230914
    0.0000 20230915
    0.0000 20230916
    0.0000 20230917
    0.0000 20230918
    0.0042 20230919
    0.0000 20230920
    0.0000 20230921
    0.0000 20230922
    0.0000 20230923
    0.0000 20230924
    0.0000 20230925
    0.0000 20230926
    0.0000 20230927
    0.0000 20230928
    0.0000 20230929
    0.0000 20230930
    0.0000 20231001
    0.0000 20231002
    0.0000 20231003
    0.0000 20231004
    0.0000 20231005
    0.0000 20231006
    0.0000 20231007
    0.0000 20231008
    0.0000 20231009
    0.0000 20231010
    0.0000 20231011
    0.0000 20231012
    0.0000 20231013
    0.0000 20231014
    0.0000 20231015
    0.0000 20231016
    0.0000 20231017
    0.0000 20231018
    0.0000 20231019
    0.0000 20231020
    0.0000 20231021
    0.0000 20231022
    0.0000 20231023
    0.0000 20231024
    0.0000 20231025
    0.0000 20231026
    0.0000 20231027
    0.0000 20231028
    0.0000 20231029
    0.0000 20231030
    0.0000 20231031
    0.0000 20231101
    0.0000 20231102
    0.0000 20231103
    0.0000 20231104
    0.0000 20231105
    0.0653 20231106
    0.0068 20231107
    0.0000 20231108
    0.0000 20231109
    0.0000 20231110
    0.0000 20231111
    0.0000 20231112
    0.0000 20231113
    0.0000 20231114
    0.0000 20231115
    0.0000 20231116
    0.0000 20231117
    0.0000 20231118
    0.0000 20231119
    0.0000 20231120
    0.0000 20231121
    0.0000 20231122
    0.0000 20231123
    0.0000 20231124
    0.0000 20231125
    0.0000 20231126
    0.0000 20231127
    0.0000 20231128
    0.0000 20231129
    0.0000 20231130
    0.0000 20231201
    0.0000 20231202
    0.0000 20231203
    0.0000 20231204
    0.0000 20231205
    0.0300 20231206
    0.0008 20231207
    0.0000 20231208
    0.0000 20231209
    0.0000 20231210
    0.0000 20231211
    0.0000 20231212
    0.0000 20231213
    0.0000 20231214
    0.0000 20231215
    0.0000 20231216
    0.0000 20231217
    0.0000 20231218
    0.0000 20231219
    0.0000 20231220
    0.0000 20231221
    0.0000 20231222
    0.0000 20231223
    0.0000 20231224
    0.0000 20231225
    0.0000 20231226
    0.0000 20231227
    0.0000 20231228
    0.0000 20231229
    0.0000 20231230
    0.0000 20231231
