   0.0000 20030101
   0.0000 20030102
   0.0000 20030103
   0.0000 20030104
   0.0000 20030105
   0.0000 20030106
   0.0000 20030107
   0.0000 20030108
   0.0000 20030109
   0.8638 20030110
   0.0907 20030111
   0.1195 20030112
   0.0187 20030113
   0.0053 20030114
   0.0018 20030115
   0.0008 20030116
   0.0005 20030117
   0.0004 20030118
   0.0003 20030119
   0.0002 20030120
   0.0002 20030121
   0.0001 20030122
   0.0001 20030123
   0.0001 20030124
   0.0001 20030125
   0.0000 20030126
   0.0001 20030127
   0.0000 20030128
   0.0000 20030129
   0.0000 20030130
   0.0000 20030131
   0.0000 20030201
   0.0000 20030202
   0.0000 20030203
   0.0000 20030204
   0.0000 20030205
   0.0000 20030206
   0.0000 20030207
   0.0000 20030208
   0.0000 20030209
   0.0000 20030210
   0.0000 20030211
   0.0000 20030212
   0.0000 20030213
   0.0000 20030214
   0.0000 20030215
   0.0000 20030216
   0.0000 20030217
   0.0000 20030218
   0.0000 20030219
   0.0000 20030220
   0.0000 20030221
   0.0000 20030222
   0.0000 20030223
   0.0000 20030224
   0.0000 20030225
   0.0000 20030226
   0.0000 20030227
   0.0000 20030228
   0.0000 20030301
   0.0000 20030302
   0.0000 20030303
   0.0000 20030304
   0.0000 20030305
   0.0000 20030306
   0.0000 20030307
   0.0000 20030308
   0.0000 20030309
   0.0000 20030310
   0.0000 20030311
   0.0000 20030312
   0.0000 20030313
   0.0000 20030314
   0.0000 20030315
   0.0000 20030316
   0.0000 20030317
   0.0000 20030318
   0.0000 20030319
   0.0000 20030320
   0.0000 20030321
   0.0000 20030322
   0.0000 20030323
   0.0000 20030324
   0.0000 20030325
   0.0000 20030326
   0.0000 20030327
   0.0000 20030328
   0.0000 20030329
   0.0000 20030330
   0.0000 20030331
   0.0000 20030401
   0.0000 20030402
   0.0000 20030403
   0.0000 20030404
   0.0000 20030405
   0.0000 20030406
   0.0000 20030407
   0.0000 20030408
   0.0000 20030409
   0.0000 20030410
   0.0000 20030411
   0.0000 20030412
   0.0000 20030413
   0.0000 20030414
   0.0000 20030415
   0.0000 20030416
   0.0000 20030417
   0.0000 20030418
   0.0000 20030419
   0.0000 20030420
   0.0000 20030421
   0.0000 20030422
   0.0000 20030423
   0.0000 20030424
   0.0000 20030425
   0.0000 20030426
   0.0000 20030427
   0.0000 20030428
   0.0000 20030429
   0.0000 20030430
   0.0000 20030501
   0.0000 20030502
   0.0000 20030503
   0.0000 20030504
   0.0000 20030505
   0.0000 20030506
   0.0000 20030507
   0.0000 20030508
   0.0000 20030509
   0.0000 20030510
   0.0000 20030511
   0.0000 20030512
   0.0000 20030513
   0.0000 20030514
   0.0000 20030515
   0.0000 20030516
   0.0000 20030517
   0.0000 20030518
   0.0000 20030519
   0.0000 20030520
   0.0000 20030521
   0.0000 20030522
   0.0000 20030523
   0.0000 20030524
   0.0000 20030525
   0.0000 20030526
   0.0000 20030527
   0.0000 20030528
   0.0000 20030529
   0.0000 20030530
   0.0000 20030531
   0.0000 20030601
   0.0000 20030602
   0.0000 20030603
   0.0000 20030604
   0.0000 20030605
   0.0000 20030606
   0.0000 20030607
   0.0000 20030608
   0.0000 20030609
   0.0000 20030610
   0.0000 20030611
   0.0000 20030612
   0.0000 20030613
   0.0000 20030614
   0.0000 20030615
   0.0000 20030616
   0.0000 20030617
   0.0000 20030618
   0.0000 20030619
   0.0000 20030620
   0.0000 20030621
   0.0000 20030622
   0.0000 20030623
   0.0000 20030624
   0.0000 20030625
   0.0000 20030626
   0.0000 20030627
   0.0000 20030628
   0.0000 20030629
   0.0000 20030630
   0.0000 20030701
   0.0000 20030702
   0.0000 20030703
   0.0000 20030704
   0.0000 20030705
   0.0000 20030706
   0.0000 20030707
   0.0000 20030708
   0.0000 20030709
   0.0000 20030710
   0.0000 20030711
   0.0000 20030712
   0.0000 20030713
   0.0000 20030714
   0.0000 20030715
   0.0000 20030716
   0.0000 20030717
   0.0000 20030718
   0.0000 20030719
   0.0000 20030720
   0.0000 20030721
   0.0000 20030722
   0.0000 20030723
   0.0000 20030724
   0.0000 20030725
   0.0000 20030726
   0.0000 20030727
   0.0000 20030728
   0.0000 20030729
   0.0000 20030730
   0.0000 20030731
   0.0000 20030801
   0.0000 20030802
   0.0000 20030803
   0.0000 20030804
   0.0000 20030805
   0.0000 20030806
   0.0000 20030807
   0.0000 20030808
   0.0000 20030809
   0.0000 20030810
   0.0000 20030811
   0.0000 20030812
   0.0000 20030813
   0.0000 20030814
   0.0000 20030815
   0.0000 20030816
   0.0000 20030817
   0.0000 20030818
   0.0000 20030819
   0.0000 20030820
   0.0000 20030821
   0.0000 20030822
   0.0000 20030823
   0.0000 20030824
   0.0000 20030825
   0.0000 20030826
   0.0000 20030827
   0.0000 20030828
   0.0000 20030829
   0.0000 20030830
   0.0000 20030831
   0.0000 20030901
   0.0000 20030902
   0.0000 20030903
   0.0000 20030904
   0.0000 20030905
   0.0000 20030906
   0.0000 20030907
   0.0000 20030908
   0.0000 20030909
   0.0000 20030910
   0.0000 20030911
   0.0000 20030912
   0.0000 20030913
   0.0000 20030914
   0.0000 20030915
   0.0000 20030916
   0.0000 20030917
   0.0000 20030918
   0.0000 20030919
   0.0000 20030920
   0.0000 20030921
   0.0000 20030922
   0.0000 20030923
   0.0000 20030924
   0.0000 20030925
   0.0000 20030926
   0.0000 20030927
   0.0000 20030928
   0.0000 20030929
   0.0000 20030930
   0.0000 20031001
   0.0000 20031002
   0.0000 20031003
   0.0000 20031004
   0.0000 20031005
   0.0203 20031006
   0.0048 20031007
   0.0015 20031008
   0.0006 20031009
   0.0003 20031010
   0.0002 20031011
   0.0001 20031012
   0.0002 20031013
   0.0001 20031014
   0.0001 20031015
   0.0075 20031016
   0.0146 20031017
   0.0036 20031018
   0.0013 20031019
   0.0006 20031020
   0.0004 20031021
   0.0003 20031022
   0.0002 20031023
   0.0002 20031024
   0.0001 20031025
   0.0001 20031026
   0.0001 20031027
   0.0000 20031028
   0.0001 20031029
   0.0000 20031030
   0.0000 20031031
   0.0000 20031101
   0.0000 20031102
   0.0000 20031103
   0.0000 20031104
   0.0000 20031105
   0.0000 20031106
   0.0000 20031107
   0.0000 20031108
   0.0000 20031109
   0.0000 20031110
   0.0000 20031111
   0.0000 20031112
   0.0000 20031113
   0.0000 20031114
   0.0000 20031115
   0.0000 20031116
   0.0000 20031117
   1.4440 20031118
   0.1510 20031119
   0.0295 20031120
   0.0083 20031121
   0.0027 20031122
   0.0012 20031123
   0.0007 20031124
   0.0005 20031125
   0.0003 20031126
   0.0003 20031127
   0.0002 20031128
   0.0002 20031129
   0.0001 20031130
   0.0001 20031201
   0.0001 20031202
   0.0001 20031203
   0.0001 20031204
   0.0000 20031205
   0.0000 20031206
   0.0001 20031207
   0.0000 20031208
   0.0081 20031209
   0.0023 20031210
   0.0010 20031211
   0.0006 20031212
   0.0004 20031213
   0.0003 20031214
   0.0002 20031215
   0.0002 20031216
   0.0002 20031217
   0.0001 20031218
   0.0001 20031219
   0.0001 20031220
   0.0001 20031221
   0.0000 20031222
   0.0001 20031223
   0.0000 20031224
   0.0000 20031225
   0.0000 20031226
   0.0000 20031227
   0.0000 20031228
   0.0000 20031229
   0.0000 20031230
   0.0000 20031231
   0.0000 20040101
   0.0000 20040102
   0.0000 20040103
   0.0000 20040104
   0.0000 20040105
   0.0000 20040106
   0.0000 20040107
   0.0000 20040108
   0.0000 20040109
   0.0000 20040110
   0.0000 20040111
   0.0000 20040112
   0.0000 20040113
   0.0000 20040114
   0.0000 20040115
   0.0000 20040116
   0.0000 20040117
   0.0000 20040118
   0.0000 20040119
   0.0000 20040120
   0.0000 20040121
   0.0000 20040122
   0.0000 20040123
   0.0000 20040124
   0.0000 20040125
   0.0000 20040126
   0.0000 20040127
   0.0000 20040128
   0.0000 20040129
   0.0000 20040130
   0.0000 20040131
   0.0000 20040201
   0.0000 20040202
   0.0000 20040203
   0.0000 20040204
   0.0000 20040205
   0.0000 20040206
   0.0000 20040207
   0.0000 20040208
   0.0000 20040209
   0.0000 20040210
   0.0000 20040211
   0.0000 20040212
   0.0000 20040213
   0.0000 20040214
   0.0000 20040215
   0.0000 20040216
   0.0000 20040217
   0.0000 20040218
   0.0000 20040219
   0.0000 20040220
   0.0000 20040221
   0.0000 20040222
   0.0000 20040223
   0.0000 20040224
   0.0000 20040225
   0.0000 20040226
   0.0000 20040227
   0.0000 20040228
   0.0000 20040229
   0.0000 20040301
   0.0000 20040302
   0.0000 20040303
   0.0000 20040304
   0.0000 20040305
   0.0000 20040306
   0.0000 20040307
   0.0000 20040308
   0.0000 20040309
   0.0000 20040310
   0.0000 20040311
   0.0000 20040312
   0.0000 20040313
   0.0000 20040314
   0.0000 20040315
   0.0000 20040316
   0.0000 20040317
   0.0000 20040318
   0.0000 20040319
   0.0000 20040320
   0.0000 20040321
   0.0000 20040322
   0.0000 20040323
   0.0000 20040324
   0.0000 20040325
   0.2062 20040326
   0.0261 20040327
   0.0070 20040328
   0.0022 20040329
   0.0009 20040330
   0.0005 20040331
   0.0003 20040401
   0.0002 20040402
   0.0002 20040403
   0.0001 20040404
   0.0001 20040405
   0.0001 20040406
   0.0001 20040407
   0.0000 20040408
   0.0001 20040409
   0.0000 20040410
   0.1643 20040411
   0.0222 20040412
   0.0060 20040413
   0.0020 20040414
   0.2292 20040415
   0.6320 20040416
   0.0680 20040417
   0.0174 20040418
   0.0052 20040419
   0.0021 20040420
   0.0011 20040421
   0.0008 20040422
   0.0006 20040423
   0.0004 20040424
   0.0004 20040425
   0.0003 20040426
   0.0002 20040427
   0.0002 20040428
   0.0001 20040429
   0.0001 20040430
   0.0001 20040501
   0.0001 20040502
   0.0001 20040503
   0.0001 20040504
   0.0001 20040505
   0.0001 20040506
   0.0000 20040507
   0.0000 20040508
   0.0000 20040509
   0.0000 20040510
   0.0001 20040511
   0.0001 20040512
   0.0000 20040513
   0.0000 20040514
   0.0000 20040515
   0.0000 20040516
   0.0001 20040517
   0.0000 20040518
   0.0000 20040519
   0.0000 20040520
   0.0000 20040521
   0.0000 20040522
   0.0000 20040523
   0.0000 20040524
   0.0000 20040525
   0.0000 20040526
   0.0000 20040527
   0.0000 20040528
   0.0000 20040529
   0.0000 20040530
   0.0000 20040531
   0.0000 20040601
   0.0000 20040602
   0.0000 20040603
   0.0000 20040604
   0.0000 20040605
   0.0000 20040606
   0.0000 20040607
   0.0000 20040608
   0.0000 20040609
   0.0000 20040610
   0.0000 20040611
   0.0000 20040612
   0.0000 20040613
   0.0093 20040614
   0.0024 20040615
   0.0008 20040616
   0.0003 20040617
   0.0001 20040618
   0.0002 20040619
   0.0001 20040620
   0.0001 20040621
   0.0001 20040622
   0.0000 20040623
   0.0000 20040624
   0.0000 20040625
   0.0000 20040626
   0.0000 20040627
   0.0000 20040628
   0.0000 20040629
   0.0000 20040630
   0.0000 20040701
   0.0000 20040702
   0.0000 20040703
   0.0000 20040704
   0.0000 20040705
   0.0000 20040706
   0.0000 20040707
   0.0000 20040708
   0.0000 20040709
   0.0000 20040710
   0.0000 20040711
   0.0000 20040712
   0.0000 20040713
   0.0000 20040714
   0.0000 20040715
   0.0000 20040716
   0.0000 20040717
   0.0000 20040718
   0.0000 20040719
   0.0000 20040720
   0.0000 20040721
   0.0000 20040722
   0.0000 20040723
   0.0000 20040724
   0.0000 20040725
   0.0000 20040726
   0.0000 20040727
   0.0000 20040728
   0.0000 20040729
   0.0000 20040730
   0.0000 20040731
   0.0000 20040801
   0.0000 20040802
   0.0000 20040803
   0.0000 20040804
   0.0000 20040805
   0.0000 20040806
   0.0000 20040807
   0.0000 20040808
   0.0000 20040809
   0.0000 20040810
   0.0000 20040811
   0.0000 20040812
   0.0000 20040813
   0.0000 20040814
   0.0000 20040815
   0.0000 20040816
   0.0000 20040817
   0.0000 20040818
   0.0000 20040819
   0.0000 20040820
   0.0000 20040821
   0.0000 20040822
   0.0000 20040823
   0.0000 20040824
   0.0000 20040825
   0.0000 20040826
   0.0000 20040827
   0.0000 20040828
   0.0000 20040829
   0.0000 20040830
   0.0000 20040831
   0.0000 20040901
   0.0000 20040902
   0.0000 20040903
   0.0000 20040904
   0.0000 20040905
   0.0000 20040906
   0.0000 20040907
   0.0000 20040908
   0.0000 20040909
   0.0000 20040910
   0.0000 20040911
   0.0000 20040912
   0.0000 20040913
   0.0000 20040914
   0.0000 20040915
   0.0000 20040916
   0.0000 20040917
   0.0000 20040918
   0.0000 20040919
   0.0000 20040920
   0.0000 20040921
   0.0000 20040922
   0.0000 20040923
   0.0000 20040924
   0.0000 20040925
   0.0000 20040926
   0.0000 20040927
   0.0000 20040928
   0.0000 20040929
   0.0000 20040930
   0.0000 20041001
   0.0000 20041002
   0.0000 20041003
   0.0000 20041004
   0.0000 20041005
   0.0000 20041006
   0.0000 20041007
   0.0000 20041008
   0.0000 20041009
   0.0000 20041010
   0.0000 20041011
   0.0000 20041012
   0.0000 20041013
   0.0000 20041014
   0.0000 20041015
   0.0000 20041016
   0.0000 20041017
   0.0000 20041018
   0.0000 20041019
   0.0000 20041020
   0.0000 20041021
   0.0000 20041022
   0.0000 20041023
   0.0000 20041024
   0.0000 20041025
   0.0000 20041026
   0.0000 20041027
   0.0000 20041028
   0.0000 20041029
   0.0000 20041030
   0.0000 20041031
   0.0000 20041101
   0.0000 20041102
   0.0000 20041103
   0.0000 20041104
   0.0000 20041105
   0.0000 20041106
   0.0000 20041107
   0.0000 20041108
   0.0000 20041109
   0.0000 20041110
   0.0000 20041111
   0.0000 20041112
   0.0000 20041113
   0.0000 20041114
   0.0000 20041115
   0.0000 20041116
   0.0000 20041117
   0.0000 20041118
   0.0000 20041119
   0.0000 20041120
   0.0000 20041121
   0.0000 20041122
   0.0000 20041123
   0.0000 20041124
   0.0000 20041125
   0.0000 20041126
   0.0000 20041127
   0.0000 20041128
   0.0000 20041129
   0.0000 20041130
   0.0000 20041201
   0.0000 20041202
   0.0041 20041203
   0.2674 20041204
   0.3917 20041205
   0.0447 20041206
   0.0122 20041207
   0.0036 20041208
   0.0014 20041209
   0.0008 20041210
   0.0006 20041211
   0.0004 20041212
   0.0003 20041213
   0.0002 20041214
   0.0002 20041215
   0.0001 20041216
   0.0001 20041217
   0.0001 20041218
   0.0001 20041219
   0.0001 20041220
   0.0001 20041221
   0.1028 20041222
   0.0165 20041223
   0.0046 20041224
   0.0015 20041225
   0.0008 20041226
   0.0004 20041227
   0.0003 20041228
   0.0002 20041229
   0.0002 20041230
   0.0002 20041231
   0.0001 20050101
   0.0001 20050102
   0.0001 20050103
   0.0001 20050104
   0.0001 20050105
   0.0001 20050106
   0.0000 20050107
   0.0000 20050108
   0.0000 20050109
   0.0000 20050110
   0.0000 20050111
   0.0001 20050112
   0.0000 20050113
   0.0000 20050114
   0.0000 20050115
   0.0000 20050116
   0.0000 20050117
   0.0000 20050118
   0.0000 20050119
   0.0000 20050120
   0.0000 20050121
   0.0000 20050122
   0.0000 20050123
   0.0000 20050124
   0.0000 20050125
   0.0000 20050126
   0.0000 20050127
   0.0000 20050128
   0.0000 20050129
   0.0000 20050130
   0.0000 20050131
   0.0000 20050201
   0.0000 20050202
   0.0000 20050203
   0.0000 20050204
   0.0000 20050205
   0.0000 20050206
   0.0000 20050207
   0.0000 20050208
   0.0051 20050209
   0.0773 20050210
   0.0139 20050211
   0.0040 20050212
   0.0014 20050213
   0.0007 20050214
   0.0005 20050215
   0.0003 20050216
   0.0002 20050217
   0.0002 20050218
   0.0001 20050219
   0.0001 20050220
   0.0001 20050221
   0.0001 20050222
   0.0001 20050223
   0.0001 20050224
   0.0001 20050225
   0.0000 20050226
   0.0000 20050227
   0.0001 20050228
   0.0002 20050301
   0.0002 20050302
   0.0002 20050303
   0.0002 20050304
   0.0002 20050305
   0.0002 20050306
   0.0002 20050307
   0.0002 20050308
   0.0002 20050309
   0.0001 20050310
   0.0001 20050311
   0.0001 20050312
   0.0001 20050313
   0.0001 20050314
   0.0001 20050315
   0.0001 20050316
   0.0001 20050317
   0.0001 20050318
   0.0001 20050319
   0.0001 20050320
   0.0001 20050321
   0.0001 20050322
   0.0001 20050323
   0.0000 20050324
   0.0000 20050325
   0.0000 20050326
   0.0000 20050327
   0.0000 20050328
   0.0000 20050329
   0.0000 20050330
   0.0001 20050331
   0.0000 20050401
   0.0000 20050402
   0.0000 20050403
   0.0000 20050404
   0.0000 20050405
   0.0000 20050406
   0.0000 20050407
   0.0000 20050408
   0.0000 20050409
   0.0000 20050410
   0.0000 20050411
   0.0000 20050412
   0.0000 20050413
   0.0000 20050414
   0.0000 20050415
   0.0000 20050416
   0.0000 20050417
   0.0000 20050418
   0.0000 20050419
   0.0000 20050420
   0.0000 20050421
   0.0000 20050422
   0.0000 20050423
   0.0000 20050424
   0.0000 20050425
   0.0000 20050426
   0.0000 20050427
   0.0000 20050428
   0.0000 20050429
   0.0000 20050430
   0.0000 20050501
   0.0000 20050502
   0.0000 20050503
   0.0000 20050504
   0.0000 20050505
   0.0000 20050506
   0.0000 20050507
   0.0000 20050508
   0.0000 20050509
   0.0000 20050510
   0.0000 20050511
   0.0000 20050512
   0.0000 20050513
   0.0000 20050514
   0.0000 20050515
   0.0000 20050516
   0.0000 20050517
   0.0000 20050518
   0.0000 20050519
   0.0000 20050520
   0.0000 20050521
   0.0000 20050522
   0.0000 20050523
   0.0000 20050524
   0.0000 20050525
   0.0000 20050526
   0.0000 20050527
   0.0000 20050528
   0.0000 20050529
   0.0000 20050530
   0.0000 20050531
   0.0000 20050601
   0.0000 20050602
   0.0000 20050603
   0.0000 20050604
   0.0000 20050605
   0.0000 20050606
   0.0000 20050607
   0.0000 20050608
   0.0000 20050609
   0.0000 20050610
   0.0000 20050611
   0.0000 20050612
   0.0000 20050613
   0.0000 20050614
   0.0000 20050615
   0.0000 20050616
   0.0000 20050617
   0.0000 20050618
   0.0000 20050619
   0.0000 20050620
   0.0000 20050621
   0.0000 20050622
   0.0000 20050623
   0.0000 20050624
   0.0000 20050625
   0.0000 20050626
   0.0000 20050627
   0.0000 20050628
   0.0000 20050629
   0.0000 20050630
   0.0000 20050701
   0.0000 20050702
   0.0000 20050703
   0.0000 20050704
   0.0000 20050705
   0.0000 20050706
   0.0000 20050707
   0.0000 20050708
   0.0000 20050709
   0.0000 20050710
   0.0000 20050711
   0.0000 20050712
   0.0000 20050713
   0.0000 20050714
   0.0000 20050715
   0.0000 20050716
   0.0000 20050717
   0.0000 20050718
   0.0000 20050719
   0.0000 20050720
   0.0000 20050721
   0.0000 20050722
   0.0000 20050723
   0.0000 20050724
   0.0000 20050725
   0.0000 20050726
   0.0000 20050727
   0.0000 20050728
   0.0000 20050729
   0.0000 20050730
   0.0000 20050731
   0.0000 20050801
   1.2620 20050802
   0.1320 20050803
   0.0264 20050804
   0.0070 20050805
   0.0021 20050806
   0.0009 20050807
   0.0004 20050808
   0.0004 20050809
   0.0002 20050810
   0.0001 20050811
   0.0001 20050812
   0.0001 20050813
   0.0001 20050814
   0.0001 20050815
   0.0001 20050816
   0.0000 20050817
   0.0000 20050818
   0.0000 20050819
   0.0000 20050820
   0.0000 20050821
   0.0000 20050822
   0.0000 20050823
   0.0000 20050824
   0.0000 20050825
   0.0000 20050826
   0.0000 20050827
   0.0000 20050828
   0.0000 20050829
   0.0000 20050830
   0.0000 20050831
   0.0000 20050901
   0.0000 20050902
   0.0000 20050903
   0.0000 20050904
   0.0000 20050905
   0.0000 20050906
   0.0000 20050907
   0.0000 20050908
   0.0000 20050909
   0.0000 20050910
   0.0000 20050911
   0.0000 20050912
   0.3360 20050913
   0.0382 20050914
   0.0101 20050915
   0.0028 20050916
   0.0011 20050917
   0.0007 20050918
   0.0005 20050919
   0.0003 20050920
   0.0002 20050921
   0.0001 20050922
   0.0001 20050923
   0.0001 20050924
   0.0001 20050925
   0.0001 20050926
   0.0000 20050927
   0.0001 20050928
   0.0000 20050929
   0.0000 20050930
   0.0000 20051001
   0.0000 20051002
   0.0000 20051003
   0.0000 20051004
   0.0000 20051005
   0.0000 20051006
   0.0000 20051007
   0.0000 20051008
   0.0000 20051009
   0.0000 20051010
   0.0000 20051011
   0.0000 20051012
   0.0000 20051013
   0.0000 20051014
   0.0000 20051015
   0.0000 20051016
   0.0000 20051017
   0.0000 20051018
   0.0000 20051019
   0.0000 20051020
   0.0000 20051021
   0.0000 20051022
   0.0000 20051023
   0.0000 20051024
   0.0000 20051025
   0.0000 20051026
   0.0000 20051027
   0.0000 20051028
   0.0000 20051029
   0.0000 20051030
   0.0000 20051031
   0.0000 20051101
   0.0000 20051102
   0.0000 20051103
   0.0000 20051104
   0.0000 20051105
   0.0000 20051106
   0.0000 20051107
   0.0000 20051108
   0.0000 20051109
   0.0000 20051110
   0.0000 20051111
   0.0267 20051112
   0.0062 20051113
   0.0018 20051114
   0.0008 20051115
   0.0004 20051116
   0.0003 20051117
   0.0002 20051118
   0.0001 20051119
   0.0001 20051120
   0.0001 20051121
   0.0001 20051122
   0.0001 20051123
   0.0001 20051124
   0.0001 20051125
   0.0000 20051126
   0.0001 20051127
   0.0000 20051128
   0.0000 20051129
   0.0000 20051130
   0.0000 20051201
   0.0000 20051202
   0.0000 20051203
   0.0000 20051204
   0.0000 20051205
   0.0000 20051206
   0.0000 20051207
   0.0000 20051208
   0.0000 20051209
   0.0000 20051210
   0.0000 20051211
   0.0000 20051212
   0.0000 20051213
   0.0000 20051214
   0.0000 20051215
   0.0000 20051216
   0.0000 20051217
   0.0000 20051218
   0.0000 20051219
   0.0000 20051220
   0.0000 20051221
   0.0000 20051222
   0.0000 20051223
   0.0000 20051224
   0.0000 20051225
   0.0000 20051226
   0.0000 20051227
   0.0000 20051228
   0.0000 20051229
   0.0000 20051230
   0.0000 20051231
   0.0000 20060101
   0.0000 20060102
   0.0000 20060103
   0.0000 20060104
   0.0000 20060105
   0.0000 20060106
   0.0000 20060107
   0.0000 20060108
   0.0000 20060109
   0.0000 20060110
   0.0000 20060111
   0.0000 20060112
   0.0000 20060113
   0.0000 20060114
   0.0000 20060115
   0.0000 20060116
   0.0000 20060117
   0.0000 20060118
   0.0000 20060119
   0.0000 20060120
   0.0000 20060121
   0.0000 20060122
   0.0000 20060123
   0.0000 20060124
   0.0000 20060125
   0.0000 20060126
   0.0001 20060127
   0.0263 20060128
   0.0062 20060129
   0.0020 20060130
   0.0009 20060131
   0.0005 20060201
   0.0004 20060202
   0.0002 20060203
   0.0003 20060204
   0.0002 20060205
   0.0002 20060206
   0.0001 20060207
   0.0001 20060208
   0.0001 20060209
   0.0001 20060210
   0.0001 20060211
   0.0001 20060212
   0.0001 20060213
   0.0000 20060214
   0.0000 20060215
   0.0000 20060216
   0.0000 20060217
   0.0000 20060218
   0.0000 20060219
   0.0001 20060220
   0.0000 20060221
   0.0000 20060222
   0.0000 20060223
   0.0000 20060224
   0.0000 20060225
   0.0000 20060226
   0.0000 20060227
   0.0000 20060228
   0.0000 20060301
   0.0000 20060302
   0.0000 20060303
   0.0000 20060304
   0.0000 20060305
   0.0000 20060306
   0.0000 20060307
   0.0000 20060308
   0.0000 20060309
   0.0000 20060310
   0.0000 20060311
   0.0000 20060312
   0.0000 20060313
   0.0000 20060314
   0.0000 20060315
   0.0000 20060316
   0.0000 20060317
   0.0000 20060318
   0.0000 20060319
   0.0000 20060320
   0.0000 20060321
   0.0000 20060322
   0.0000 20060323
   0.0000 20060324
   0.0000 20060325
   0.0000 20060326
   0.0000 20060327
   0.0000 20060328
   0.0000 20060329
   0.0000 20060330
   0.0000 20060331
   0.0000 20060401
   0.0000 20060402
   0.0000 20060403
   0.0000 20060404
   0.0000 20060405
   0.0000 20060406
   0.0000 20060407
   0.0000 20060408
   0.0000 20060409
   0.0000 20060410
   0.0000 20060411
   0.0000 20060412
   0.0000 20060413
   0.0000 20060414
   0.0000 20060415
   0.0000 20060416
   0.0805 20060417
   0.0139 20060418
   0.0037 20060419
   0.0012 20060420
   0.0005 20060421
   0.0003 20060422
   0.0002 20060423
   0.0001 20060424
   0.0002 20060425
   0.0001 20060426
   0.0001 20060427
   0.0001 20060428
   0.0000 20060429
   0.0000 20060430
   0.0000 20060501
   0.0000 20060502
   0.0000 20060503
   0.0001 20060504
   0.0001 20060505
   0.0000 20060506
   0.0001 20060507
   0.0000 20060508
   0.0000 20060509
   0.0000 20060510
   0.0000 20060511
   0.0000 20060512
   0.0000 20060513
   0.0000 20060514
   0.0000 20060515
   0.0000 20060516
   0.0000 20060517
   0.0000 20060518
   0.0000 20060519
   0.0000 20060520
   0.0000 20060521
   0.0000 20060522
   0.0000 20060523
   0.0000 20060524
   0.0000 20060525
   0.0000 20060526
   0.0000 20060527
   0.0000 20060528
   0.0000 20060529
   0.0000 20060530
   0.0000 20060531
   0.0000 20060601
   0.0000 20060602
   0.0000 20060603
   0.0000 20060604
   0.0000 20060605
   0.0000 20060606
   0.0000 20060607
   0.0000 20060608
   0.0000 20060609
   0.0000 20060610
   0.0000 20060611
   0.0000 20060612
   0.0000 20060613
   0.0000 20060614
   0.0000 20060615
   0.0000 20060616
   0.0000 20060617
   0.0000 20060618
   0.0000 20060619
   0.0000 20060620
   0.0000 20060621
   0.0000 20060622
   0.0000 20060623
   0.0000 20060624
   0.0000 20060625
   0.0000 20060626
   0.0000 20060627
   0.0000 20060628
   0.0000 20060629
   0.0000 20060630
   0.0000 20060701
   0.0000 20060702
   0.0000 20060703
   0.0000 20060704
   0.0000 20060705
   0.0000 20060706
   0.0000 20060707
   0.0000 20060708
   0.0000 20060709
   0.0000 20060710
   0.0000 20060711
   0.0000 20060712
   0.0000 20060713
   0.0000 20060714
   0.0000 20060715
   0.0000 20060716
   0.0000 20060717
   0.0000 20060718
   0.0000 20060719
   0.0000 20060720
   0.0000 20060721
   0.0000 20060722
   0.0000 20060723
   0.0000 20060724
   0.0000 20060725
   0.0000 20060726
   0.0000 20060727
   0.0000 20060728
   0.0000 20060729
   0.0000 20060730
   0.0000 20060731
   0.0000 20060801
   0.0000 20060802
   0.0000 20060803
   0.0000 20060804
   0.0000 20060805
   0.0000 20060806
   0.0000 20060807
   0.0000 20060808
   0.0000 20060809
   0.0000 20060810
   0.0000 20060811
   0.0000 20060812
   0.0000 20060813
   0.0000 20060814
   0.0000 20060815
   0.0000 20060816
   0.0000 20060817
   0.0000 20060818
   0.0000 20060819
   0.0000 20060820
   0.0000 20060821
   0.0000 20060822
   0.0000 20060823
   0.0000 20060824
   0.0000 20060825
   0.0000 20060826
   0.0000 20060827
   0.0000 20060828
   0.0000 20060829
   0.0000 20060830
   0.0000 20060831
   0.0000 20060901
   0.0000 20060902
   0.0000 20060903
   0.0000 20060904
   0.0000 20060905
   0.0000 20060906
   0.0000 20060907
   0.0000 20060908
   0.0000 20060909
   0.0000 20060910
   0.0000 20060911
   0.0000 20060912
   0.0000 20060913
   0.0000 20060914
   0.0000 20060915
   0.0000 20060916
   0.0000 20060917
   0.0000 20060918
   0.0000 20060919
   0.0000 20060920
   0.0000 20060921
   0.0000 20060922
   0.0000 20060923
   0.0000 20060924
   0.0000 20060925
   0.0000 20060926
   0.0000 20060927
   0.0000 20060928
   0.0000 20060929
   0.0000 20060930
   0.0000 20061001
   0.0000 20061002
   0.0000 20061003
   0.0000 20061004
   0.0000 20061005
   0.0000 20061006
   0.0000 20061007
   0.0000 20061008
   0.0000 20061009
   0.0000 20061010
   0.0000 20061011
   0.0000 20061012
   0.0000 20061013
   0.0000 20061014
   0.0000 20061015
   0.0000 20061016
   0.0000 20061017
   0.0000 20061018
   0.0000 20061019
   0.0000 20061020
   0.0000 20061021
   0.0000 20061022
   0.0000 20061023
   0.0000 20061024
   0.0000 20061025
   0.0000 20061026
   0.0000 20061027
   0.0000 20061028
   0.0000 20061029
   0.0000 20061030
   0.0000 20061031
   0.0000 20061101
   0.0000 20061102
   0.0934 20061103
   0.0153 20061104
   0.0042 20061105
   0.0014 20061106
   0.0008 20061107
   0.0005 20061108
   0.0003 20061109
   0.0002 20061110
   0.0001 20061111
   0.0001 20061112
   0.0001 20061113
   0.0001 20061114
   0.0001 20061115
   0.0000 20061116
   0.0001 20061117
   0.0000 20061118
   0.0000 20061119
   0.0000 20061120
   0.0000 20061121
   0.0000 20061122
   0.0000 20061123
   0.0000 20061124
   0.0000 20061125
   0.0000 20061126
   0.0000 20061127
   0.0000 20061128
   0.0000 20061129
   0.0090 20061130
   0.1740 20061201
   0.0232 20061202
   0.0064 20061203
   0.0020 20061204
   0.0009 20061205
   0.0005 20061206
   0.0004 20061207
   0.0003 20061208
   0.0002 20061209
   0.0002 20061210
   0.0001 20061211
   0.0001 20061212
   0.0001 20061213
   0.0001 20061214
   0.0000 20061215
   0.0000 20061216
   0.0001 20061217
   0.0000 20061218
   0.0000 20061219
   0.0000 20061220
   0.0000 20061221
   0.0000 20061222
   0.0000 20061223
   0.0000 20061224
   0.0000 20061225
   0.0000 20061226
   0.0000 20061227
   0.0000 20061228
   0.0000 20061229
   0.0000 20061230
   0.0000 20061231
   0.0000 20070101
   0.0000 20070102
   0.0000 20070103
   0.0000 20070104
   0.0000 20070105
   0.0000 20070106
   0.0000 20070107
   0.0000 20070108
   0.0000 20070109
   0.0000 20070110
   0.0000 20070111
   0.0000 20070112
   0.0000 20070113
   0.0000 20070114
   0.0000 20070115
   0.0000 20070116
   0.0000 20070117
   0.0000 20070118
   0.0000 20070119
   0.0000 20070120
   0.0000 20070121
   0.0000 20070122
   0.0000 20070123
   0.0000 20070124
   0.0000 20070125
   0.0000 20070126
   0.5730 20070127
   0.0606 20070128
   0.0158 20070129
   0.0044 20070130
   0.0015 20070131
   0.0008 20070201
   0.0004 20070202
   0.0004 20070203
   0.0003 20070204
   0.0002 20070205
   0.0002 20070206
   0.0001 20070207
   0.0001 20070208
   0.0001 20070209
   0.0001 20070210
   0.0001 20070211
   0.0001 20070212
   0.0001 20070213
   0.0001 20070214
   0.0001 20070215
   0.0001 20070216
   0.0000 20070217
   0.0000 20070218
   0.0000 20070219
   0.0000 20070220
   0.0000 20070221
   0.0000 20070222
   0.0000 20070223
   0.0000 20070224
   0.0000 20070225
   0.0001 20070226
   0.0000 20070227
   0.0000 20070228
   0.0000 20070301
   0.0000 20070302
   0.0000 20070303
   0.0000 20070304
   0.0000 20070305
   0.0000 20070306
   0.0000 20070307
   0.0000 20070308
   0.0000 20070309
   0.0000 20070310
   0.0000 20070311
   0.0000 20070312
   0.0000 20070313
   0.0000 20070314
   0.0000 20070315
   0.0000 20070316
   0.0000 20070317
   0.0000 20070318
   0.0000 20070319
   0.0000 20070320
   0.0000 20070321
   0.0000 20070322
   0.0000 20070323
   0.0000 20070324
   0.0000 20070325
   0.0000 20070326
   0.0000 20070327
   0.0000 20070328
   0.0000 20070329
   0.0000 20070330
   0.0000 20070331
   0.0000 20070401
   0.0000 20070402
   0.0000 20070403
   0.0000 20070404
   0.0000 20070405
   0.0000 20070406
   0.0000 20070407
   0.0000 20070408
   0.0000 20070409
   0.0000 20070410
   0.0000 20070411
   0.0000 20070412
   0.0000 20070413
   0.0000 20070414
   0.0000 20070415
   0.0000 20070416
   0.0000 20070417
   0.0000 20070418
   0.0000 20070419
   0.0000 20070420
   0.0000 20070421
   0.0000 20070422
   0.0000 20070423
   0.0000 20070424
   0.0000 20070425
   0.0000 20070426
   0.0000 20070427
   0.0000 20070428
   0.0000 20070429
   0.0000 20070430
   0.0000 20070501
   0.0000 20070502
   0.0000 20070503
   0.0000 20070504
   0.0000 20070505
   0.0000 20070506
   0.0000 20070507
   0.0000 20070508
   0.0000 20070509
   0.0000 20070510
   0.0000 20070511
   0.0000 20070512
   0.0000 20070513
   0.0000 20070514
   0.0000 20070515
   0.0000 20070516
   0.0000 20070517
   0.0000 20070518
   0.0000 20070519
   0.0000 20070520
   0.0000 20070521
   0.0000 20070522
   0.0000 20070523
   0.0000 20070524
   0.0000 20070525
   0.0000 20070526
   0.0000 20070527
   0.0000 20070528
   0.0000 20070529
   0.0000 20070530
   0.0000 20070531
   0.0000 20070601
   0.0000 20070602
   0.0000 20070603
   0.0000 20070604
   0.0000 20070605
   0.0000 20070606
   0.0000 20070607
   0.0000 20070608
   0.0000 20070609
   0.0000 20070610
   0.0000 20070611
   0.0000 20070612
   0.0000 20070613
   0.0000 20070614
   0.0000 20070615
   0.0000 20070616
   0.0000 20070617
   0.0000 20070618
   0.0000 20070619
   0.0000 20070620
   0.0000 20070621
   0.0000 20070622
   0.0000 20070623
   0.0000 20070624
   0.0000 20070625
   0.0000 20070626
   0.0000 20070627
   0.0000 20070628
   0.0000 20070629
   0.0000 20070630
   0.0000 20070701
   0.0000 20070702
   0.0000 20070703
   0.0000 20070704
   0.0000 20070705
   0.0000 20070706
   0.0000 20070707
   0.0000 20070708
   0.0000 20070709
   0.0000 20070710
   0.0000 20070711
   0.0000 20070712
   0.0000 20070713
   0.0000 20070714
   0.0000 20070715
   0.0000 20070716
   0.0000 20070717
   0.0000 20070718
   0.0000 20070719
   0.0000 20070720
   0.0000 20070721
   0.0000 20070722
   0.0000 20070723
   0.0000 20070724
   0.0000 20070725
   0.0000 20070726
   0.0000 20070727
   0.0000 20070728
   0.0000 20070729
   0.0000 20070730
   0.0000 20070731
   0.0000 20070801
   0.0000 20070802
   0.0000 20070803
   0.0000 20070804
   0.0000 20070805
   0.0000 20070806
   0.0000 20070807
   0.0000 20070808
   0.0000 20070809
   0.0000 20070810
   0.0000 20070811
   0.0000 20070812
   0.0000 20070813
   0.0000 20070814
   0.0000 20070815
   0.0000 20070816
   0.0000 20070817
   0.0000 20070818
   0.0000 20070819
   0.0000 20070820
   0.0000 20070821
   0.0000 20070822
   0.0000 20070823
   0.0000 20070824
   0.0000 20070825
   0.0000 20070826
   0.0000 20070827
   0.0000 20070828
   0.0000 20070829
   0.0000 20070830
   0.0000 20070831
   0.0000 20070901
   0.0000 20070902
   0.0000 20070903
   0.0000 20070904
   0.0000 20070905
   0.0000 20070906
   0.0000 20070907
   0.0000 20070908
   0.0000 20070909
   0.0000 20070910
   0.0000 20070911
   0.0000 20070912
   0.0000 20070913
   0.0000 20070914
   0.0000 20070915
   0.0000 20070916
   0.0000 20070917
   0.0000 20070918
   0.0000 20070919
   0.0000 20070920
   0.0011 20070921
   0.0004 20070922
   0.0002 20070923
   0.0001 20070924
   0.0001 20070925
   0.0001 20070926
   0.0000 20070927
   0.0000 20070928
   0.0000 20070929
   0.0000 20070930
   0.0000 20071001
   0.0001 20071002
   0.0000 20071003
   0.0001 20071004
   0.0001 20071005
   0.0001 20071006
   0.0001 20071007
   0.0001 20071008
   0.0000 20071009
   0.0000 20071010
   0.0001 20071011
   0.0000 20071012
   0.0000 20071013
   0.0000 20071014
   0.0000 20071015
   0.0001 20071016
   0.0001 20071017
   0.0050 20071018
   0.0135 20071019
   0.0036 20071020
   0.0014 20071021
   0.0007 20071022
   0.0005 20071023
   0.0003 20071024
   0.0003 20071025
   0.0002 20071026
   0.0002 20071027
   0.0002 20071028
   0.0001 20071029
   0.0001 20071030
   0.0001 20071031
   0.0001 20071101
   0.0001 20071102
   0.0001 20071103
   0.0000 20071104
   0.0000 20071105
   0.0001 20071106
   0.0000 20071107
   0.0000 20071108
   0.0000 20071109
   0.0000 20071110
   0.0000 20071111
   0.0000 20071112
   0.0000 20071113
   0.0000 20071114
   0.0000 20071115
   0.0000 20071116
   0.0000 20071117
   0.0000 20071118
   0.0000 20071119
   0.0000 20071120
   0.0000 20071121
   0.0218 20071122
   0.0052 20071123
   0.0018 20071124
   0.0009 20071125
   0.0005 20071126
   0.0004 20071127
   0.0003 20071128
   0.0002 20071129
   0.0002 20071130
   0.0001 20071201
   0.0001 20071202
   0.0001 20071203
   0.0001 20071204
   0.0001 20071205
   0.0001 20071206
   0.0001 20071207
   0.0001 20071208
   0.0000 20071209
   0.0000 20071210
   0.0000 20071211
   0.0000 20071212
   0.0000 20071213
   0.0001 20071214
   0.0000 20071215
   0.0000 20071216
   0.0000 20071217
   0.0000 20071218
   0.0000 20071219
   0.0000 20071220
   0.0000 20071221
   0.0000 20071222
   0.0000 20071223
   0.0000 20071224
   0.0000 20071225
   0.0000 20071226
   0.0001 20071227
   0.0001 20071228
   0.0001 20071229
   0.0001 20071230
   0.0000 20071231
   0.0001 20080101
   0.0001 20080102
   0.0001 20080103
   0.0002 20080104
   0.0001 20080105
   0.0001 20080106
   0.0001 20080107
   0.0001 20080108
   0.0001 20080109
   0.0001 20080110
   0.0001 20080111
   0.0001 20080112
   0.0001 20080113
   0.0001 20080114
   0.0001 20080115
   0.0000 20080116
   0.0000 20080117
   0.0000 20080118
   0.0000 20080119
   0.0000 20080120
   0.0000 20080121
   0.0000 20080122
   0.0000 20080123
   0.0001 20080124
   0.0000 20080125
   0.0000 20080126
   0.0000 20080127
   0.0000 20080128
   0.0000 20080129
   0.0000 20080130
   0.0000 20080131
   0.0000 20080201
   0.0000 20080202
   0.0000 20080203
   0.0000 20080204
   0.0000 20080205
   0.0000 20080206
   0.0000 20080207
   0.0000 20080208
   0.0000 20080209
   0.0000 20080210
   0.0000 20080211
   0.0000 20080212
   0.0000 20080213
   0.0000 20080214
   0.0000 20080215
   0.0000 20080216
   0.0000 20080217
   0.0000 20080218
   0.0000 20080219
   0.0000 20080220
   0.0000 20080221
   0.0000 20080222
   0.0000 20080223
   0.0000 20080224
   0.0000 20080225
   0.0000 20080226
   0.0000 20080227
   0.0000 20080228
   0.0000 20080229
   0.0000 20080301
   0.0000 20080302
   0.0000 20080303
   0.0000 20080304
   0.0000 20080305
   0.0000 20080306
   0.0000 20080307
   0.0000 20080308
   0.0000 20080309
   0.0000 20080310
   0.0000 20080311
   0.0000 20080312
   0.0000 20080313
   0.0000 20080314
   0.0000 20080315
   0.0000 20080316
   0.0000 20080317
   0.0000 20080318
   0.0000 20080319
   0.0000 20080320
   0.0000 20080321
   0.0000 20080322
   0.0000 20080323
   0.0000 20080324
   0.0000 20080325
   0.0000 20080326
   0.0000 20080327
   0.0000 20080328
   0.0000 20080329
   0.0000 20080330
   0.0000 20080331
   0.0000 20080401
   0.0000 20080402
   0.0000 20080403
   0.0000 20080404
   0.0000 20080405
   0.0000 20080406
   0.0000 20080407
   0.0000 20080408
   0.0000 20080409
   0.0000 20080410
   0.0000 20080411
   0.0000 20080412
   0.0000 20080413
   0.0000 20080414
   0.0000 20080415
   0.0000 20080416
   0.0000 20080417
   0.0000 20080418
   0.0000 20080419
   0.0000 20080420
   0.0000 20080421
   0.0000 20080422
   0.0000 20080423
   0.0000 20080424
   0.0000 20080425
   0.0000 20080426
   0.0000 20080427
   0.0000 20080428
   0.0000 20080429
   0.0000 20080430
   0.0000 20080501
   0.0000 20080502
   0.0000 20080503
   0.0000 20080504
   0.0000 20080505
   0.0000 20080506
   0.0000 20080507
   0.1827 20080508
   0.0238 20080509
   0.0065 20080510
   0.0019 20080511
   0.0007 20080512
   0.0005 20080513
   0.0003 20080514
   0.0002 20080515
   0.0001 20080516
   0.0001 20080517
   0.0001 20080518
   0.0001 20080519
   0.0001 20080520
   0.0001 20080521
   0.0000 20080522
   0.0000 20080523
   0.0000 20080524
   0.0000 20080525
   0.0000 20080526
   0.0000 20080527
   0.0000 20080528
   0.0000 20080529
   0.0000 20080530
   0.0000 20080531
   0.0000 20080601
   0.0000 20080602
   0.0000 20080603
   0.0000 20080604
   0.0000 20080605
   0.0000 20080606
   0.0000 20080607
   0.0000 20080608
   0.0000 20080609
   0.0000 20080610
   0.0000 20080611
   0.0000 20080612
   0.0000 20080613
   0.0000 20080614
   0.0000 20080615
   0.0000 20080616
   0.0000 20080617
   0.0000 20080618
   0.0000 20080619
   0.0000 20080620
   0.0000 20080621
   0.0000 20080622
   0.0000 20080623
   0.0000 20080624
   0.0000 20080625
   0.0000 20080626
   0.0000 20080627
   0.0000 20080628
   0.0000 20080629
   0.0000 20080630
   0.0000 20080701
   0.0000 20080702
   0.0000 20080703
   0.0000 20080704
   0.0000 20080705
   0.0000 20080706
   0.0000 20080707
   0.0000 20080708
   0.0000 20080709
   0.0000 20080710
   0.0000 20080711
   0.0000 20080712
   0.0000 20080713
   0.0000 20080714
   0.0000 20080715
   0.0000 20080716
   0.0000 20080717
   0.0000 20080718
   0.0000 20080719
   0.0000 20080720
   0.0000 20080721
   0.0000 20080722
   0.0000 20080723
   0.0000 20080724
   0.0000 20080725
   0.0000 20080726
   0.0000 20080727
   0.0000 20080728
   0.0000 20080729
   0.0000 20080730
   0.0000 20080731
   0.0000 20080801
   0.0000 20080802
   0.0000 20080803
   0.0000 20080804
   0.0000 20080805
   0.0000 20080806
   0.0000 20080807
   0.0000 20080808
   0.0000 20080809
   0.0000 20080810
   0.0000 20080811
   0.0000 20080812
   0.0000 20080813
   0.0000 20080814
   0.0000 20080815
   0.0000 20080816
   0.0000 20080817
   0.0000 20080818
   0.0000 20080819
   0.0000 20080820
   0.0000 20080821
   0.0000 20080822
   0.0000 20080823
   0.0000 20080824
   0.0000 20080825
   0.0000 20080826
   0.0000 20080827
   0.0000 20080828
   0.0000 20080829
   0.0000 20080830
   0.0000 20080831
   0.0000 20080901
   0.0000 20080902
   0.0000 20080903
   0.0000 20080904
   0.0000 20080905
   0.0000 20080906
   0.0000 20080907
   0.0000 20080908
   0.0000 20080909
   0.0000 20080910
   0.0000 20080911
   0.0000 20080912
   0.0000 20080913
   0.0000 20080914
   0.0000 20080915
   0.0000 20080916
   0.0000 20080917
   0.0000 20080918
   0.0000 20080919
   0.0000 20080920
   0.0000 20080921
   0.0000 20080922
   0.0000 20080923
   0.1003 20080924
   0.0161 20080925
   0.0044 20080926
   0.0016 20080927
   0.3199 20080928
   0.0369 20080929
   0.0099 20080930
   0.0031 20081001
   0.0012 20081002
   0.0007 20081003
   0.0004 20081004
   0.0003 20081005
   0.0002 20081006
   0.0002 20081007
   0.0002 20081008
   0.0001 20081009
   0.0001 20081010
   0.0001 20081011
   0.0001 20081012
   0.0000 20081013
   0.0000 20081014
   0.0001 20081015
   0.0000 20081016
   0.0000 20081017
   0.0000 20081018
   0.0000 20081019
   0.0000 20081020
   0.0000 20081021
   0.0000 20081022
   0.2238 20081023
   0.0278 20081024
   0.0074 20081025
   0.0023 20081026
   0.0010 20081027
   0.0005 20081028
   0.0004 20081029
   0.0003 20081030
   0.0002 20081031
   0.0002 20081101
   0.0002 20081102
   0.0002 20081103
   0.0001 20081104
   0.0001 20081105
   0.0001 20081106
   0.0001 20081107
   0.0001 20081108
   0.0000 20081109
   0.0000 20081110
   0.0000 20081111
   0.0000 20081112
   0.0000 20081113
   0.0000 20081114
   0.0000 20081115
   0.0000 20081116
   0.0000 20081117
   0.0000 20081118
   0.0000 20081119
   0.0000 20081120
   0.0000 20081121
   0.0000 20081122
   0.0000 20081123
   0.0000 20081124
   0.0000 20081125
   0.0161 20081126
   0.0039 20081127
   0.0012 20081128
   0.0004 20081129
   0.0003 20081130
   0.0002 20081201
   0.0001 20081202
   0.0001 20081203
   0.0001 20081204
   0.0001 20081205
   0.0001 20081206
   0.0001 20081207
   0.0000 20081208
   0.0000 20081209
   0.0000 20081210
   0.0000 20081211
   0.0000 20081212
   0.0000 20081213
   0.0000 20081214
   0.0000 20081215
   0.0000 20081216
   0.0000 20081217
   0.0000 20081218
   0.0000 20081219
   0.0000 20081220
   0.0000 20081221
   0.0000 20081222
   0.0000 20081223
   0.0000 20081224
   0.0000 20081225
   0.0000 20081226
   0.0000 20081227
   0.0000 20081228
   0.0000 20081229
   0.0000 20081230
   0.0000 20081231
   0.0000 20090101
   0.0000 20090102
   0.0000 20090103
   0.0000 20090104
   0.0000 20090105
   0.0000 20090106
   0.0000 20090107
   0.0000 20090108
   0.0000 20090109
   0.0000 20090110
   0.7242 20090111
   0.0763 20090112
   0.0182 20090113
   0.0049 20090114
   0.0017 20090115
   0.0007 20090116
   0.0005 20090117
   0.0003 20090118
   0.0002 20090119
   0.0002 20090120
   0.0001 20090121
   0.0001 20090122
   0.0001 20090123
   0.0001 20090124
   0.0001 20090125
   0.0001 20090126
   0.0000 20090127
   0.0000 20090128
   0.0001 20090129
   0.0000 20090130
   0.0000 20090131
   0.0000 20090201
   0.0000 20090202
   0.0000 20090203
   0.0000 20090204
   0.0000 20090205
   0.0000 20090206
   0.0000 20090207
   0.0000 20090208
   0.0000 20090209
   0.0000 20090210
   0.0000 20090211
   0.0000 20090212
   0.0000 20090213
   0.0000 20090214
   0.0000 20090215
   0.0000 20090216
   0.0000 20090217
   0.0000 20090218
   0.0000 20090219
   0.0000 20090220
   0.0000 20090221
   0.0000 20090222
   0.0000 20090223
   0.0000 20090224
   0.0000 20090225
   0.0000 20090226
   0.0000 20090227
   0.0000 20090228
   0.0000 20090301
   0.0000 20090302
   0.0000 20090303
   0.0000 20090304
   0.0000 20090305
   0.0000 20090306
   0.0000 20090307
   0.0000 20090308
   0.0000 20090309
   0.0000 20090310
   0.0000 20090311
   0.0000 20090312
   0.0000 20090313
   0.0000 20090314
   0.0000 20090315
   0.0000 20090316
   0.0000 20090317
   0.0000 20090318
   0.0000 20090319
   0.0000 20090320
   0.0000 20090321
   0.0000 20090322
   0.0000 20090323
   0.0000 20090324
   0.0000 20090325
   0.0000 20090326
   0.0000 20090327
   0.0000 20090328
   0.4553 20090329
   0.0493 20090330
   0.0134 20090331
   0.0039 20090401
   0.0014 20090402
   0.0008 20090403
   0.0005 20090404
   0.0003 20090405
   0.0003 20090406
   0.0002 20090407
   0.0002 20090408
   0.0001 20090409
   0.0001 20090410
   0.0001 20090411
   0.0001 20090412
   0.0001 20090413
   0.0001 20090414
   0.0000 20090415
   0.0000 20090416
   0.0001 20090417
   0.0000 20090418
   0.0000 20090419
   0.0000 20090420
   0.0000 20090421
   0.0000 20090422
   0.0000 20090423
   0.0000 20090424
   0.0000 20090425
   0.0000 20090426
   0.0000 20090427
   0.0000 20090428
   0.0000 20090429
   0.0000 20090430
   0.0000 20090501
   0.0000 20090502
   0.0000 20090503
   0.0000 20090504
   0.0000 20090505
   0.0000 20090506
   0.0000 20090507
   0.0000 20090508
   0.0000 20090509
   0.0000 20090510
   0.0000 20090511
   0.0000 20090512
   0.0000 20090513
   0.0000 20090514
   0.0000 20090515
   0.0000 20090516
   0.0000 20090517
   0.0000 20090518
   0.0000 20090519
   0.0000 20090520
   0.0000 20090521
   0.0000 20090522
   0.0000 20090523
   0.0000 20090524
   0.0000 20090525
   0.0000 20090526
   0.0000 20090527
   0.0000 20090528
   0.0000 20090529
   0.0000 20090530
   0.0000 20090531
   0.0000 20090601
   0.0000 20090602
   0.0000 20090603
   0.0000 20090604
   0.0000 20090605
   0.0000 20090606
   0.0000 20090607
   0.0000 20090608
   0.0000 20090609
   0.0000 20090610
   0.0000 20090611
   0.0000 20090612
   0.0000 20090613
   0.0000 20090614
   0.0000 20090615
   0.0000 20090616
   0.0000 20090617
   0.0000 20090618
   0.0000 20090619
   0.0000 20090620
   0.0000 20090621
   0.0000 20090622
   0.0000 20090623
   0.0000 20090624
   0.0000 20090625
   0.0000 20090626
   0.0000 20090627
   0.0000 20090628
   0.0000 20090629
   0.0000 20090630
   0.0000 20090701
   0.0000 20090702
   0.0000 20090703
   0.0000 20090704
   0.0000 20090705
   0.0000 20090706
   0.0000 20090707
   0.0000 20090708
   0.0000 20090709
   0.0000 20090710
   0.0000 20090711
   0.0000 20090712
   0.0000 20090713
   0.0000 20090714
   0.0000 20090715
   0.0000 20090716
   0.0000 20090717
   0.0000 20090718
   0.0000 20090719
   0.0000 20090720
   0.0000 20090721
   0.0000 20090722
   0.0000 20090723
   0.0000 20090724
   0.0000 20090725
   0.0000 20090726
   0.0000 20090727
   0.0000 20090728
   0.0000 20090729
   0.0000 20090730
   0.0000 20090731
   0.0000 20090801
   0.0000 20090802
   0.0000 20090803
   0.0000 20090804
   0.0000 20090805
   0.0000 20090806
   0.0000 20090807
   0.0000 20090808
   0.0000 20090809
   0.0000 20090810
   0.0000 20090811
   0.0000 20090812
   0.0000 20090813
   0.0000 20090814
   0.0000 20090815
   0.0000 20090816
   0.0000 20090817
   0.0000 20090818
   0.0000 20090819
   0.0000 20090820
   0.0000 20090821
   0.0000 20090822
   0.0000 20090823
   0.0000 20090824
   0.0000 20090825
   0.0000 20090826
   0.0000 20090827
   0.0000 20090828
   0.0000 20090829
   0.0000 20090830
   0.0000 20090831
   0.0000 20090901
   0.0000 20090902
   0.0000 20090903
   0.0000 20090904
   0.0000 20090905
   0.0000 20090906
   0.0000 20090907
   0.0000 20090908
   0.0000 20090909
   0.0000 20090910
   0.0000 20090911
   0.0000 20090912
   0.0000 20090913
   0.0000 20090914
   0.0000 20090915
   0.0000 20090916
   0.0000 20090917
   0.0000 20090918
   0.0000 20090919
   0.0000 20090920
   0.0000 20090921
   0.0000 20090922
   0.0000 20090923
   0.0000 20090924
   0.0000 20090925
   0.0000 20090926
   0.5487 20090927
   1.1070 20090928
   0.1192 20090929
   0.0248 20090930
   0.0068 20091001
   0.0023 20091002
   0.0011 20091003
   0.0006 20091004
   0.0005 20091005
   0.0003 20091006
   0.0003 20091007
   0.0002 20091008
   0.0001 20091009
   0.0001 20091010
   0.0001 20091011
   0.0001 20091012
   0.0001 20091013
   0.0001 20091014
   0.0000 20091015
   0.0001 20091016
   0.0000 20091017
   0.0000 20091018
   0.0000 20091019
   0.0000 20091020
   0.0000 20091021
   0.0000 20091022
   0.0000 20091023
   0.0000 20091024
   0.0000 20091025
   0.0000 20091026
   0.0000 20091027
   0.0000 20091028
   0.0000 20091029
   0.0000 20091030
   0.0000 20091031
   0.0000 20091101
   0.0000 20091102
   0.0000 20091103
   0.0000 20091104
   0.0000 20091105
   0.0000 20091106
   0.0000 20091107
   0.0000 20091108
   0.0000 20091109
   0.0000 20091110
   0.0000 20091111
   0.0000 20091112
   0.0000 20091113
   0.0000 20091114
   0.0000 20091115
   0.0000 20091116
   0.0000 20091117
   0.0000 20091118
   0.0000 20091119
   0.0000 20091120
   0.0000 20091121
   0.0000 20091122
   0.0000 20091123
   0.0000 20091124
   0.0000 20091125
   0.0000 20091126
   0.0000 20091127
   0.0000 20091128
   0.0000 20091129
   0.0000 20091130
   0.0000 20091201
   0.0000 20091202
   0.0000 20091203
   0.0000 20091204
   0.0000 20091205
   0.0000 20091206
   0.0000 20091207
   0.0000 20091208
   0.0000 20091209
   0.0000 20091210
   0.0000 20091211
   0.0000 20091212
   0.0000 20091213
   0.1488 20091214
   0.0206 20091215
   0.0057 20091216
   0.0017 20091217
   0.0008 20091218
   0.0342 20091219
   0.0078 20091220
   0.0024 20091221
   0.0011 20091222
   0.0006 20091223
   0.0004 20091224
   0.0003 20091225
   0.0003 20091226
   0.0002 20091227
   0.0001 20091228
   0.0001 20091229
   0.0001 20091230
   0.0001 20091231
   0.0001 20100101
   0.0001 20100102
   0.0000 20100103
   0.0000 20100104
   0.0001 20100105
   0.0000 20100106
   0.0552 20100107
   0.0115 20100108
   0.0032 20100109
   0.0011 20100110
   0.0006 20100111
   0.0003 20100112
   0.0003 20100113
   0.0002 20100114
   0.0001 20100115
   0.0001 20100116
   0.0001 20100117
   0.0001 20100118
   0.0001 20100119
   0.0000 20100120
   0.0001 20100121
   0.0001 20100122
   0.0000 20100123
   0.0000 20100124
   0.0000 20100125
   0.1035 20100126
   0.0165 20100127
   0.0047 20100128
   0.0015 20100129
   0.0008 20100130
   0.0005 20100131
   0.0003 20100201
   0.0002 20100202
   0.0002 20100203
   0.0001 20100204
   0.0002 20100205
   0.0001 20100206
   0.0001 20100207
   0.0001 20100208
   0.0001 20100209
   0.0001 20100210
   0.0001 20100211
   0.0000 20100212
   0.0000 20100213
   0.0000 20100214
   0.0000 20100215
   0.0000 20100216
   0.0000 20100217
   0.0001 20100218
   0.0001 20100219
   0.0001 20100220
   0.0001 20100221
   0.0001 20100222
   0.0001 20100223
   0.0001 20100224
   0.0001 20100225
   0.0001 20100226
   0.0000 20100227
   0.0000 20100228
   0.0000 20100301
   0.0263 20100302
   0.0062 20100303
   0.0020 20100304
   0.0008 20100305
   0.0005 20100306
   0.0003 20100307
   0.0002 20100308
   0.0002 20100309
   0.0002 20100310
   0.0001 20100311
   0.0001 20100312
   0.0001 20100313
   0.0001 20100314
   0.0001 20100315
   0.0001 20100316
   0.0000 20100317
   0.0000 20100318
   0.0000 20100319
   0.0000 20100320
   0.0000 20100321
   0.0001 20100322
   0.0000 20100323
   0.0000 20100324
   0.0000 20100325
   0.0000 20100326
   0.0000 20100327
   0.0000 20100328
   0.0000 20100329
   0.0000 20100330
   0.0000 20100331
   0.0000 20100401
   0.0000 20100402
   0.0000 20100403
   0.0000 20100404
   0.0000 20100405
   0.0000 20100406
   0.0000 20100407
   0.0000 20100408
   0.0000 20100409
   0.0000 20100410
   0.0000 20100411
   0.0000 20100412
   0.0000 20100413
   0.0000 20100414
   0.0000 20100415
   0.0000 20100416
   0.0000 20100417
   0.0000 20100418
   0.0000 20100419
   0.0000 20100420
   0.0000 20100421
   0.0000 20100422
   0.0000 20100423
   0.0000 20100424
   0.0000 20100425
   0.0000 20100426
   0.0000 20100427
   0.0000 20100428
   0.0000 20100429
   0.0000 20100430
   0.0000 20100501
   0.0000 20100502
   0.0000 20100503
   0.0000 20100504
   0.0000 20100505
   0.0000 20100506
   0.0000 20100507
   0.0000 20100508
   0.0000 20100509
   0.0000 20100510
   0.0000 20100511
   0.0000 20100512
   0.0000 20100513
   0.0000 20100514
   0.0000 20100515
   0.0000 20100516
   0.0000 20100517
   0.0000 20100518
   0.0000 20100519
   0.0000 20100520
   0.0000 20100521
   0.0000 20100522
   0.0000 20100523
   0.0000 20100524
   0.0000 20100525
   0.0000 20100526
   0.0000 20100527
   0.0000 20100528
   0.0000 20100529
   0.0000 20100530
   0.0000 20100531
   0.0000 20100601
   0.0000 20100602
   0.0000 20100603
   0.0000 20100604
   0.0000 20100605
   0.0000 20100606
   0.0000 20100607
   0.0000 20100608
   0.0000 20100609
   0.0000 20100610
   0.0000 20100611
   0.0000 20100612
   0.0000 20100613
   0.0126 20100614
   0.0338 20100615
   0.0076 20100616
   0.0022 20100617
   0.0009 20100618
   0.0005 20100619
   0.0003 20100620
   0.0003 20100621
   0.0002 20100622
   0.0001 20100623
   0.0001 20100624
   0.0001 20100625
   0.0001 20100626
   0.0001 20100627
   0.0000 20100628
   0.0000 20100629
   0.0000 20100630
   0.0000 20100701
   0.0000 20100702
   0.0000 20100703
   0.0000 20100704
   0.0000 20100705
   0.0000 20100706
   0.0000 20100707
   0.0000 20100708
   0.0000 20100709
   0.0000 20100710
   0.0000 20100711
   0.0000 20100712
   0.0000 20100713
   0.0000 20100714
   0.0000 20100715
   0.0000 20100716
   0.0000 20100717
   0.0000 20100718
   0.0000 20100719
   0.0000 20100720
   0.0000 20100721
   0.0000 20100722
   0.0000 20100723
   0.0000 20100724
   0.0000 20100725
   0.0000 20100726
   0.0000 20100727
   0.0000 20100728
   0.0000 20100729
   0.0000 20100730
   0.0000 20100731
   0.0000 20100801
   0.0000 20100802
   0.0000 20100803
   0.0000 20100804
   0.0000 20100805
   0.0000 20100806
   0.0000 20100807
   0.0000 20100808
   0.0000 20100809
   0.0000 20100810
   0.0000 20100811
   0.0000 20100812
   0.0656 20100813
   0.0125 20100814
   0.0034 20100815
   0.0012 20100816
   0.0005 20100817
   0.0002 20100818
   0.0001 20100819
   0.0002 20100820
   0.0001 20100821
   0.0001 20100822
   0.0001 20100823
   0.0000 20100824
   0.0000 20100825
   0.0000 20100826
   0.0000 20100827
   0.0000 20100828
   0.0000 20100829
   0.0000 20100830
   0.0000 20100831
   0.0000 20100901
   0.0000 20100902
   0.0000 20100903
   0.0000 20100904
   0.0000 20100905
   0.0000 20100906
   0.0000 20100907
   0.0000 20100908
   0.0000 20100909
   0.0000 20100910
   0.0000 20100911
   0.0000 20100912
   0.0000 20100913
   0.0000 20100914
   0.0000 20100915
   0.0000 20100916
   0.0000 20100917
   0.0000 20100918
   0.0000 20100919
   0.0000 20100920
   0.0000 20100921
   0.0000 20100922
   0.0000 20100923
   0.0000 20100924
   0.0000 20100925
   0.0000 20100926
   0.0000 20100927
   0.0000 20100928
   0.0000 20100929
   0.0000 20100930
   0.0000 20101001
   0.0000 20101002
   0.0000 20101003
   0.0000 20101004
   0.0000 20101005
   0.0000 20101006
   0.0000 20101007
   0.0000 20101008
   0.0000 20101009
   0.0000 20101010
   0.0000 20101011
   0.0000 20101012
   0.0000 20101013
   0.0000 20101014
   0.0000 20101015
   0.0000 20101016
   0.0000 20101017
   0.0000 20101018
   0.0000 20101019
   0.0000 20101020
   0.0000 20101021
   0.0000 20101022
   0.0000 20101023
   0.0000 20101024
   0.0000 20101025
   0.0000 20101026
   0.0000 20101027
   0.0000 20101028
   0.0000 20101029
   0.0000 20101030
   0.0000 20101031
   0.0000 20101101
   0.0000 20101102
   0.0000 20101103
   0.0000 20101104
   0.0000 20101105
   0.0000 20101106
   0.0000 20101107
   0.0000 20101108
   0.0000 20101109
   0.0000 20101110
   0.0000 20101111
   0.0000 20101112
   0.0000 20101113
   0.0000 20101114
   0.0000 20101115
   0.0000 20101116
   0.0000 20101117
   0.0000 20101118
   0.0000 20101119
   0.0000 20101120
   0.0000 20101121
   0.0000 20101122
   0.0000 20101123
   0.0000 20101124
   0.0000 20101125
   0.0000 20101126
   0.0014 20101127
   0.0005 20101128
   0.0003 20101129
   0.0003 20101130
   0.0002 20101201
   0.0002 20101202
   0.0001 20101203
   0.0001 20101204
   0.0001 20101205
   0.0001 20101206
   0.0001 20101207
   0.0000 20101208
   0.0000 20101209
   0.0001 20101210
   0.0000 20101211
   0.0000 20101212
   0.0000 20101213
   0.0000 20101214
   0.0000 20101215
   0.0000 20101216
   0.0000 20101217
   0.0000 20101218
   0.0000 20101219
   0.0000 20101220
   0.0000 20101221
   0.0000 20101222
   0.0000 20101223
   0.0000 20101224
   0.0000 20101225
   0.0000 20101226
   0.0000 20101227
   0.0000 20101228
   0.0000 20101229
   0.0000 20101230
   0.0000 20101231
   0.0000 20110101
   0.0000 20110102
   0.0000 20110103
   0.0000 20110104
   0.0000 20110105
   0.0000 20110106
   0.0000 20110107
   0.0000 20110108
   0.0000 20110109
   0.0000 20110110
   0.0000 20110111
   0.0000 20110112
   0.0000 20110113
   0.0000 20110114
   0.0000 20110115
   0.0000 20110116
   0.0000 20110117
   0.0000 20110118
   0.0000 20110119
   0.0000 20110120
   0.0000 20110121
   0.0000 20110122
   0.0000 20110123
   0.0000 20110124
   0.0000 20110125
   0.0000 20110126
   0.0000 20110127
   0.0000 20110128
   0.0000 20110129
   0.0000 20110130
   0.0000 20110131
   0.0000 20110201
   0.0000 20110202
   0.0000 20110203
   0.0000 20110204
   0.0000 20110205
   0.0000 20110206
   0.0000 20110207
   0.0000 20110208
   0.0000 20110209
   0.0000 20110210
   0.0000 20110211
   0.0000 20110212
   0.0000 20110213
   0.0000 20110214
   0.0000 20110215
   0.0000 20110216
   0.0000 20110217
   0.0000 20110218
   0.0000 20110219
   0.0000 20110220
   0.0000 20110221
   0.0000 20110222
   0.0000 20110223
   0.0000 20110224
   0.0000 20110225
   0.0000 20110226
   0.0000 20110227
   0.0000 20110228
   0.0000 20110301
   0.0000 20110302
   0.0000 20110303
   0.0011 20110304
   0.0003 20110305
   0.0001 20110306
   0.0001 20110307
   0.0001 20110308
   0.0001 20110309
   0.0000 20110310
   0.0001 20110311
   0.0001 20110312
   0.0001 20110313
   0.0001 20110314
   0.0001 20110315
   0.0001 20110316
   0.0001 20110317
   0.0000 20110318
   0.0000 20110319
   0.0001 20110320
   0.0000 20110321
   0.0000 20110322
   0.0000 20110323
   0.0000 20110324
   0.0000 20110325
   0.0000 20110326
   0.0000 20110327
   0.0000 20110328
   0.0000 20110329
   0.0000 20110330
   0.0000 20110331
   0.0000 20110401
   0.0000 20110402
   0.0000 20110403
   0.0000 20110404
   0.0000 20110405
   0.0000 20110406
   0.0000 20110407
   0.0000 20110408
   0.0000 20110409
   0.0000 20110410
   0.0000 20110411
   0.0000 20110412
   0.0000 20110413
   0.0000 20110414
   0.0000 20110415
   0.0000 20110416
   0.0000 20110417
   0.0000 20110418
   0.0000 20110419
   0.0000 20110420
   0.0000 20110421
   0.0000 20110422
   0.0000 20110423
   0.0000 20110424
   0.0000 20110425
   0.0000 20110426
   0.0000 20110427
   0.0000 20110428
   0.0000 20110429
   0.0000 20110430
   0.0000 20110501
   0.1111 20110502
   0.0170 20110503
   0.0046 20110504
   0.0014 20110505
   0.0006 20110506
   0.0004 20110507
   0.0002 20110508
   0.0002 20110509
   0.0001 20110510
   0.0001 20110511
   0.0001 20110512
   0.0001 20110513
   0.0001 20110514
   0.0000 20110515
   0.0000 20110516
   0.0000 20110517
   0.0000 20110518
   0.0000 20110519
   0.0000 20110520
   0.0000 20110521
   0.0000 20110522
   0.0000 20110523
   0.0000 20110524
   0.0000 20110525
   0.0000 20110526
   0.0000 20110527
   0.0000 20110528
   0.0000 20110529
   0.0000 20110530
   0.0000 20110531
   0.0000 20110601
   0.0000 20110602
   0.0000 20110603
   0.0000 20110604
   0.0000 20110605
   0.0000 20110606
   0.0000 20110607
   0.0000 20110608
   0.0000 20110609
   0.0000 20110610
   0.0000 20110611
   0.0000 20110612
   0.0000 20110613
   0.0000 20110614
   0.0000 20110615
   0.0000 20110616
   0.0000 20110617
   0.0000 20110618
   0.0000 20110619
   0.0000 20110620
   0.0000 20110621
   0.0000 20110622
   0.0000 20110623
   0.0000 20110624
   0.0000 20110625
   0.0000 20110626
   0.0000 20110627
   0.0000 20110628
   0.0000 20110629
   0.0000 20110630
   0.0000 20110701
   0.0000 20110702
   0.0000 20110703
   0.0000 20110704
   0.0000 20110705
   0.0000 20110706
   0.0000 20110707
   0.0000 20110708
   0.0000 20110709
   0.0000 20110710
   0.0000 20110711
   0.0000 20110712
   0.0000 20110713
   0.0000 20110714
   0.0000 20110715
   0.0000 20110716
   0.0000 20110717
   0.0000 20110718
   0.0000 20110719
   0.0000 20110720
   0.0000 20110721
   0.0000 20110722
   0.0000 20110723
   0.0000 20110724
   0.0000 20110725
   0.0000 20110726
   0.0000 20110727
   0.0000 20110728
   0.0000 20110729
   0.0000 20110730
   0.0000 20110731
   0.0000 20110801
   0.0000 20110802
   0.0000 20110803
   0.0000 20110804
   0.0000 20110805
   0.0000 20110806
   0.0000 20110807
   0.0000 20110808
   0.0000 20110809
   0.0000 20110810
   0.0000 20110811
   0.0000 20110812
   0.0000 20110813
   0.0000 20110814
   0.0000 20110815
   0.0000 20110816
   0.0000 20110817
   0.0000 20110818
   0.0000 20110819
   0.0000 20110820
   0.0000 20110821
   0.0000 20110822
   0.0000 20110823
   0.0000 20110824
   0.0000 20110825
   0.0000 20110826
   0.0000 20110827
   0.0000 20110828
   0.0000 20110829
   0.0000 20110830
   0.0000 20110831
   0.0000 20110901
   0.0000 20110902
   0.0002 20110903
   0.0001 20110904
   0.0001 20110905
   0.0000 20110906
   0.0001 20110907
   0.0000 20110908
   0.0000 20110909
   0.0000 20110910
   0.0000 20110911
   0.0000 20110912
   0.0000 20110913
   0.0000 20110914
   0.0000 20110915
   0.0000 20110916
   0.0000 20110917
   0.0000 20110918
   0.0000 20110919
   0.0000 20110920
   0.0000 20110921
   0.0000 20110922
   0.0000 20110923
   0.0000 20110924
   0.0000 20110925
   0.0000 20110926
   0.0000 20110927
   0.0000 20110928
   0.0000 20110929
   0.0000 20110930
   0.0000 20111001
   0.0000 20111002
   0.0000 20111003
   0.0000 20111004
   0.0000 20111005
   0.0000 20111006
   0.0000 20111007
   0.0000 20111008
   0.0000 20111009
   0.0000 20111010
   0.0000 20111011
   0.0000 20111012
   0.0000 20111013
   0.0000 20111014
   0.0000 20111015
   0.0000 20111016
   0.0000 20111017
   0.0000 20111018
   0.0000 20111019
   0.0000 20111020
   0.0000 20111021
   0.0000 20111022
   0.0000 20111023
   0.0000 20111024
   0.0000 20111025
   0.0000 20111026
   0.0000 20111027
   0.0000 20111028
   0.0000 20111029
   0.0000 20111030
   0.0000 20111031
   0.0000 20111101
   0.0000 20111102
   0.0000 20111103
   0.0000 20111104
   0.0000 20111105
   0.0000 20111106
   0.0000 20111107
   0.0000 20111108
   0.0000 20111109
   0.0000 20111110
   0.0000 20111111
   0.0000 20111112
   0.0000 20111113
   0.0000 20111114
   0.0000 20111115
   0.0000 20111116
   0.0000 20111117
   0.0001 20111118
   0.0000 20111119
   0.0000 20111120
   0.0000 20111121
   0.0000 20111122
   0.0001 20111123
   0.0001 20111124
   0.0001 20111125
   0.0001 20111126
   0.0001 20111127
   0.0001 20111128
   0.0000 20111129
   0.0000 20111130
   0.0001 20111201
   0.0000 20111202
   0.0000 20111203
   0.0000 20111204
   0.0000 20111205
   0.0000 20111206
   0.0000 20111207
   0.0000 20111208
   0.0000 20111209
   0.0000 20111210
   0.0000 20111211
   0.0000 20111212
   0.0000 20111213
   0.0000 20111214
   0.0000 20111215
   0.0000 20111216
   0.0000 20111217
   0.0000 20111218
   0.0000 20111219
   0.0000 20111220
   0.0000 20111221
   0.0000 20111222
   0.0000 20111223
   0.0000 20111224
   0.0000 20111225
   0.0000 20111226
   0.0000 20111227
   0.0000 20111228
   0.0000 20111229
   0.0000 20111230
   0.0000 20111231
   0.0000 20120101
   0.0000 20120102
   0.0000 20120103
   0.0000 20120104
   0.0000 20120105
   0.0000 20120106
   0.0000 20120107
   0.0000 20120108
   0.0000 20120109
   0.0000 20120110
   0.0000 20120111
   0.0000 20120112
   0.0000 20120113
   0.0000 20120114
   0.0000 20120115
   0.0000 20120116
   0.0000 20120117
   0.0000 20120118
   0.0000 20120119
   0.0000 20120120
   0.0000 20120121
   0.0000 20120122
   0.0000 20120123
   0.0000 20120124
   0.0000 20120125
   0.0000 20120126
   0.0000 20120127
   0.0000 20120128
   0.0000 20120129
   0.0000 20120130
   0.0000 20120131
   0.0000 20120201
   0.0000 20120202
   0.0000 20120203
   0.0000 20120204
   0.0000 20120205
   0.0000 20120206
   0.0000 20120207
   0.0000 20120208
   0.0000 20120209
   0.0000 20120210
   0.0000 20120211
   0.0000 20120212
   0.0000 20120213
   0.0000 20120214
   0.0000 20120215
   0.0000 20120216
   0.0000 20120217
   0.0000 20120218
   0.0000 20120219
   0.0000 20120220
   0.0000 20120221
   0.0000 20120222
   0.0000 20120223
   0.0000 20120224
   0.0000 20120225
   0.0000 20120226
   0.0000 20120227
   0.0000 20120228
   0.0000 20120229
   0.0000 20120301
   0.0000 20120302
   0.0000 20120303
   0.0000 20120304
   0.0000 20120305
   0.0000 20120306
   0.0000 20120307
   0.0000 20120308
   0.0000 20120309
   0.0000 20120310
   0.0000 20120311
   0.0000 20120312
   0.0000 20120313
   0.0000 20120314
   0.0000 20120315
   0.0000 20120316
   0.0000 20120317
   0.0000 20120318
   0.0000 20120319
   0.0331 20120320
   0.0075 20120321
   0.0022 20120322
   0.0007 20120323
   0.0003 20120324
   0.0002 20120325
   0.0002 20120326
   0.0001 20120327
   0.0001 20120328
   0.0001 20120329
   0.0001 20120330
   0.0000 20120331
   0.0000 20120401
   0.0000 20120402
   0.0000 20120403
   0.0000 20120404
   0.0000 20120405
   0.0000 20120406
   0.0000 20120407
   0.0000 20120408
   0.0000 20120409
   0.0000 20120410
   0.0000 20120411
   0.0000 20120412
   0.0000 20120413
   0.0000 20120414
   0.0000 20120415
   0.0000 20120416
   0.0000 20120417
   0.0000 20120418
   0.0000 20120419
   0.0000 20120420
   0.0000 20120421
   0.0000 20120422
   0.0000 20120423
   0.0000 20120424
   0.0000 20120425
   0.0000 20120426
   0.0000 20120427
   0.0000 20120428
   0.0000 20120429
   0.0000 20120430
   0.0000 20120501
   0.0000 20120502
   0.0000 20120503
   0.0000 20120504
   0.0000 20120505
   0.0000 20120506
   0.0000 20120507
   0.0000 20120508
   0.0000 20120509
   0.0000 20120510
   0.0000 20120511
   0.0000 20120512
   0.0000 20120513
   0.0000 20120514
   0.0000 20120515
   0.0000 20120516
   0.0000 20120517
   0.0000 20120518
   0.0000 20120519
   0.0000 20120520
   0.0000 20120521
   0.0000 20120522
   0.0000 20120523
   0.0000 20120524
   0.0000 20120525
   0.0000 20120526
   0.0000 20120527
   0.0000 20120528
   0.0000 20120529
   0.0000 20120530
   0.0000 20120531
   0.0000 20120601
   0.0000 20120602
   0.0000 20120603
   0.0000 20120604
   0.0000 20120605
   0.0000 20120606
   0.0000 20120607
   0.0000 20120608
   0.0000 20120609
   0.0000 20120610
   0.0000 20120611
   0.0000 20120612
   0.0000 20120613
   0.0000 20120614
   0.0000 20120615
   0.0000 20120616
   0.0000 20120617
   0.0000 20120618
   0.0000 20120619
   0.0000 20120620
   0.0000 20120621
   0.0000 20120622
   0.0000 20120623
   0.0000 20120624
   0.0000 20120625
   0.0000 20120626
   0.0000 20120627
   0.0000 20120628
   0.0000 20120629
   0.0000 20120630
   0.0000 20120701
   0.0000 20120702
   0.0000 20120703
   0.0000 20120704
   0.0000 20120705
   0.0000 20120706
   0.0000 20120707
   0.0000 20120708
   0.0000 20120709
   0.0000 20120710
   0.0000 20120711
   0.0000 20120712
   0.0000 20120713
   0.0000 20120714
   0.0000 20120715
   0.0000 20120716
   0.0000 20120717
   0.0000 20120718
   0.0000 20120719
   0.0000 20120720
   0.0000 20120721
   0.0000 20120722
   0.0000 20120723
   0.0000 20120724
   0.0000 20120725
   0.0000 20120726
   0.0000 20120727
   0.0000 20120728
   0.0000 20120729
   0.0000 20120730
   0.0000 20120731
   0.0000 20120801
   0.0000 20120802
   0.0000 20120803
   0.0000 20120804
   0.0000 20120805
   0.0000 20120806
   0.0000 20120807
   0.0000 20120808
   0.0000 20120809
   0.0000 20120810
   0.0000 20120811
   0.0000 20120812
   0.0000 20120813
   0.0000 20120814
   0.0000 20120815
   0.0000 20120816
   0.0000 20120817
   0.0000 20120818
   0.0000 20120819
   0.0000 20120820
   0.0000 20120821
   0.0000 20120822
   0.0000 20120823
   0.0000 20120824
   0.0000 20120825
   0.0000 20120826
   0.0000 20120827
   0.0000 20120828
   0.0000 20120829
   0.0000 20120830
   0.0000 20120831
   0.0000 20120901
   0.0000 20120902
   0.0000 20120903
   0.0000 20120904
   0.0000 20120905
   0.0000 20120906
   0.0000 20120907
   0.0000 20120908
   0.0000 20120909
   0.0000 20120910
   0.0000 20120911
   0.0000 20120912
   0.0000 20120913
   0.0000 20120914
   0.0000 20120915
   0.0000 20120916
   0.0000 20120917
   0.0000 20120918
   0.0000 20120919
   0.0000 20120920
   0.0000 20120921
   0.0000 20120922
   0.0000 20120923
   0.0000 20120924
   0.0000 20120925
   0.0000 20120926
   0.0000 20120927
   1.4370 20120928
   0.1501 20120929
   0.0291 20120930
   0.0078 20121001
   0.0024 20121002
   0.0009 20121003
   0.0005 20121004
   0.0003 20121005
   0.0002 20121006
   0.0001 20121007
   0.0001 20121008
   0.0001 20121009
   0.0001 20121010
   0.0001 20121011
   0.0001 20121012
   0.0000 20121013
   0.0000 20121014
   0.0000 20121015
   0.0000 20121016
   0.0000 20121017
   0.0000 20121018
   0.0000 20121019
   0.0042 20121020
   0.0012 20121021
   0.0005 20121022
   0.0003 20121023
   0.0002 20121024
   0.0001 20121025
   0.0001 20121026
   0.0001 20121027
   0.0001 20121028
   0.0001 20121029
   0.0000 20121030
   0.0000 20121031
   0.0000 20121101
   0.0000 20121102
   0.0000 20121103
   0.0000 20121104
   0.0000 20121105
   0.0000 20121106
   0.0001 20121107
   0.0001 20121108
   0.0001 20121109
   0.0001 20121110
   0.0001 20121111
   0.0002 20121112
   0.0003 20121113
   0.0003 20121114
   0.0002 20121115
   0.0002 20121116
   0.0002 20121117
   0.0001 20121118
   0.0001 20121119
   0.0001 20121120
   0.0001 20121121
   0.0001 20121122
   0.0001 20121123
   0.0000 20121124
   0.0000 20121125
   0.0000 20121126
   0.0000 20121127
   0.0000 20121128
   0.0000 20121129
   0.0000 20121130
   0.0000 20121201
   0.0000 20121202
   0.0000 20121203
   0.0000 20121204
   0.0000 20121205
   0.0000 20121206
   0.0000 20121207
   0.0000 20121208
   0.0000 20121209
   0.0000 20121210
   0.0000 20121211
   0.0000 20121212
   0.0000 20121213
   0.0000 20121214
   0.0000 20121215
   0.0000 20121216
   0.0000 20121217
   0.0000 20121218
   0.0000 20121219
   0.0000 20121220
   0.0000 20121221
   0.0000 20121222
   0.0000 20121223
   0.0000 20121224
   0.0000 20121225
   0.0000 20121226
   0.0000 20121227
   0.0000 20121228
   0.0000 20121229
   0.0000 20121230
   0.0000 20121231
   0.0000 20130101
   0.0000 20130102
   0.0000 20130103
   0.0000 20130104
   0.0000 20130105
   0.0000 20130106
   0.0000 20130107
   0.0000 20130108
   0.0000 20130109
   0.0000 20130110
   0.0000 20130111
   0.0000 20130112
   0.0000 20130113
   0.0000 20130114
   0.0000 20130115
   0.0000 20130116
   0.0000 20130117
   0.0000 20130118
   0.0000 20130119
   0.0000 20130120
   0.0000 20130121
   0.0000 20130122
   0.0000 20130123
   0.0000 20130124
   0.0000 20130125
   0.0000 20130126
   0.0000 20130127
   0.0000 20130128
   0.0000 20130129
   0.0000 20130130
   0.0000 20130131
   0.0000 20130201
   0.0000 20130202
   0.0000 20130203
   0.0000 20130204
   0.0000 20130205
   0.0000 20130206
   0.0000 20130207
   0.0000 20130208
   0.0000 20130209
   0.0000 20130210
   0.0000 20130211
   0.0000 20130212
   0.0000 20130213
   0.0000 20130214
   0.0000 20130215
   0.0000 20130216
   0.0000 20130217
   0.0000 20130218
   0.0000 20130219
   0.0000 20130220
   0.0000 20130221
   0.0000 20130222
   0.0000 20130223
   0.0000 20130224
   0.0000 20130225
   0.0000 20130226
   0.0000 20130227
   0.2162 20130228
   0.0270 20130301
   0.0072 20130302
   0.0021 20130303
   0.0008 20130304
   0.0006 20130305
   0.0004 20130306
   0.0003 20130307
   0.0002 20130308
   0.0002 20130309
   0.0001 20130310
   0.0001 20130311
   0.0001 20130312
   0.0001 20130313
   0.0000 20130314
   0.0000 20130315
   0.0001 20130316
   0.0000 20130317
   0.0000 20130318
   0.0000 20130319
   0.0000 20130320
   0.0000 20130321
   0.0000 20130322
   0.0000 20130323
   0.0000 20130324
   0.0000 20130325
   0.0000 20130326
   0.0000 20130327
   0.0000 20130328
   0.0000 20130329
   0.0000 20130330
   0.0000 20130331
   0.0000 20130401
   0.0000 20130402
   0.0000 20130403
   0.0000 20130404
   0.0000 20130405
   0.0000 20130406
   0.0000 20130407
   0.0000 20130408
   0.0000 20130409
   0.0000 20130410
   0.0000 20130411
   0.0000 20130412
   0.0000 20130413
   0.0000 20130414
   0.0000 20130415
   0.0000 20130416
   0.0000 20130417
   0.0000 20130418
   0.0000 20130419
   0.0000 20130420
   0.0000 20130421
   0.0000 20130422
   0.0000 20130423
   0.0000 20130424
   0.0120 20130425
   0.0029 20130426
   0.0011 20130427
   0.0843 20130428
   0.0145 20130429
   0.0040 20130430
   0.0014 20130501
   0.0007 20130502
   0.0005 20130503
   0.0003 20130504
   0.0002 20130505
   0.0002 20130506
   0.0001 20130507
   0.0001 20130508
   0.0001 20130509
   0.0001 20130510
   0.0000 20130511
   0.0001 20130512
   0.0000 20130513
   0.0000 20130514
   0.0000 20130515
   0.0000 20130516
   0.0000 20130517
   0.0000 20130518
   0.0000 20130519
   0.0000 20130520
   0.0000 20130521
   0.0000 20130522
   0.0000 20130523
   0.0000 20130524
   0.0000 20130525
   0.0000 20130526
   0.0000 20130527
   0.0000 20130528
   0.0000 20130529
   0.0000 20130530
   0.0000 20130531
   0.0000 20130601
   0.0000 20130602
   0.0000 20130603
   0.0000 20130604
   0.0000 20130605
   0.0000 20130606
   0.0000 20130607
   0.0000 20130608
   0.0000 20130609
   0.0000 20130610
   0.0000 20130611
   0.0000 20130612
   0.0000 20130613
   0.0000 20130614
   0.0000 20130615
   0.0000 20130616
   0.0000 20130617
   0.0000 20130618
   0.0000 20130619
   0.0000 20130620
   0.0000 20130621
   0.0000 20130622
   0.0000 20130623
   0.0000 20130624
   0.0000 20130625
   0.0000 20130626
   0.0000 20130627
   0.0000 20130628
   0.0000 20130629
   0.0000 20130630
   0.0000 20130701
   0.0000 20130702
   0.0000 20130703
   0.0000 20130704
   0.0000 20130705
   0.0000 20130706
   0.0000 20130707
   0.0000 20130708
   0.0000 20130709
   0.0000 20130710
   0.0000 20130711
   0.0000 20130712
   0.0000 20130713
   0.0000 20130714
   0.0000 20130715
   0.0000 20130716
   0.0000 20130717
   0.0000 20130718
   0.0000 20130719
   0.0000 20130720
   0.0000 20130721
   0.0000 20130722
   0.0000 20130723
   0.0000 20130724
   0.0000 20130725
   0.0000 20130726
   0.0000 20130727
   0.0000 20130728
   0.0000 20130729
   0.0000 20130730
   0.0000 20130731
   0.0000 20130801
   0.0000 20130802
   0.0000 20130803
   0.0000 20130804
   0.0000 20130805
   0.0000 20130806
   0.0000 20130807
   0.0000 20130808
   0.0000 20130809
   0.0000 20130810
   0.0000 20130811
   0.0000 20130812
   0.0000 20130813
   0.0000 20130814
   0.0000 20130815
   0.0000 20130816
   0.0000 20130817
   0.0000 20130818
   0.0000 20130819
   0.0000 20130820
   0.0000 20130821
   0.0000 20130822
   0.0000 20130823
   0.0000 20130824
   0.0000 20130825
   0.0000 20130826
   0.0212 20130827
   0.0050 20130828
   0.0015 20130829
   0.0005 20130830
   0.0002 20130831
   0.0002 20130901
   0.0002 20130902
   0.0001 20130903
   0.0001 20130904
   0.0001 20130905
   0.0000 20130906
   0.0000 20130907
   0.0000 20130908
   0.0000 20130909
   0.0000 20130910
   0.0000 20130911
   0.0000 20130912
   0.0000 20130913
   0.0000 20130914
   0.0000 20130915
   0.0000 20130916
   0.0000 20130917
   0.0000 20130918
   0.0000 20130919
   0.0000 20130920
   0.0000 20130921
   0.0000 20130922
   0.0000 20130923
   0.0000 20130924
   0.0000 20130925
   0.0000 20130926
   0.0000 20130927
   0.0000 20130928
   0.0000 20130929
   0.0000 20130930
   0.0000 20131001
   0.0000 20131002
   0.0000 20131003
   0.0000 20131004
   0.0000 20131005
   0.0000 20131006
   0.0000 20131007
   0.0000 20131008
   0.0000 20131009
   0.0000 20131010
   0.0000 20131011
   0.0000 20131012
   0.0000 20131013
   0.0000 20131014
   0.0000 20131015
   0.0000 20131016
   0.0000 20131017
   0.0000 20131018
   0.0000 20131019
   0.0000 20131020
   0.0000 20131021
   0.0000 20131022
   0.0000 20131023
   0.0000 20131024
   0.0000 20131025
   0.0000 20131026
   0.0000 20131027
   0.0000 20131028
   0.0000 20131029
   0.0000 20131030
   0.0000 20131031
   0.0000 20131101
   0.0000 20131102
   0.0000 20131103
   0.0000 20131104
   0.0000 20131105
   0.0000 20131106
   0.0000 20131107
   0.0000 20131108
   0.0000 20131109
   0.0000 20131110
   0.0000 20131111
   0.0000 20131112
   0.0000 20131113
   0.0000 20131114
   0.0000 20131115
   0.0000 20131116
   0.0000 20131117
   0.0000 20131118
   0.0000 20131119
   0.0000 20131120
   0.0000 20131121
   0.0000 20131122
   0.0000 20131123
   0.0000 20131124
   0.0000 20131125
   0.0000 20131126
   0.0001 20131127
   0.0003 20131128
   0.0002 20131129
   0.0001 20131130
   0.0002 20131201
   0.0001 20131202
   0.0001 20131203
   0.0001 20131204
   0.0001 20131205
   0.0001 20131206
   0.0001 20131207
   0.0000 20131208
   0.0001 20131209
   0.0000 20131210
   0.0000 20131211
   0.0000 20131212
   0.0000 20131213
   0.0000 20131214
   0.0000 20131215
   0.0000 20131216
   0.0000 20131217
   0.0000 20131218
   0.0000 20131219
   0.0000 20131220
   0.0000 20131221
   0.0000 20131222
   0.0000 20131223
   0.0000 20131224
   0.0000 20131225
   0.0000 20131226
   0.0000 20131227
   0.0000 20131228
   0.0000 20131229
   0.0000 20131230
   0.0000 20131231
   0.0000 20140101
   0.0000 20140102
   0.0000 20140103
   0.0000 20140104
   0.0000 20140105
   0.0000 20140106
   0.0000 20140107
   0.0000 20140108
   0.0000 20140109
   0.0000 20140110
   0.0000 20140111
   0.0000 20140112
   0.0000 20140113
   0.0000 20140114
   0.0000 20140115
   0.0000 20140116
   0.0000 20140117
   0.0000 20140118
   0.0000 20140119
   0.0000 20140120
   0.0000 20140121
   0.0000 20140122
   0.0000 20140123
   0.0000 20140124
   0.0000 20140125
   0.0000 20140126
   0.0000 20140127
   0.0000 20140128
   0.0000 20140129
   0.0000 20140130
   0.0000 20140131
   0.0000 20140201
   0.0000 20140202
   0.0000 20140203
   0.0000 20140204
   0.0000 20140205
   0.0000 20140206
   0.0000 20140207
   0.0000 20140208
   0.0000 20140209
   0.0000 20140210
   0.0000 20140211
   0.0000 20140212
   0.0000 20140213
   0.0000 20140214
   0.0000 20140215
   0.0000 20140216
   0.0000 20140217
   0.0000 20140218
   0.0000 20140219
   0.0000 20140220
   0.0000 20140221
   0.0000 20140222
   0.0000 20140223
   0.0000 20140224
   0.0000 20140225
   0.0000 20140226
   0.0000 20140227
   0.0000 20140228
   0.0000 20140301
   0.0000 20140302
   0.0000 20140303
   0.0000 20140304
   0.0000 20140305
   0.0000 20140306
   0.0000 20140307
   0.0000 20140308
   0.0000 20140309
   0.0000 20140310
   0.0000 20140311
   0.0000 20140312
   0.0000 20140313
   0.0000 20140314
   0.0000 20140315
   0.0000 20140316
   0.0000 20140317
   0.0000 20140318
   0.0000 20140319
   0.0000 20140320
   0.0000 20140321
   0.0000 20140322
   0.0000 20140323
   0.0000 20140324
   0.0000 20140325
   0.0000 20140326
   0.0000 20140327
   0.0000 20140328
   0.0000 20140329
   0.0000 20140330
   0.0000 20140331
   0.0000 20140401
   0.0000 20140402
   0.0000 20140403
   0.0000 20140404
   0.0000 20140405
   0.0000 20140406
   0.0000 20140407
   0.0000 20140408
   0.0000 20140409
   0.0000 20140410
   0.0000 20140411
   0.0000 20140412
   0.0000 20140413
   0.0000 20140414
   0.0000 20140415
   0.0000 20140416
   0.0000 20140417
   0.0000 20140418
   0.0000 20140419
   0.0000 20140420
   0.0000 20140421
   0.0000 20140422
   0.0000 20140423
   0.0000 20140424
   0.0000 20140425
   0.0000 20140426
   0.0000 20140427
   0.0000 20140428
   0.0000 20140429
   0.0000 20140430
   0.0000 20140501
   0.0000 20140502
   0.0000 20140503
   0.0000 20140504
   0.0000 20140505
   0.0000 20140506
   0.0000 20140507
   0.0000 20140508
   0.0000 20140509
   0.0000 20140510
   0.0000 20140511
   0.0000 20140512
   0.0000 20140513
   0.0000 20140514
   0.0000 20140515
   0.0000 20140516
   0.0000 20140517
   0.0000 20140518
   0.0000 20140519
   0.0000 20140520
   0.0000 20140521
   0.0000 20140522
   0.0000 20140523
   0.0000 20140524
   0.0000 20140525
   0.0000 20140526
   0.0000 20140527
   0.0000 20140528
   0.0000 20140529
   0.0000 20140530
   0.0000 20140531
   0.0000 20140601
   0.0000 20140602
   0.0000 20140603
   0.0000 20140604
   0.0000 20140605
   0.0000 20140606
   0.0000 20140607
   0.0000 20140608
   0.0000 20140609
   0.0000 20140610
   0.0000 20140611
   0.0000 20140612
   0.0000 20140613
   0.0000 20140614
   0.0000 20140615
   0.0000 20140616
   0.0000 20140617
   0.0000 20140618
   0.0000 20140619
   0.0000 20140620
   0.0000 20140621
   0.0000 20140622
   0.0000 20140623
   0.0000 20140624
   0.0000 20140625
   0.0000 20140626
   0.0000 20140627
   0.0000 20140628
   0.0000 20140629
   0.0000 20140630
   0.0000 20140701
   0.0000 20140702
   0.0000 20140703
   0.0000 20140704
   0.0000 20140705
   0.0000 20140706
   0.0000 20140707
   0.0000 20140708
   0.0000 20140709
   0.0000 20140710
   0.0000 20140711
   0.0000 20140712
   0.0000 20140713
   0.0000 20140714
   0.0000 20140715
   0.0000 20140716
   0.0000 20140717
   0.0000 20140718
   0.0000 20140719
   0.0000 20140720
   0.0000 20140721
   0.0000 20140722
   0.0000 20140723
   0.0000 20140724
   0.0000 20140725
   0.0000 20140726
   0.0000 20140727
   0.0000 20140728
   0.0000 20140729
   0.0000 20140730
   0.0000 20140731
   0.0000 20140801
   0.0000 20140802
   0.0000 20140803
   0.0000 20140804
   0.0000 20140805
   0.0000 20140806
   0.0000 20140807
   0.0000 20140808
   0.0000 20140809
   0.0000 20140810
   0.0000 20140811
   0.0000 20140812
   0.0000 20140813
   0.0000 20140814
   0.0000 20140815
   0.0000 20140816
   0.0000 20140817
   0.0000 20140818
   0.0000 20140819
   0.0000 20140820
   0.0000 20140821
   0.0000 20140822
   0.0000 20140823
   0.0000 20140824
   0.0000 20140825
   0.0000 20140826
   0.0000 20140827
   0.0000 20140828
   0.0000 20140829
   0.0000 20140830
   0.0000 20140831
   0.0000 20140901
   0.0000 20140902
   0.0000 20140903
   0.0000 20140904
   0.0000 20140905
   0.0000 20140906
   0.0000 20140907
   0.0000 20140908
   0.0000 20140909
   0.0000 20140910
   0.0000 20140911
   0.0000 20140912
   0.0000 20140913
   0.0000 20140914
   0.0000 20140915
   0.0000 20140916
   0.0000 20140917
   0.0000 20140918
   0.0000 20140919
   0.0000 20140920
   0.0000 20140921
   0.0000 20140922
   0.0000 20140923
   0.0000 20140924
   0.0000 20140925
   0.8913 20140926
   0.0935 20140927
   0.0206 20140928
   0.0395 20140929
   0.0088 20140930
   0.0026 20141001
   0.0011 20141002
   0.0006 20141003
   0.0004 20141004
   0.0003 20141005
   0.0002 20141006
   0.0002 20141007
   0.0001 20141008
   0.0001 20141009
   0.0001 20141010
   0.0001 20141011
   0.0000 20141012
   0.0001 20141013
   0.0000 20141014
   0.0000 20141015
   0.0001 20141016
   0.0000 20141017
   0.0000 20141018
   0.0000 20141019
   0.0000 20141020
   0.0000 20141021
   0.0000 20141022
   0.0000 20141023
   0.0000 20141024
   0.0000 20141025
   0.0000 20141026
   0.0000 20141027
   0.0000 20141028
   0.0000 20141029
   0.0000 20141030
   0.0000 20141031
   0.0000 20141101
   0.0000 20141102
   0.0000 20141103
   0.0000 20141104
   0.0000 20141105
   0.0000 20141106
   0.0000 20141107
   0.0000 20141108
   0.0000 20141109
   0.0000 20141110
   0.0000 20141111
   0.0000 20141112
   0.0000 20141113
   0.0000 20141114
   0.0000 20141115
   0.0000 20141116
   0.0000 20141117
   0.0000 20141118
   0.0000 20141119
   0.0000 20141120
   0.0000 20141121
   0.0000 20141122
   0.0000 20141123
   0.0000 20141124
   0.0000 20141125
   0.0000 20141126
   0.0000 20141127
   0.0000 20141128
   0.0000 20141129
   0.0000 20141130
   0.0000 20141201
   0.0000 20141202
   0.0000 20141203
   0.0006 20141204
   0.0003 20141205
   0.0001 20141206
   0.0001 20141207
   0.0001 20141208
   0.0000 20141209
   0.0001 20141210
   0.0000 20141211
   0.0000 20141212
   0.0000 20141213
   0.0000 20141214
   0.0000 20141215
   0.0000 20141216
   0.0000 20141217
   0.0000 20141218
   0.0000 20141219
   0.0000 20141220
   0.0000 20141221
   0.0000 20141222
   0.0000 20141223
   0.0000 20141224
   0.0000 20141225
   0.0000 20141226
   0.0000 20141227
   0.0000 20141228
   0.0000 20141229
   0.0000 20141230
   0.0000 20141231
   0.0000 20150101
   0.0000 20150102
   0.0000 20150103
   0.0000 20150104
   0.0000 20150105
   0.0000 20150106
   0.0000 20150107
   0.0000 20150108
   0.0000 20150109
   0.0000 20150110
   0.0000 20150111
   0.0000 20150112
   0.0000 20150113
   0.0000 20150114
   0.0000 20150115
   0.0000 20150116
   0.0000 20150117
   0.0000 20150118
   0.0000 20150119
   0.0000 20150120
   0.0000 20150121
   0.0000 20150122
   0.0000 20150123
   0.0000 20150124
   0.0000 20150125
   0.0000 20150126
   0.0000 20150127
   0.0000 20150128
   0.0000 20150129
   0.0000 20150130
   0.0000 20150131
   0.0000 20150201
   0.0000 20150202
   0.0000 20150203
   0.0000 20150204
   0.0000 20150205
   0.0000 20150206
   0.0000 20150207
   0.0000 20150208
   0.0000 20150209
   0.0000 20150210
   0.0000 20150211
   0.0000 20150212
   0.0000 20150213
   0.0000 20150214
   0.0000 20150215
   0.0000 20150216
   0.0000 20150217
   0.0000 20150218
   0.0000 20150219
   0.0000 20150220
   0.0000 20150221
   0.0000 20150222
   0.0000 20150223
   0.0000 20150224
   0.0000 20150225
   0.0000 20150226
   0.0000 20150227
   0.0000 20150228
   0.0000 20150301
   0.0000 20150302
   0.0000 20150303
   0.0000 20150304
   0.0000 20150305
   0.0000 20150306
   0.0000 20150307
   0.0000 20150308
   0.0000 20150309
   0.0000 20150310
   0.0000 20150311
   0.0000 20150312
   0.0000 20150313
   0.0000 20150314
   0.0000 20150315
   0.0000 20150316
   0.0000 20150317
   0.0000 20150318
   0.0000 20150319
   0.0000 20150320
   0.0000 20150321
   0.0000 20150322
   0.0000 20150323
   0.0000 20150324
   0.0000 20150325
   0.0000 20150326
   0.0000 20150327
   0.0000 20150328
   0.0000 20150329
   0.0000 20150330
   0.0000 20150331
   0.0000 20150401
   0.0000 20150402
   0.0000 20150403
   0.0000 20150404
   0.0000 20150405
   0.0000 20150406
   0.0000 20150407
   0.0000 20150408
   0.0000 20150409
   0.0000 20150410
   0.0000 20150411
   0.0000 20150412
   0.0000 20150413
   0.0000 20150414
   0.0000 20150415
   0.0000 20150416
   0.0000 20150417
   0.0000 20150418
   0.0000 20150419
   0.0000 20150420
   0.0000 20150421
   0.0000 20150422
   0.0000 20150423
   0.0000 20150424
   0.0000 20150425
   0.0000 20150426
   0.0000 20150427
   0.0000 20150428
   0.0000 20150429
   0.0000 20150430
   0.0000 20150501
   0.0000 20150502
   0.0000 20150503
   0.0000 20150504
   0.0000 20150505
   0.0000 20150506
   0.0000 20150507
   0.0000 20150508
   0.0000 20150509
   0.0000 20150510
   0.0000 20150511
   0.0000 20150512
   0.0000 20150513
   0.0000 20150514
   0.0000 20150515
   0.0000 20150516
   0.0000 20150517
   0.0000 20150518
   0.0000 20150519
   0.0000 20150520
   0.0000 20150521
   0.0000 20150522
   0.0000 20150523
   0.0000 20150524
   0.0000 20150525
   0.0000 20150526
   0.0000 20150527
   0.0000 20150528
   0.0000 20150529
   0.0000 20150530
   0.0000 20150531
   0.0000 20150601
   0.0000 20150602
   0.0000 20150603
   0.0000 20150604
   0.0000 20150605
   0.0000 20150606
   0.0000 20150607
   0.0000 20150608
   0.0000 20150609
   0.0000 20150610
   0.0000 20150611
   0.0000 20150612
   0.0000 20150613
   0.0000 20150614
   0.0000 20150615
   0.0000 20150616
   0.0000 20150617
   0.0000 20150618
   0.0000 20150619
   0.0000 20150620
   0.0000 20150621
   0.0000 20150622
   0.0000 20150623
   0.0000 20150624
   0.0000 20150625
   0.0000 20150626
   0.0000 20150627
   0.0000 20150628
   0.0000 20150629
   0.0000 20150630
   0.0000 20150701
   0.0000 20150702
   0.0000 20150703
   0.0000 20150704
   0.0000 20150705
   0.0000 20150706
   0.0000 20150707
   0.0000 20150708
   0.0000 20150709
   0.0000 20150710
   0.0000 20150711
   0.0000 20150712
   0.0000 20150713
   0.0000 20150714
   0.0000 20150715
   0.0000 20150716
   0.0000 20150717
   0.0000 20150718
   0.0000 20150719
   0.0000 20150720
   0.0000 20150721
   0.0000 20150722
   0.0000 20150723
   0.0000 20150724
   0.0000 20150725
   0.0000 20150726
   0.0000 20150727
   0.0000 20150728
   0.0000 20150729
   0.0000 20150730
   0.0000 20150731
   0.0000 20150801
   0.0000 20150802
   0.0000 20150803
   0.0000 20150804
   0.0000 20150805
   0.0000 20150806
   0.0000 20150807
   0.0000 20150808
   0.0000 20150809
   0.0000 20150810
   0.0000 20150811
   0.0000 20150812
   0.0000 20150813
   0.0000 20150814
   0.0000 20150815
   0.0000 20150816
   0.0000 20150817
   0.0000 20150818
   0.0000 20150819
   0.0000 20150820
   0.0000 20150821
   0.0000 20150822
   0.0000 20150823
   0.0000 20150824
   0.0000 20150825
   0.0000 20150826
   0.0000 20150827
   0.0000 20150828
   0.0000 20150829
   0.0000 20150830
   0.0000 20150831
   0.0000 20150901
   0.0000 20150902
   0.0000 20150903
   0.0000 20150904
   0.0000 20150905
   1.6310 20150906
   0.1702 20150907
   0.0321 20150908
   0.0087 20150909
   0.0026 20150910
   0.0010 20150911
   0.0006 20150912
   0.0003 20150913
   0.0002 20150914
   0.0002 20150915
   0.0001 20150916
   0.0001 20150917
   0.0001 20150918
   0.0001 20150919
   0.0000 20150920
   0.0001 20150921
   0.0000 20150922
   0.0000 20150923
   0.0000 20150924
   0.0000 20150925
   0.0000 20150926
   0.0000 20150927
   0.0000 20150928
   0.0000 20150929
   0.0000 20150930
   0.0000 20151001
   0.0000 20151002
   0.0000 20151003
   0.0000 20151004
   0.0000 20151005
   0.0000 20151006
   0.0000 20151007
   0.0000 20151008
   0.0000 20151009
   0.0000 20151010
   0.0000 20151011
   0.0000 20151012
   0.0000 20151013
   0.0000 20151014
   0.0000 20151015
   0.0000 20151016
   0.0000 20151017
   0.0000 20151018
   0.0127 20151019
   0.0032 20151020
   0.0011 20151021
   0.0006 20151022
   0.0003 20151023
   0.0003 20151024
   0.0002 20151025
   0.0002 20151026
   0.0002 20151027
   0.0001 20151028
   0.0001 20151029
   0.0001 20151030
   0.0001 20151031
   0.0000 20151101
   0.0419 20151102
   0.0094 20151103
   0.0027 20151104
   0.0011 20151105
   0.0005 20151106
   0.0003 20151107
   0.0003 20151108
   0.0002 20151109
   0.0001 20151110
   0.0001 20151111
   0.0001 20151112
   0.0001 20151113
   0.0001 20151114
   0.0001 20151115
   0.0000 20151116
   0.0000 20151117
   0.0000 20151118
   0.0000 20151119
   0.0000 20151120
   0.0000 20151121
   0.0000 20151122
   0.0000 20151123
   0.0000 20151124
   0.0000 20151125
   0.0000 20151126
   0.0000 20151127
   0.0000 20151128
   0.0000 20151129
   0.0000 20151130
   0.0000 20151201
   0.0000 20151202
   0.0000 20151203
   0.0000 20151204
   0.0000 20151205
   0.0000 20151206
   0.0000 20151207
   0.0000 20151208
   0.0000 20151209
   0.0000 20151210
   0.0000 20151211
   0.0000 20151212
   0.0000 20151213
   0.0000 20151214
   0.0000 20151215
   0.0000 20151216
   0.0000 20151217
   0.0000 20151218
   0.0000 20151219
   0.0000 20151220
   0.0000 20151221
   0.0000 20151222
   0.0000 20151223
   0.0000 20151224
   0.0000 20151225
   0.0000 20151226
   0.0000 20151227
   0.0000 20151228
   0.0000 20151229
   0.0000 20151230
   0.0000 20151231
   0.0000 20160101
   0.0000 20160102
   0.0000 20160103
   0.0000 20160104
   0.0000 20160105
   0.0000 20160106
   0.0000 20160107
   0.0000 20160108
   0.0000 20160109
   0.0000 20160110
   0.0000 20160111
   0.0000 20160112
   0.0000 20160113
   0.0000 20160114
   0.0000 20160115
   0.0000 20160116
   0.0000 20160117
   0.0000 20160118
   0.0000 20160119
   0.0000 20160120
   0.0000 20160121
   0.0000 20160122
   0.0000 20160123
   0.0000 20160124
   0.0000 20160125
   0.0000 20160126
   0.0000 20160127
   0.0000 20160128
   0.0000 20160129
   0.0000 20160130
   0.0000 20160131
   0.0000 20160201
   0.0000 20160202
   0.0000 20160203
   0.0000 20160204
   0.0000 20160205
   0.0000 20160206
   0.0000 20160207
   0.0000 20160208
   0.0000 20160209
   0.0000 20160210
   0.0000 20160211
   0.0000 20160212
   0.0000 20160213
   0.0000 20160214
   0.0000 20160215
   0.0000 20160216
   0.0000 20160217
   0.0000 20160218
   0.0000 20160219
   0.0000 20160220
   0.0000 20160221
   0.0000 20160222
   0.0000 20160223
   0.0000 20160224
   0.0000 20160225
   0.0000 20160226
   0.0000 20160227
   0.0000 20160228
   0.0000 20160229
   0.0000 20160301
   0.0000 20160302
   0.0000 20160303
   0.0000 20160304
   0.0000 20160305
   0.0000 20160306
   0.0000 20160307
   0.0000 20160308
   0.0000 20160309
   0.0000 20160310
   0.0000 20160311
   0.0000 20160312
   0.0000 20160313
   0.0000 20160314
   0.0000 20160315
   0.0000 20160316
   0.0000 20160317
   0.0000 20160318
   0.0000 20160319
   0.0000 20160320
   0.0071 20160321
   0.0019 20160322
   0.0006 20160323
   0.0003 20160324
   0.0002 20160325
   0.0002 20160326
   0.0001 20160327
   0.0001 20160328
   0.0001 20160329
   0.0000 20160330
   0.0000 20160331
   0.0000 20160401
   0.0000 20160402
   0.0000 20160403
   0.0000 20160404
   0.0047 20160405
   0.0013 20160406
   0.0005 20160407
   0.0002 20160408
   0.0001 20160409
   0.0002 20160410
   0.0001 20160411
   0.0001 20160412
   0.0001 20160413
   0.0000 20160414
   0.0000 20160415
   0.0000 20160416
   0.0000 20160417
   0.0000 20160418
   0.0000 20160419
   0.0000 20160420
   0.0000 20160421
   0.0000 20160422
   0.0000 20160423
   0.0000 20160424
   0.0000 20160425
   0.0000 20160426
   0.0000 20160427
   0.0000 20160428
   0.0000 20160429
   0.0000 20160430
   0.0000 20160501
   0.0000 20160502
   0.0000 20160503
   0.0000 20160504
   0.0000 20160505
   0.0000 20160506
   0.0000 20160507
   0.0000 20160508
   0.0000 20160509
   0.0000 20160510
   0.0000 20160511
   0.0000 20160512
   0.0000 20160513
   0.0000 20160514
   0.0000 20160515
   0.0000 20160516
   0.0000 20160517
   0.0000 20160518
   0.0000 20160519
   0.0000 20160520
   0.0000 20160521
   0.0000 20160522
   0.0000 20160523
   0.0000 20160524
   0.0000 20160525
   0.0000 20160526
   0.0000 20160527
   0.0000 20160528
   0.0000 20160529
   0.0000 20160530
   0.0000 20160531
   0.0000 20160601
   0.0000 20160602
   0.0000 20160603
   0.0000 20160604
   0.0000 20160605
   0.0000 20160606
   0.0000 20160607
   0.0000 20160608
   0.0000 20160609
   0.0000 20160610
   0.0000 20160611
   0.0000 20160612
   0.0000 20160613
   0.0000 20160614
   0.0000 20160615
   0.0000 20160616
   0.0000 20160617
   0.0000 20160618
   0.0000 20160619
   0.0000 20160620
   0.0000 20160621
   0.0000 20160622
   0.0000 20160623
   0.0000 20160624
   0.0000 20160625
   0.0000 20160626
   0.0000 20160627
   0.0000 20160628
   0.0000 20160629
   0.0000 20160630
   0.0000 20160701
   0.0000 20160702
   0.0000 20160703
   0.0000 20160704
   0.0000 20160705
   0.0000 20160706
   0.0000 20160707
   0.0000 20160708
   0.0000 20160709
   0.0000 20160710
   0.0000 20160711
   0.0000 20160712
   0.0000 20160713
   0.0000 20160714
   0.0000 20160715
   0.0000 20160716
   0.0000 20160717
   0.0000 20160718
   0.0000 20160719
   0.0000 20160720
   0.0000 20160721
   0.0000 20160722
   0.0000 20160723
   0.0000 20160724
   0.0000 20160725
   0.0000 20160726
   0.0000 20160727
   0.0000 20160728
   0.0000 20160729
   0.0000 20160730
   0.0000 20160731
   0.0000 20160801
   0.0000 20160802
   0.0000 20160803
   0.0000 20160804
   0.0000 20160805
   0.0000 20160806
   0.0000 20160807
   0.0000 20160808
   0.0000 20160809
   0.0000 20160810
   0.0000 20160811
   0.0000 20160812
   0.0000 20160813
   0.0000 20160814
   0.0000 20160815
   0.0000 20160816
   0.0000 20160817
   0.0000 20160818
   0.0000 20160819
   0.0000 20160820
   0.0000 20160821
   0.0000 20160822
   0.0000 20160823
   0.0000 20160824
   0.0000 20160825
   0.0000 20160826
   0.0000 20160827
   0.0000 20160828
   0.0000 20160829
   0.0000 20160830
   0.0000 20160831
   0.0000 20160901
   0.0000 20160902
   0.0000 20160903
   0.0000 20160904
   0.0000 20160905
   0.0000 20160906
   0.0000 20160907
   0.0000 20160908
   0.0000 20160909
   0.0000 20160910
   0.0000 20160911
   0.0000 20160912
   0.0000 20160913
   0.0000 20160914
   0.0000 20160915
   0.0000 20160916
   0.0000 20160917
   0.0000 20160918
   0.0000 20160919
   0.0000 20160920
   0.0000 20160921
   0.0000 20160922
   0.0000 20160923
   0.0000 20160924
   0.0000 20160925
   0.0000 20160926
   0.0000 20160927
   0.0000 20160928
   0.0000 20160929
   0.0000 20160930
   0.0000 20161001
   0.0000 20161002
   0.0000 20161003
   0.0000 20161004
   0.0000 20161005
   0.0000 20161006
   0.0000 20161007
   0.0000 20161008
   0.0000 20161009
   0.0000 20161010
   0.0000 20161011
   0.0000 20161012
   0.0000 20161013
   0.0000 20161014
   0.0000 20161015
   0.0000 20161016
   0.0000 20161017
   0.0000 20161018
   0.0000 20161019
   0.0000 20161020
   0.0000 20161021
   0.0000 20161022
   0.0000 20161023
   0.0000 20161024
   0.0000 20161025
   0.0000 20161026
   0.0000 20161027
   0.0000 20161028
   0.0000 20161029
   0.0000 20161030
   0.0000 20161031
   0.0000 20161101
   0.0000 20161102
   0.0000 20161103
   0.0000 20161104
   0.0000 20161105
   0.0000 20161106
   0.0000 20161107
   0.0000 20161108
   0.0000 20161109
   0.0000 20161110
   0.0000 20161111
   0.0000 20161112
   0.0000 20161113
   0.0000 20161114
   0.0000 20161115
   0.0000 20161116
   0.0000 20161117
   0.0000 20161118
   0.0000 20161119
   0.0000 20161120
   0.0000 20161121
   0.0000 20161122
   0.0132 20161123
   0.0032 20161124
   0.0010 20161125
   0.0004 20161126
   0.0002 20161127
   0.0002 20161128
   0.0001 20161129
   0.0001 20161130
   0.0001 20161201
   0.0001 20161202
   0.0000 20161203
   0.0002 20161204
   0.0001 20161205
   0.0001 20161206
   0.0001 20161207
   0.0001 20161208
   0.0001 20161209
   0.0001 20161210
   0.0001 20161211
   0.0000 20161212
   0.0000 20161213
   0.0001 20161214
   0.0000 20161215
   0.0000 20161216
   0.3637 20161217
   7.0620 20161218
   0.9037 20161219
   0.1426 20161220
   0.0288 20161221
   0.0085 20161222
   0.0030 20161223
   0.0016 20161224
   0.0010 20161225
   0.0007 20161226
   0.0006 20161227
   0.0004 20161228
   0.0004 20161229
   0.0003 20161230
   0.0002 20161231
   0.0002 20170101
   0.0002 20170102
   0.0002 20170103
   0.0001 20170104
   0.0001 20170105
   0.0001 20170106
   0.0001 20170107
   0.0001 20170108
   0.0001 20170109
   0.0001 20170110
   0.0001 20170111
   0.0001 20170112
   0.0001 20170113
   0.0001 20170114
   0.0001 20170115
   0.0000 20170116
   0.0000 20170117
   0.0528 20170118
   0.2965 20170119
   0.0348 20170120
   0.0096 20170121
   0.0030 20170122
   0.0014 20170123
   0.0008 20170124
   0.0005 20170125
   0.0004 20170126
   0.0003 20170127
   0.0003 20170128
   0.0002 20170129
   0.0001 20170130
   0.0001 20170131
   0.0001 20170201
   0.0001 20170202
   0.0001 20170203
   0.0001 20170204
   0.0001 20170205
   0.0001 20170206
   0.0001 20170207
   0.0001 20170208
   0.0001 20170209
   0.0000 20170210
   0.0000 20170211
   0.0000 20170212
   0.0000 20170213
   0.0000 20170214
   0.0000 20170215
   0.0000 20170216
   0.0000 20170217
   0.0000 20170218
   0.0001 20170219
   0.0000 20170220
   0.0000 20170221
   0.0000 20170222
   0.0000 20170223
   0.0000 20170224
   0.0000 20170225
   0.0000 20170226
   0.0000 20170227
   0.0000 20170228
   0.0000 20170301
   0.0000 20170302
   0.0000 20170303
   0.0000 20170304
   0.0000 20170305
   0.0000 20170306
   0.0000 20170307
   0.0000 20170308
   0.0000 20170309
   0.0000 20170310
   0.0000 20170311
   0.0000 20170312
   0.0426 20170313
   0.0109 20170314
   0.0029 20170315
   0.0011 20170316
   0.0006 20170317
   0.0003 20170318
   0.0003 20170319
   0.0002 20170320
   0.0001 20170321
   0.0001 20170322
   0.0001 20170323
   0.0001 20170324
   0.0001 20170325
   0.0001 20170326
   0.0000 20170327
   0.0000 20170328
   0.0000 20170329
   0.0000 20170330
   0.0000 20170331
   0.0000 20170401
   0.0000 20170402
   0.0000 20170403
   0.0000 20170404
   0.0000 20170405
   0.0000 20170406
   0.0000 20170407
   0.0000 20170408
   0.0000 20170409
   0.0000 20170410
   0.0000 20170411
   0.0000 20170412
   0.0000 20170413
   0.0000 20170414
   0.0000 20170415
   0.0000 20170416
   0.0000 20170417
   0.0000 20170418
   0.0000 20170419
   0.0000 20170420
   0.0000 20170421
   0.0000 20170422
   0.0000 20170423
   0.0000 20170424
   0.0000 20170425
   0.0000 20170426
   0.0000 20170427
   0.0000 20170428
   0.0000 20170429
   0.0000 20170430
   0.0000 20170501
   0.0000 20170502
   0.0000 20170503
   0.0000 20170504
   0.0000 20170505
   0.0000 20170506
   0.0000 20170507
   0.0000 20170508
   0.0000 20170509
   0.0000 20170510
   0.0000 20170511
   0.0000 20170512
   0.0000 20170513
   0.0000 20170514
   0.0000 20170515
   0.0000 20170516
   0.0000 20170517
   0.0000 20170518
   0.0000 20170519
   0.0000 20170520
   0.0000 20170521
   0.0000 20170522
   0.0000 20170523
   0.0000 20170524
   0.0000 20170525
   0.0000 20170526
   0.0000 20170527
   0.0000 20170528
   0.0000 20170529
   0.0000 20170530
   0.0000 20170531
   0.0000 20170601
   0.0000 20170602
   0.0000 20170603
   0.0000 20170604
   0.0000 20170605
   0.0000 20170606
   0.0000 20170607
   0.0000 20170608
   0.0000 20170609
   0.0000 20170610
   0.0000 20170611
   0.0000 20170612
   0.0000 20170613
   0.0000 20170614
   0.0000 20170615
   0.0000 20170616
   0.0000 20170617
   0.0000 20170618
   0.0000 20170619
   0.0000 20170620
   0.0000 20170621
   0.0000 20170622
   0.0000 20170623
   0.0000 20170624
   0.0000 20170625
   0.0000 20170626
   0.0000 20170627
   0.0000 20170628
   0.0000 20170629
   0.0000 20170630
   0.0000 20170701
   0.0000 20170702
   0.0000 20170703
   0.0000 20170704
   0.0000 20170705
   0.0000 20170706
   0.0000 20170707
   0.0000 20170708
   0.0000 20170709
   0.0000 20170710
   0.0000 20170711
   0.0000 20170712
   0.0000 20170713
   0.0000 20170714
   0.0000 20170715
   0.0000 20170716
   0.0000 20170717
   0.0000 20170718
   0.0000 20170719
   0.0000 20170720
   0.0000 20170721
   0.0000 20170722
   0.0000 20170723
   0.0000 20170724
   0.0000 20170725
   0.0000 20170726
   0.0000 20170727
   0.0000 20170728
   0.0000 20170729
   0.0000 20170730
   0.0000 20170731
   0.0000 20170801
   0.0000 20170802
   0.0000 20170803
   0.0000 20170804
   0.0000 20170805
   0.0000 20170806
   0.0000 20170807
   0.0000 20170808
   0.0000 20170809
   0.0000 20170810
   0.0000 20170811
   0.0000 20170812
   0.0000 20170813
   0.0000 20170814
   0.0000 20170815
   0.0000 20170816
   0.0000 20170817
   0.0000 20170818
   0.0000 20170819
   0.0000 20170820
   0.0000 20170821
   0.0000 20170822
   0.0000 20170823
   0.0000 20170824
   0.0000 20170825
   0.0000 20170826
   0.0000 20170827
   0.0000 20170828
   0.0356 20170829
   0.0081 20170830
   0.0023 20170831
   0.0008 20170901
   0.0005 20170902
   0.0003 20170903
   0.0002 20170904
   0.0001 20170905
   0.0001 20170906
   0.0001 20170907
   0.0001 20170908
   0.0001 20170909
   0.0000 20170910
   0.0000 20170911
   0.0000 20170912
   0.0000 20170913
   0.0000 20170914
   0.0000 20170915
   0.0000 20170916
   0.0000 20170917
   0.0000 20170918
   0.0000 20170919
   0.0000 20170920
   0.0000 20170921
   0.0000 20170922
   0.0000 20170923
   0.0000 20170924
   0.0000 20170925
   0.0000 20170926
   0.0000 20170927
   0.0000 20170928
   0.0000 20170929
   0.0000 20170930
   0.0000 20171001
   0.0000 20171002
   0.0000 20171003
   0.0000 20171004
   0.0000 20171005
   0.0000 20171006
   0.0000 20171007
   0.0000 20171008
   0.0000 20171009
   0.0000 20171010
   0.0000 20171011
   0.0000 20171012
   0.0000 20171013
   0.0000 20171014
   0.0000 20171015
   0.0000 20171016
   0.0000 20171017
   0.0000 20171018
   0.0000 20171019
   0.0000 20171020
   0.0000 20171021
   0.0000 20171022
   0.0000 20171023
   0.0000 20171024
   0.0000 20171025
   0.0000 20171026
   0.0000 20171027
   0.0000 20171028
   0.0000 20171029
   0.0000 20171030
   0.0000 20171031
   0.0000 20171101
   0.0000 20171102
   0.0000 20171103
   0.0000 20171104
   0.0000 20171105
   0.0000 20171106
   0.0000 20171107
   0.0000 20171108
   0.0000 20171109
   0.0000 20171110
   0.0000 20171111
   0.0000 20171112
   0.0000 20171113
   0.0000 20171114
   0.0000 20171115
   0.0000 20171116
   0.0000 20171117
   0.0000 20171118
   0.0000 20171119
   0.0000 20171120
   0.0000 20171121
   0.0000 20171122
   0.0000 20171123
   0.0000 20171124
   0.0000 20171125
   0.0000 20171126
   0.0000 20171127
   0.0000 20171128
   0.0000 20171129
   0.0000 20171130
   0.0000 20171201
   0.0000 20171202
   0.0000 20171203
   0.0000 20171204
   0.0000 20171205
   0.0000 20171206
   0.0000 20171207
   0.0000 20171208
   0.0000 20171209
   0.0000 20171210
   0.0000 20171211
   0.0000 20171212
   0.0000 20171213
   0.0000 20171214
   0.0000 20171215
   0.0000 20171216
   0.0000 20171217
   0.0000 20171218
   0.0000 20171219
   0.0000 20171220
   0.0000 20171221
   0.0000 20171222
   0.0000 20171223
   0.0000 20171224
   0.0000 20171225
   0.0000 20171226
   0.0000 20171227
   0.0000 20171228
   0.0000 20171229
   0.0000 20171230
   0.0000 20171231
   0.0000 20180101
   0.0000 20180102
   0.0000 20180103
   0.0000 20180104
   0.0000 20180105
   0.0000 20180106
   0.0000 20180107
   0.0000 20180108
   0.0000 20180109
   0.0000 20180110
   0.0000 20180111
   0.0000 20180112
   0.0000 20180113
   0.0000 20180114
   0.0000 20180115
   0.0000 20180116
   0.0000 20180117
   0.0000 20180118
   0.0000 20180119
   0.0000 20180120
   0.0000 20180121
   0.0000 20180122
   0.0000 20180123
   0.0000 20180124
   0.0000 20180125
   0.0000 20180126
   0.0000 20180127
   0.0340 20180128
   0.0077 20180129
   0.0022 20180130
   0.0008 20180131
   0.0004 20180201
   0.0003 20180202
   0.0003 20180203
   0.0002 20180204
   0.0001 20180205
   0.0001 20180206
   0.0001 20180207
   0.0001 20180208
   0.0001 20180209
   0.0001 20180210
   0.0000 20180211
   0.0000 20180212
   0.0000 20180213
   0.0000 20180214
   0.0000 20180215
   0.0000 20180216
   0.0000 20180217
   0.0000 20180218
   0.0000 20180219
   0.0000 20180220
   0.0000 20180221
   0.0000 20180222
   0.0000 20180223
   0.0000 20180224
   0.0000 20180225
   0.0000 20180226
   0.0000 20180227
   0.0000 20180228
   0.0000 20180301
   0.0000 20180302
   0.0000 20180303
   0.0000 20180304
   0.0000 20180305
   0.0000 20180306
   0.0000 20180307
   0.0000 20180308
   0.0000 20180309
   0.0000 20180310
   0.0000 20180311
   0.0000 20180312
   0.0000 20180313
   0.0000 20180314
   0.0000 20180315
   0.0000 20180316
   0.0000 20180317
   0.0000 20180318
   0.0000 20180319
   0.0000 20180320
   0.0000 20180321
   0.0000 20180322
   0.0000 20180323
   0.0000 20180324
   0.0000 20180325
   0.0000 20180326
   0.0000 20180327
   0.0000 20180328
   0.0000 20180329
   0.0000 20180330
   0.0000 20180331
   0.0000 20180401
   0.0000 20180402
   0.0000 20180403
   0.0000 20180404
   0.0000 20180405
   0.0000 20180406
   0.0000 20180407
   0.0000 20180408
   0.0000 20180409
   0.0000 20180410
   0.0000 20180411
   0.0000 20180412
   0.0000 20180413
   0.0000 20180414
   0.0000 20180415
   0.0000 20180416
   0.0000 20180417
   0.0000 20180418
   0.0000 20180419
   0.0000 20180420
   0.0000 20180421
   0.0000 20180422
   0.0000 20180423
   0.0000 20180424
   0.0000 20180425
   0.0000 20180426
   0.0000 20180427
   0.0000 20180428
   0.0000 20180429
   0.0000 20180430
   0.0000 20180501
   0.0000 20180502
   0.0000 20180503
   0.0000 20180504
   0.0000 20180505
   0.0000 20180506
   0.0000 20180507
   0.0000 20180508
   0.0000 20180509
   0.0000 20180510
   0.0000 20180511
   0.0000 20180512
   0.0000 20180513
   0.0000 20180514
   0.0000 20180515
   0.0000 20180516
   0.0000 20180517
   0.0000 20180518
   0.0000 20180519
   0.0000 20180520
   0.0000 20180521
   0.0000 20180522
   0.0000 20180523
   0.0000 20180524
   0.0000 20180525
   0.0000 20180526
   0.0000 20180527
   0.0000 20180528
   0.0000 20180529
   0.0000 20180530
   0.0000 20180531
   0.0000 20180601
   0.0000 20180602
   0.0000 20180603
   0.0000 20180604
   0.0000 20180605
   0.0000 20180606
   0.0000 20180607
   0.0000 20180608
   0.0000 20180609
   0.0000 20180610
   0.0000 20180611
   0.0000 20180612
   0.0000 20180613
   0.0000 20180614
   0.0000 20180615
   0.0000 20180616
   0.0000 20180617
   0.0000 20180618
   0.0000 20180619
   0.0000 20180620
   0.0000 20180621
   0.0000 20180622
   0.0000 20180623
   0.0000 20180624
   0.0000 20180625
   0.0000 20180626
   0.0000 20180627
   0.0000 20180628
   0.0000 20180629
   0.0000 20180630
   0.0000 20180701
   0.0000 20180702
   0.0000 20180703
   0.0000 20180704
   0.0000 20180705
   0.0000 20180706
   0.0000 20180707
   0.0000 20180708
   0.0000 20180709
   0.0000 20180710
   0.0000 20180711
   0.0000 20180712
   0.0000 20180713
   0.0000 20180714
   0.0000 20180715
   0.0000 20180716
   0.0000 20180717
   0.0000 20180718
   0.0000 20180719
   0.0000 20180720
   0.0000 20180721
   0.0000 20180722
   0.0000 20180723
   0.0000 20180724
   0.0000 20180725
   0.0000 20180726
   0.0000 20180727
   0.0000 20180728
   0.0000 20180729
   0.0000 20180730
   0.0000 20180731
   0.0000 20180801
   0.0000 20180802
   0.0000 20180803
   0.0000 20180804
   0.0000 20180805
   0.0000 20180806
   0.0000 20180807
   0.0000 20180808
   0.0000 20180809
   0.0000 20180810
   0.0000 20180811
   0.0000 20180812
   0.0000 20180813
   0.0000 20180814
   0.0000 20180815
   0.0000 20180816
   0.0000 20180817
   0.0000 20180818
   0.0000 20180819
   0.0000 20180820
   0.0000 20180821
   0.0000 20180822
   0.0000 20180823
   0.0000 20180824
   0.0000 20180825
   0.0000 20180826
   0.0000 20180827
   0.0000 20180828
   0.0000 20180829
   0.0000 20180830
   0.0000 20180831
   0.0000 20180901
   0.0000 20180902
   0.0000 20180903
   0.0000 20180904
   0.0000 20180905
   0.0000 20180906
   0.0000 20180907
   0.0000 20180908
   0.0000 20180909
   0.0000 20180910
   0.0000 20180911
   0.0000 20180912
   0.0000 20180913
   0.0000 20180914
   0.6221 20180915
   0.0656 20180916
   0.0164 20180917
   0.0045 20180918
   0.0014 20180919
   0.0007 20180920
   0.0003 20180921
   0.0003 20180922
   0.0002 20180923
   0.0001 20180924
   0.0001 20180925
   0.0001 20180926
   0.0001 20180927
   0.0001 20180928
   0.0000 20180929
   0.0000 20180930
   0.0000 20181001
   0.0000 20181002
   0.0000 20181003
   0.0000 20181004
   0.0000 20181005
   0.0000 20181006
   0.0000 20181007
   0.0000 20181008
   0.0000 20181009
   0.0000 20181010
   0.0000 20181011
   0.0000 20181012
   0.0000 20181013
   0.1233 20181014
   0.0182 20181015
   0.0048 20181016
   0.0015 20181017
   0.0006 20181018
   0.0003 20181019
   0.0002 20181020
   0.0001 20181021
   0.0002 20181022
   0.0001 20181023
   0.0001 20181024
   0.0001 20181025
   0.0000 20181026
   0.0000 20181027
   0.0000 20181028
   0.0000 20181029
   0.0000 20181030
   0.0002 20181031
   0.0001 20181101
   0.0001 20181102
   0.0001 20181103
   0.0001 20181104
   0.0001 20181105
   0.0001 20181106
   0.0000 20181107
   0.0000 20181108
   0.0001 20181109
   0.0000 20181110
   0.0000 20181111
   0.0000 20181112
   0.0000 20181113
   0.0000 20181114
   0.1839 20181115
   0.0239 20181116
   0.0064 20181117
   0.0224 20181118
   0.0194 20181119
   0.0049 20181120
   0.0018 20181121
   0.0010 20181122
   0.0005 20181123
   0.0004 20181124
   0.0003 20181125
   0.0003 20181126
   0.0002 20181127
   0.0001 20181128
   0.0001 20181129
   0.0001 20181130
   0.0001 20181201
   0.0001 20181202
   0.0001 20181203
   0.0000 20181204
   0.0000 20181205
   0.0001 20181206
   0.0000 20181207
   0.0000 20181208
   0.0000 20181209
   0.0000 20181210
   0.0000 20181211
   0.0000 20181212
   0.0000 20181213
   0.0000 20181214
   0.0000 20181215
   0.0000 20181216
   0.0000 20181217
   0.0000 20181218
   0.0000 20181219
   0.0000 20181220
   0.0000 20181221
   0.0000 20181222
   0.0000 20181223
   0.0000 20181224
   0.0000 20181225
   0.0000 20181226
   0.0000 20181227
   0.0000 20181228
   0.0000 20181229
   0.0000 20181230
   0.0000 20181231
   0.0000 20190101
   0.0000 20190102
   0.0000 20190103
   0.0000 20190104
   0.0000 20190105
   0.0000 20190106
   0.0000 20190107
   0.0000 20190108
   0.0000 20190109
   0.0000 20190110
   0.0000 20190111
   0.0000 20190112
   0.0000 20190113
   0.0000 20190114
   0.0000 20190115
   0.0000 20190116
   0.0000 20190117
   0.0000 20190118
   0.0000 20190119
   0.0000 20190120
   0.0000 20190121
   0.0000 20190122
   0.0000 20190123
   0.0000 20190124
   0.0000 20190125
   0.0000 20190126
   0.0000 20190127
   0.0000 20190128
   0.0000 20190129
   0.0000 20190130
   0.0000 20190131
   0.0000 20190201
   0.0000 20190202
   0.0000 20190203
   0.0000 20190204
   0.0000 20190205
   0.0000 20190206
   0.0000 20190207
   0.0000 20190208
   0.0000 20190209
   0.0000 20190210
   0.0000 20190211
   0.0000 20190212
   0.0000 20190213
   0.0000 20190214
   0.0000 20190215
   0.0000 20190216
   0.0000 20190217
   0.0000 20190218
   0.0000 20190219
   0.0000 20190220
   0.0000 20190221
   0.0000 20190222
   0.0000 20190223
   0.0000 20190224
   0.0000 20190225
   0.0000 20190226
   0.0000 20190227
   0.0000 20190228
   0.0000 20190301
   0.0000 20190302
   0.0000 20190303
   0.0000 20190304
   0.0000 20190305
   0.0000 20190306
   0.0000 20190307
   0.0000 20190308
   0.0000 20190309
   0.0000 20190310
   0.0000 20190311
   0.0000 20190312
   0.0000 20190313
   0.0000 20190314
   0.0000 20190315
   0.0000 20190316
   0.0000 20190317
   0.0000 20190318
   0.0000 20190319
   0.0000 20190320
   0.0000 20190321
   0.0000 20190322
   0.0000 20190323
   0.0000 20190324
   0.0000 20190325
   0.0000 20190326
   0.0000 20190327
   0.0000 20190328
   0.0000 20190329
   0.0000 20190330
   0.0005 20190331
   0.0001 20190401
   0.0001 20190402
   0.0001 20190403
   0.0000 20190404
   0.0000 20190405
   0.0000 20190406
   0.0000 20190407
   0.0000 20190408
   0.0000 20190409
   0.0000 20190410
   0.0000 20190411
   0.0000 20190412
   0.0000 20190413
   0.0000 20190414
   0.0000 20190415
   0.0000 20190416
   0.0000 20190417
   0.0000 20190418
   0.4103 20190419
   1.0910 20190420
   0.1163 20190421
   0.0242 20190422
   0.0068 20190423
   0.0022 20190424
   0.0011 20190425
   0.0006 20190426
   0.0004 20190427
   0.0003 20190428
   0.0002 20190429
   0.0002 20190430
   0.0001 20190501
   0.0001 20190502
   0.0001 20190503
   0.0001 20190504
   0.0001 20190505
   0.0000 20190506
   0.0000 20190507
   0.0001 20190508
   0.0000 20190509
   0.0000 20190510
   0.0000 20190511
   0.0000 20190512
   0.0000 20190513
   0.0000 20190514
   0.0000 20190515
   0.0000 20190516
   0.0000 20190517
   0.0000 20190518
   0.0000 20190519
   0.0000 20190520
   0.0000 20190521
   0.0000 20190522
   0.0000 20190523
   0.0000 20190524
   0.0000 20190525
   0.0000 20190526
   0.0000 20190527
   0.0000 20190528
   0.0000 20190529
   0.0000 20190530
   0.0000 20190531
   0.0000 20190601
   0.0000 20190602
   0.0000 20190603
   0.0000 20190604
   0.0000 20190605
   0.0000 20190606
   0.0000 20190607
   0.0000 20190608
   0.0000 20190609
   0.0000 20190610
   0.0000 20190611
   0.0000 20190612
   0.0000 20190613
   0.0000 20190614
   0.0000 20190615
   0.0000 20190616
   0.0000 20190617
   0.0000 20190618
   0.0000 20190619
   0.0000 20190620
   0.0000 20190621
   0.0000 20190622
   0.0000 20190623
   0.0000 20190624
   0.0000 20190625
   0.0000 20190626
   0.0000 20190627
   0.0000 20190628
   0.0000 20190629
   0.0000 20190630
   0.0000 20190701
   0.0000 20190702
   0.0000 20190703
   0.0000 20190704
   0.0000 20190705
   0.0000 20190706
   0.0000 20190707
   0.0000 20190708
   0.0000 20190709
   0.0000 20190710
   0.0000 20190711
   0.0000 20190712
   0.0000 20190713
   0.0000 20190714
   0.0000 20190715
   0.0000 20190716
   0.0000 20190717
   0.0000 20190718
   0.0000 20190719
   0.0000 20190720
   0.0000 20190721
   0.0000 20190722
   0.0000 20190723
   0.0000 20190724
   0.0000 20190725
   0.0000 20190726
   0.0000 20190727
   0.0000 20190728
   0.0000 20190729
   0.0000 20190730
   0.0000 20190731
   0.0000 20190801
   0.0000 20190802
   0.0000 20190803
   0.0000 20190804
   0.0000 20190805
   0.0000 20190806
   0.0000 20190807
   0.0000 20190808
   0.0000 20190809
   0.0000 20190810
   0.0000 20190811
   0.0000 20190812
   0.0000 20190813
   0.0000 20190814
   0.0000 20190815
   0.0000 20190816
   0.0000 20190817
   0.0000 20190818
   0.0000 20190819
   0.0000 20190820
   0.0000 20190821
   0.0000 20190822
   0.0000 20190823
   0.0000 20190824
   0.0000 20190825
   0.0000 20190826
   0.0000 20190827
   0.0000 20190828
   0.0000 20190829
   0.0000 20190830
   0.0000 20190831
   0.0000 20190901
   0.0000 20190902
   0.0000 20190903
   0.0000 20190904
   0.0000 20190905
   0.0000 20190906
   0.0000 20190907
   0.0000 20190908
   0.0000 20190909
   0.0000 20190910
   0.0000 20190911
   3.1310 20190912
   4.4490 20190913
   0.4831 20190914
   0.0824 20190915
   0.0195 20190916
   0.0058 20190917
   0.0022 20190918
   0.0011 20190919
   0.0007 20190920
   0.0005 20190921
   0.0004 20190922
   0.0003 20190923
   0.0002 20190924
   0.0002 20190925
   0.0002 20190926
   0.0001 20190927
   0.0001 20190928
   0.0001 20190929
   0.0001 20190930
   0.0001 20191001
   0.0000 20191002
   0.0000 20191003
   0.0001 20191004
   0.0000 20191005
   0.0000 20191006
   0.0000 20191007
   0.0000 20191008
   0.0000 20191009
   0.0000 20191010
   0.0000 20191011
   0.0000 20191012
   0.0000 20191013
   0.0000 20191014
   0.0000 20191015
   0.0000 20191016
   0.0000 20191017
   0.0000 20191018
   0.0000 20191019
   0.0000 20191020
   0.0000 20191021
   0.0795 20191022
   0.0139 20191023
   0.0038 20191024
   0.0012 20191025
   0.0005 20191026
   0.0003 20191027
   0.0002 20191028
   0.0001 20191029
   0.0001 20191030
   0.0001 20191031
   0.0001 20191101
   0.0001 20191102
   0.0001 20191103
   0.0000 20191104
   0.0000 20191105
   0.0000 20191106
   0.0000 20191107
   0.0000 20191108
   0.0000 20191109
   0.0000 20191110
   0.0000 20191111
   0.0000 20191112
   0.0000 20191113
   0.0000 20191114
   0.0000 20191115
   0.0000 20191116
   0.0000 20191117
   0.0000 20191118
   0.0000 20191119
   0.0000 20191120
   0.0000 20191121
   0.0000 20191122
   0.0000 20191123
   0.0000 20191124
   0.0000 20191125
   0.0000 20191126
   0.0000 20191127
   0.0000 20191128
   0.0000 20191129
   0.0000 20191130
   0.0000 20191201
   0.0112 20191202
   0.9082 20191203
   0.0951 20191204
   0.0211 20191205
   0.0058 20191206
   0.0019 20191207
   0.0009 20191208
   0.0006 20191209
   0.0004 20191210
   0.0003 20191211
   0.0002 20191212
   0.0001 20191213
   0.0001 20191214
   0.0001 20191215
   0.0001 20191216
   0.0001 20191217
   0.0001 20191218
   0.0000 20191219
   0.0000 20191220
   0.0001 20191221
   0.0000 20191222
   0.0000 20191223
   0.0000 20191224
   0.0000 20191225
   0.0000 20191226
   0.0000 20191227
   0.0000 20191228
   0.0000 20191229
   0.0000 20191230
   0.0000 20191231
   0.0000 20200101
   0.0000 20200102
   0.0000 20200103
   0.0000 20200104
   0.0000 20200105
   0.0000 20200106
   0.0000 20200107
   0.0000 20200108
   0.0000 20200109
   0.0000 20200110
   0.0000 20200111
   0.0000 20200112
   0.0000 20200113
   0.0000 20200114
   0.0000 20200115
   0.0000 20200116
   0.0000 20200117
   0.0000 20200118
   0.0000 20200119
   0.0000 20200120
   0.0000 20200121
   0.0000 20200122
   0.0000 20200123
   0.0000 20200124
   0.0000 20200125
   0.0000 20200126
   0.0000 20200127
   0.0000 20200128
   0.0000 20200129
   0.0000 20200130
   0.0000 20200131
   0.0000 20200201
   0.0000 20200202
   0.0000 20200203
   0.0000 20200204
   0.0000 20200205
   0.0000 20200206
   0.0000 20200207
   0.0000 20200208
   0.0000 20200209
   0.0000 20200210
   0.0000 20200211
   0.0000 20200212
   0.0000 20200213
   0.0000 20200214
   0.0000 20200215
   0.0000 20200216
   0.0000 20200217
   0.0000 20200218
   0.0000 20200219
   0.0000 20200220
   0.0000 20200221
   0.0000 20200222
   0.0000 20200223
   0.0000 20200224
   0.0000 20200225
   0.0000 20200226
   0.0000 20200227
   0.0000 20200228
   0.0000 20200229
   0.0000 20200301
   0.0000 20200302
   0.0000 20200303
   0.0000 20200304
   0.0000 20200305
   0.0000 20200306
   0.0000 20200307
   0.0000 20200308
   0.0000 20200309
   0.0000 20200310
   0.0000 20200311
   0.0000 20200312
   0.0000 20200313
   0.0000 20200314
   0.0000 20200315
   0.0000 20200316
   0.0000 20200317
   0.0000 20200318
   0.0000 20200319
   0.0000 20200320
   0.0000 20200321
   0.0000 20200322
   0.0000 20200323
   0.0000 20200324
   0.0000 20200325
   0.0000 20200326
   0.0000 20200327
   0.0000 20200328
   0.0000 20200329
   0.0000 20200330
   0.0000 20200331
   0.0000 20200401
   0.0000 20200402
   0.0000 20200403
   0.0000 20200404
   0.0000 20200405
   0.0000 20200406
   0.0000 20200407
   0.0000 20200408
   0.0000 20200409
   0.0000 20200410
   0.0000 20200411
   0.0000 20200412
   0.0000 20200413
   0.0000 20200414
   0.0000 20200415
   0.0000 20200416
   0.0000 20200417
   0.0000 20200418
   0.0000 20200419
   0.0000 20200420
   0.0000 20200421
   0.0000 20200422
   0.0000 20200423
   0.0000 20200424
   0.0000 20200425
   0.0000 20200426
   0.0000 20200427
   0.0000 20200428
   0.0000 20200429
   0.0000 20200430
   0.0000 20200501
   0.0000 20200502
   0.0000 20200503
   0.0000 20200504
   0.0000 20200505
   0.0000 20200506
   0.0000 20200507
   0.0000 20200508
   0.0000 20200509
   0.0000 20200510
   0.0000 20200511
   0.0000 20200512
   0.0000 20200513
   0.0000 20200514
   0.0000 20200515
   0.0000 20200516
   0.0000 20200517
   0.0000 20200518
   0.0000 20200519
   0.0000 20200520
   0.0000 20200521
   0.0000 20200522
   0.0000 20200523
   0.0000 20200524
   0.0000 20200525
   0.0000 20200526
   0.0000 20200527
   0.0000 20200528
   0.0000 20200529
   0.0000 20200530
   0.0000 20200531
   0.0000 20200601
   0.0000 20200602
   0.0000 20200603
   0.0000 20200604
   0.0000 20200605
   0.0000 20200606
   0.0000 20200607
   0.0000 20200608
   0.0000 20200609
   0.0000 20200610
   0.0000 20200611
   0.0000 20200612
   0.0000 20200613
   0.0000 20200614
   0.0000 20200615
   0.0000 20200616
   0.0000 20200617
   0.0000 20200618
   0.0000 20200619
   0.0000 20200620
   0.0000 20200621
   0.0000 20200622
   0.0000 20200623
   0.0000 20200624
   0.0000 20200625
   0.0000 20200626
   0.0000 20200627
   0.0000 20200628
   0.0000 20200629
   0.0000 20200630
   0.0000 20200701
   0.0000 20200702
   0.0000 20200703
   0.0000 20200704
   0.0000 20200705
   0.0000 20200706
   0.0000 20200707
   0.0000 20200708
   0.0000 20200709
   0.0000 20200710
   0.0000 20200711
   0.0000 20200712
   0.0000 20200713
   0.0000 20200714
   0.0000 20200715
   0.0000 20200716
   0.0000 20200717
   0.0000 20200718
   0.0000 20200719
   0.0000 20200720
   0.0000 20200721
   0.0000 20200722
   0.0000 20200723
   0.0000 20200724
   0.0000 20200725
   0.0000 20200726
   0.0000 20200727
   0.0000 20200728
   0.0000 20200729
   0.0000 20200730
   0.0000 20200731
   0.0000 20200801
   0.0000 20200802
   0.0000 20200803
   0.0000 20200804
   0.0000 20200805
   0.0000 20200806
   0.0000 20200807
   0.0000 20200808
   0.0000 20200809
   0.0000 20200810
   0.0000 20200811
   0.0000 20200812
   0.0000 20200813
   0.0000 20200814
   0.0000 20200815
   0.0000 20200816
   0.0000 20200817
   0.0000 20200818
   0.0000 20200819
   0.0000 20200820
   0.0000 20200821
   0.0000 20200822
   0.0000 20200823
   0.0000 20200824
   0.0000 20200825
   0.0000 20200826
   0.0000 20200827
   0.0000 20200828
   0.0000 20200829
   0.0000 20200830
   0.0000 20200831
   0.0000 20200901
   0.0000 20200902
   0.0000 20200903
   0.0000 20200904
   0.0000 20200905
   0.0000 20200906
   0.0000 20200907
   0.0000 20200908
   0.0000 20200909
   0.0000 20200910
   0.0000 20200911
   0.0000 20200912
   0.0000 20200913
   0.0000 20200914
   0.0000 20200915
   0.0000 20200916
   0.0000 20200917
   0.0000 20200918
   0.0000 20200919
   0.0000 20200920
   0.0000 20200921
   0.0000 20200922
   0.0000 20200923
   0.0000 20200924
   0.0000 20200925
   0.0000 20200926
   0.0000 20200927
   0.0000 20200928
   0.0000 20200929
   0.0000 20200930
   0.0000 20201001
   0.0000 20201002
   0.0000 20201003
   0.0000 20201004
   0.0000 20201005
   0.0000 20201006
   0.0000 20201007
   0.0000 20201008
   0.0000 20201009
   0.0000 20201010
   0.0000 20201011
   0.0000 20201012
   0.0000 20201013
   0.0000 20201014
   0.0000 20201015
   0.0000 20201016
   0.0000 20201017
   0.0000 20201018
   0.0000 20201019
   0.0000 20201020
   0.0000 20201021
   0.0000 20201022
   0.0000 20201023
   0.0000 20201024
   0.0000 20201025
   0.0000 20201026
   0.0000 20201027
   0.0000 20201028
   0.0000 20201029
   0.0000 20201030
   0.0000 20201031
   0.0000 20201101
   0.0000 20201102
   0.0000 20201103
   0.0000 20201104
   0.0000 20201105
   0.0000 20201106
   0.0000 20201107
   0.0000 20201108
   0.0000 20201109
   0.0000 20201110
   0.0000 20201111
   0.0000 20201112
   0.0000 20201113
   0.0000 20201114
   0.0000 20201115
   0.0000 20201116
   0.0000 20201117
   0.0000 20201118
   0.0000 20201119
   0.0000 20201120
   0.0000 20201121
   0.0000 20201122
   0.0000 20201123
   0.0000 20201124
   0.0000 20201125
   0.0000 20201126
   0.0000 20201127
   0.0000 20201128
   0.0000 20201129
   0.0000 20201130
   0.0000 20201201
   0.0000 20201202
   0.0000 20201203
   0.0000 20201204
   0.0000 20201205
   0.0000 20201206
   0.0000 20201207
   0.0000 20201208
   0.0000 20201209
   0.0000 20201210
   0.0000 20201211
   0.0000 20201212
   0.0000 20201213
   0.0000 20201214
   0.0000 20201215
   0.0000 20201216
   0.0000 20201217
   0.0000 20201218
   0.0000 20201219
   0.0000 20201220
   0.0000 20201221
   0.0000 20201222
   0.0000 20201223
   0.0000 20201224
   0.0000 20201225
   0.0000 20201226
   0.0000 20201227
   0.0000 20201228
   0.0000 20201229
   0.0000 20201230
   0.0000 20201231
   0.0000 20210101
   0.0000 20210102
   0.0000 20210103
   0.0000 20210104
   0.0000 20210105
   0.0000 20210106
   0.0000 20210107
   0.0000 20210108
   0.0000 20210109
   0.0001 20210110
   0.0001 20210111
   0.0001 20210112
   0.0000 20210113
   0.0000 20210114
   0.0000 20210115
   0.0000 20210116
   0.0000 20210117
   0.0000 20210118
   0.0000 20210119
   0.0000 20210120
   0.0000 20210121
   0.0000 20210122
   0.0000 20210123
   0.0000 20210124
   0.0000 20210125
   0.0000 20210126
   0.0000 20210127
   0.0000 20210128
   0.0000 20210129
   0.0000 20210130
   0.0000 20210131
   0.0000 20210201
   0.0000 20210202
   0.0000 20210203
   0.0000 20210204
   0.0000 20210205
   0.0000 20210206
   0.0000 20210207
   0.0000 20210208
   0.0000 20210209
   0.0000 20210210
   0.0000 20210211
   0.0000 20210212
   0.0000 20210213
   0.0000 20210214
   0.0000 20210215
   0.0000 20210216
   0.0000 20210217
   0.0000 20210218
   0.0000 20210219
   0.0000 20210220
   0.0000 20210221
   0.0000 20210222
   0.0000 20210223
   0.0000 20210224
   0.0000 20210225
   0.0000 20210226
   0.0000 20210227
   0.0000 20210228
   0.0000 20210301
   0.0000 20210302
   0.0000 20210303
   0.0000 20210304
   0.0000 20210305
   0.0000 20210306
   0.0000 20210307
   0.0000 20210308
   0.0000 20210309
   0.0000 20210310
   0.0000 20210311
   0.0000 20210312
   0.0000 20210313
   0.0000 20210314
   0.0000 20210315
   0.0000 20210316
   0.0000 20210317
   0.0000 20210318
   0.0000 20210319
   0.0000 20210320
   0.0000 20210321
   0.0000 20210322
   0.0000 20210323
   0.0000 20210324
   0.0000 20210325
   0.0000 20210326
   0.0000 20210327
   0.0000 20210328
   0.0000 20210329
   0.0000 20210330
   0.0000 20210331
   0.0000 20210401
   0.0000 20210402
   0.0000 20210403
   0.0000 20210404
   0.0000 20210405
   0.0000 20210406
   0.0000 20210407
   0.0000 20210408
   0.0000 20210409
   0.0000 20210410
   0.0000 20210411
   0.0000 20210412
   0.0000 20210413
   0.0000 20210414
   0.0000 20210415
   0.0000 20210416
   0.0000 20210417
   0.0000 20210418
   0.0000 20210419
   0.0000 20210420
   0.0000 20210421
   0.0000 20210422
   0.0000 20210423
   0.0000 20210424
   0.0000 20210425
   0.0000 20210426
   0.0000 20210427
   0.0000 20210428
   0.0000 20210429
   0.0000 20210430
   0.0000 20210501
   0.0000 20210502
   0.0000 20210503
   0.0000 20210504
   0.0000 20210505
   0.0000 20210506
   0.0000 20210507
   0.0000 20210508
   0.0000 20210509
   0.0000 20210510
   0.0000 20210511
   0.0000 20210512
   0.0000 20210513
   0.0000 20210514
   0.0000 20210515
   0.0000 20210516
   0.0000 20210517
   0.0000 20210518
   0.0000 20210519
   0.0000 20210520
   0.0000 20210521
   0.0000 20210522
   0.0000 20210523
   0.0000 20210524
   0.0000 20210525
   0.0000 20210526
   0.0000 20210527
   0.0000 20210528
   0.0000 20210529
   0.0000 20210530
   0.0000 20210531
   0.0000 20210601
   0.0000 20210602
   0.0000 20210603
   0.0000 20210604
   0.0000 20210605
   0.0000 20210606
   0.0000 20210607
   0.0000 20210608
   0.0000 20210609
   0.0000 20210610
   0.0000 20210611
   0.0000 20210612
   0.0000 20210613
   0.0000 20210614
   0.0000 20210615
   0.0000 20210616
   0.0000 20210617
   0.0000 20210618
   0.0000 20210619
   0.0000 20210620
   0.0000 20210621
   0.0000 20210622
   0.0000 20210623
   0.0000 20210624
   0.0000 20210625
   0.0000 20210626
   0.0000 20210627
   0.0000 20210628
   0.0000 20210629
   0.0000 20210630
   0.0000 20210701
   0.0000 20210702
   0.0000 20210703
   0.0000 20210704
   0.0000 20210705
   0.0000 20210706
   0.0000 20210707
   0.0000 20210708
   0.0000 20210709
   0.0000 20210710
   0.0000 20210711
   0.0000 20210712
   0.0000 20210713
   0.0000 20210714
   0.0000 20210715
   0.0000 20210716
   0.0000 20210717
   0.0000 20210718
   0.0000 20210719
   0.0000 20210720
   0.0000 20210721
   0.0000 20210722
   0.0000 20210723
   0.0000 20210724
   0.0000 20210725
   0.0000 20210726
   0.0000 20210727
   0.0000 20210728
   0.0000 20210729
   0.0000 20210730
   0.0000 20210731
   0.0000 20210801
   0.0000 20210802
   0.0000 20210803
   0.0000 20210804
   0.0000 20210805
   0.0000 20210806
   0.0000 20210807
   0.0000 20210808
   0.0000 20210809
   0.0000 20210810
   0.0000 20210811
   0.0000 20210812
   0.0000 20210813
   0.0000 20210814
   0.0000 20210815
   0.0000 20210816
   0.0000 20210817
   0.0000 20210818
   0.0000 20210819
   0.0000 20210820
   0.0000 20210821
   0.0000 20210822
   0.0000 20210823
   0.0000 20210824
   0.0000 20210825
   0.0000 20210826
   0.0000 20210827
   0.0000 20210828
   0.0000 20210829
   0.0000 20210830
   0.0000 20210831
   0.0000 20210901
   0.0000 20210902
   0.0000 20210903
   0.0000 20210904
   0.0000 20210905
   0.0000 20210906
   0.0000 20210907
   0.0000 20210908
   0.0000 20210909
   0.0000 20210910
   0.0000 20210911
   0.0000 20210912
   0.0000 20210913
   0.0000 20210914
   0.0000 20210915
   0.0000 20210916
   0.0000 20210917
   0.0000 20210918
   0.0000 20210919
   0.0000 20210920
   0.0000 20210921
   0.0000 20210922
   0.0000 20210923
   0.0000 20210924
   0.0000 20210925
   0.0000 20210926
   0.0000 20210927
   0.0000 20210928
   0.0000 20210929
   0.0000 20210930
   0.0000 20211001
   0.0000 20211002
   0.0000 20211003
   0.0000 20211004
   0.0000 20211005
   0.0000 20211006
   0.0000 20211007
   0.0000 20211008
   0.0000 20211009
   0.0000 20211010
   0.0000 20211011
   0.0000 20211012
   0.0000 20211013
   0.0000 20211014
   0.0000 20211015
   0.0000 20211016
   0.0000 20211017
   0.0000 20211018
   0.0000 20211019
   0.0000 20211020
   0.0000 20211021
   0.0000 20211022
   0.0000 20211023
   0.0000 20211024
   0.0000 20211025
   0.0000 20211026
   0.0000 20211027
   0.0000 20211028
   0.0000 20211029
   0.0000 20211030
   0.0000 20211031
   0.0000 20211101
   0.0000 20211102
   0.0000 20211103
   0.0000 20211104
   0.0000 20211105
   0.0000 20211106
   0.0000 20211107
   0.0000 20211108
   0.0000 20211109
   0.0000 20211110
   0.0000 20211111
   0.0000 20211112
   0.0000 20211113
   0.0000 20211114
   0.0000 20211115
   0.0000 20211116
   0.0000 20211117
   0.0000 20211118
   0.0000 20211119
   0.0001 20211120
   0.0001 20211121
   0.0001 20211122
   0.0001 20211123
   0.0001 20211124
   0.0001 20211125
   0.0001 20211126
   0.0000 20211127
   0.0000 20211128
   0.0000 20211129
   0.0000 20211130
   0.0000 20211201
   0.0000 20211202
   0.0000 20211203
   0.0000 20211204
   0.0000 20211205
   0.0000 20211206
   0.0000 20211207
   0.0000 20211208
   0.0000 20211209
   0.0000 20211210
   0.0000 20211211
   0.0000 20211212
   0.0000 20211213
   0.0000 20211214
   0.0000 20211215
   0.0000 20211216
   0.0000 20211217
   0.0000 20211218
   0.0000 20211219
   0.0000 20211220
   0.0000 20211221
   0.0000 20211222
   0.0000 20211223
   0.0000 20211224
   0.0000 20211225
   0.0000 20211226
   0.0000 20211227
   0.0000 20211228
   0.0000 20211229
   0.0000 20211230
   0.0000 20211231
   0.0000 20220101
   0.0000 20220102
   0.0000 20220103
   0.0000 20220104
   0.0000 20220105
   0.0000 20220106
   0.0000 20220107
   0.0000 20220108
   0.0000 20220109
   0.0000 20220110
   0.0000 20220111
   0.0000 20220112
   0.0000 20220113
   0.0000 20220114
   0.0000 20220115
   0.0000 20220116
   0.0000 20220117
   0.0000 20220118
   0.0000 20220119
   0.0000 20220120
   0.0000 20220121
   0.0000 20220122
   0.0000 20220123
   0.0000 20220124
   0.0000 20220125
   0.0000 20220126
   0.0000 20220127
   0.0000 20220128
   0.0000 20220129
   0.0000 20220130
   0.0000 20220131
   0.0000 20220201
   0.0000 20220202
   0.0000 20220203
   0.0000 20220204
   0.0000 20220205
   0.0000 20220206
   0.0000 20220207
   0.0000 20220208
   0.0000 20220209
   0.0000 20220210
   0.0000 20220211
   0.0000 20220212
   0.0000 20220213
   0.0000 20220214
   0.0000 20220215
   0.0000 20220216
   0.0000 20220217
   0.0000 20220218
   0.0000 20220219
   0.0000 20220220
   0.0000 20220221
   0.0000 20220222
   0.0000 20220223
   0.0000 20220224
   0.0000 20220225
   0.0000 20220226
   0.0000 20220227
   0.0000 20220228
   0.0000 20220301
   0.0000 20220302
   0.0000 20220303
   0.0000 20220304
   0.0000 20220305
   0.0000 20220306
   0.0000 20220307
   0.0000 20220308
   0.0000 20220309
   0.0000 20220310
   0.0000 20220311
   0.0000 20220312
   0.0000 20220313
   0.0000 20220314
   0.0000 20220315
   0.0000 20220316
   0.0000 20220317
   0.0000 20220318
   0.0000 20220319
   0.0000 20220320
   0.0000 20220321
   0.0000 20220322
   0.0000 20220323
   0.0000 20220324
   0.0000 20220325
   0.0000 20220326
   0.0000 20220327
   0.0000 20220328
   0.0000 20220329
   0.0000 20220330
   0.0000 20220331
   0.0000 20220401
   0.0000 20220402
   0.0000 20220403
   0.0000 20220404
   0.0000 20220405
   0.0000 20220406
   0.0000 20220407
   0.0000 20220408
   0.0000 20220409
   0.0000 20220410
   0.0000 20220411
   0.0000 20220412
   0.0000 20220413
   0.0000 20220414
   0.0000 20220415
   0.0000 20220416
   0.0000 20220417
   0.0000 20220418
   0.0000 20220419
   0.0000 20220420
   0.0000 20220421
   0.0000 20220422
   0.0000 20220423
   0.0000 20220424
   0.0000 20220425
   0.0000 20220426
   0.0000 20220427
   0.0000 20220428
   0.0000 20220429
   0.0000 20220430
   0.0000 20220501
   0.0000 20220502
   0.0000 20220503
   0.0000 20220504
   0.0000 20220505
   0.0000 20220506
   0.0000 20220507
   0.0000 20220508
   0.0000 20220509
   0.0000 20220510
   0.0000 20220511
   0.0000 20220512
   0.0000 20220513
   0.0000 20220514
   0.0000 20220515
   0.0000 20220516
   0.0000 20220517
   0.0000 20220518
   0.0000 20220519
   0.0000 20220520
   0.0000 20220521
   0.0000 20220522
   0.0000 20220523
   0.0000 20220524
   0.0000 20220525
   0.0000 20220526
   0.0000 20220527
   0.0000 20220528
   0.0000 20220529
   0.0000 20220530
   0.0000 20220531
   0.0000 20220601
   0.0000 20220602
   0.0000 20220603
   0.0000 20220604
   0.0000 20220605
   0.0000 20220606
   0.0000 20220607
   0.0000 20220608
   0.0000 20220609
   0.0000 20220610
   0.0000 20220611
   0.0000 20220612
   0.0000 20220613
   0.0000 20220614
   0.0000 20220615
   0.0000 20220616
   0.0000 20220617
   0.0000 20220618
   0.0000 20220619
   0.0000 20220620
   0.0000 20220621
   0.0000 20220622
   0.0000 20220623
   0.0000 20220624
   0.0000 20220625
   0.0000 20220626
   0.0000 20220627
   0.0000 20220628
   0.0000 20220629
   0.0000 20220630
   0.0000 20220701
   0.0000 20220702
   0.0000 20220703
   0.0000 20220704
   0.0000 20220705
   0.0000 20220706
   0.0000 20220707
   0.0000 20220708
   0.0000 20220709
   0.0000 20220710
   0.0000 20220711
   0.0000 20220712
   0.0000 20220713
   0.0000 20220714
   0.0000 20220715
   0.0000 20220716
   0.0000 20220717
   0.0000 20220718
   0.0000 20220719
   0.0000 20220720
   0.0000 20220721
   0.0000 20220722
   0.0000 20220723
   0.0000 20220724
   0.0000 20220725
   0.0000 20220726
   0.0000 20220727
   0.0000 20220728
   0.0000 20220729
   0.0000 20220730
   0.0000 20220731
   0.0000 20220801
   0.0000 20220802
   0.0000 20220803
   0.0000 20220804
   0.0000 20220805
   0.0000 20220806
   0.0000 20220807
   0.0000 20220808
   0.0000 20220809
   0.0000 20220810
   0.0000 20220811
   0.0000 20220812
   0.0000 20220813
   0.0000 20220814
   0.0000 20220815
   0.0000 20220816
   0.0000 20220817
   0.0000 20220818
   0.0000 20220819
   0.0000 20220820
   0.0000 20220821
   0.0000 20220822
   0.0000 20220823
   0.0000 20220824
   0.0000 20220825
   0.0000 20220826
   0.0000 20220827
   0.0000 20220828
   0.0000 20220829
   0.0000 20220830
   0.0000 20220831
   0.0000 20220901
   0.0000 20220902
   0.0000 20220903
   0.0000 20220904
   0.0000 20220905
   0.0000 20220906
   0.0000 20220907
   0.0000 20220908
   0.0000 20220909
   0.0000 20220910
   0.0000 20220911
   0.0000 20220912
   0.0000 20220913
   0.0000 20220914
   0.0000 20220915
   0.0000 20220916
   0.0000 20220917
   0.0000 20220918
   0.0000 20220919
   0.0000 20220920
   0.0000 20220921
   0.0000 20220922
   0.0000 20220923
   0.0000 20220924
   0.0000 20220925
   0.0000 20220926
   0.0000 20220927
   0.0000 20220928
   0.0000 20220929
   0.0000 20220930
   0.0000 20221001
   0.0000 20221002
   0.0000 20221003
   0.0000 20221004
   0.0000 20221005
   0.0000 20221006
   0.0000 20221007
   0.0000 20221008
   0.0000 20221009
   0.0000 20221010
   0.0000 20221011
   0.0000 20221012
   0.0000 20221013
   0.0000 20221014
   0.0000 20221015
   0.0000 20221016
   0.0000 20221017
   0.0000 20221018
   0.0000 20221019
   0.0000 20221020
   0.0000 20221021
   0.0000 20221022
   0.0000 20221023
   0.0000 20221024
   0.0000 20221025
   0.0000 20221026
   0.0000 20221027
   0.0000 20221028
   0.0000 20221029
   0.0000 20221030
   0.0000 20221031
   0.0000 20221101
   0.0000 20221102
   0.0000 20221103
   0.0000 20221104
   0.0000 20221105
   0.0000 20221106
   0.0000 20221107
   0.0000 20221108
   0.0000 20221109
   0.0000 20221110
   0.0000 20221111
   0.0000 20221112
   0.0000 20221113
   0.0000 20221114
   0.0000 20221115
   0.0000 20221116
   0.0000 20221117
   0.0000 20221118
   0.0000 20221119
   0.0001 20221120
   0.0001 20221121
   0.0002 20221122
   0.0002 20221123
   0.0003 20221124
   0.0004 20221125
   0.0005 20221126
   0.0005 20221127
   0.0006 20221128
   0.0006 20221129
   0.0007 20221130
   0.0007 20221201
   0.0007 20221202
   0.0006 20221203
   0.0005 20221204
   0.0004 20221205
   0.0003 20221206
   0.0003 20221207
   0.0002 20221208
   0.0002 20221209
   0.0002 20221210
   0.0001 20221211
   0.0001 20221212
   0.0001 20221213
   0.0001 20221214
   0.0001 20221215
   0.0001 20221216
   0.0001 20221217
   0.0001 20221218
   0.0000 20221219
   0.0000 20221220
   0.0000 20221221
   0.0001 20221222
   0.0000 20221223
   0.0000 20221224
   0.0000 20221225
   0.0000 20221226
   0.0000 20221227
   0.0000 20221228
   0.0000 20221229
   0.0000 20221230
   0.0000 20221231
   0.0000 20230101
   0.0000 20230102
   0.0000 20230103
   0.0000 20230104
   0.0000 20230105
   0.0000 20230106
   0.0000 20230107
   0.0000 20230108
   0.0000 20230109
   0.0000 20230110
   0.0000 20230111
   0.0000 20230112
   0.0000 20230113
   0.0000 20230114
   0.0000 20230115
   0.0000 20230116
   0.0000 20230117
   0.0000 20230118
   0.0000 20230119
   0.0000 20230120
   0.0000 20230121
   0.0000 20230122
   0.0000 20230123
   0.0000 20230124
   0.0000 20230125
   0.0000 20230126
   0.0000 20230127
   0.0000 20230128
   0.0000 20230129
   0.0000 20230130
   0.0000 20230131
   0.0000 20230201
   0.0000 20230202
   0.0000 20230203
   0.0000 20230204
   0.0000 20230205
   0.0000 20230206
   0.0000 20230207
   0.0000 20230208
   0.0000 20230209
   0.0000 20230210
   0.0000 20230211
   0.0000 20230212
   0.0000 20230213
   0.0000 20230214
   0.0000 20230215
   0.0000 20230216
   0.0000 20230217
   0.0000 20230218
   0.0000 20230219
   0.0000 20230220
   0.0000 20230221
   0.0000 20230222
   0.0000 20230223
   0.0000 20230224
   0.0000 20230225
   0.0000 20230226
   0.0000 20230227
   0.0000 20230228
   0.0000 20230301
   0.0000 20230302
   0.0000 20230303
   0.0000 20230304
   0.0000 20230305
   0.0000 20230306
   0.0000 20230307
   0.0000 20230308
   0.0000 20230309
   0.0000 20230310
   0.0000 20230311
   0.0000 20230312
   0.0000 20230313
   0.0000 20230314
   0.0000 20230315
   0.0000 20230316
   0.0000 20230317
   0.0000 20230318
   0.0000 20230319
   0.0000 20230320
   0.0000 20230321
   0.0000 20230322
   0.0000 20230323
   0.0000 20230324
   0.0000 20230325
   0.0000 20230326
   0.0000 20230327
   0.0000 20230328
   0.0000 20230329
   0.0000 20230330
   0.0000 20230331
   0.0000 20230401
   0.0000 20230402
   0.0000 20230403
   0.0000 20230404
   0.0000 20230405
   0.0000 20230406
   0.0000 20230407
   0.0000 20230408
   0.0000 20230409
   0.0000 20230410
   0.0000 20230411
   0.0000 20230412
   0.0000 20230413
   0.0000 20230414
   0.0000 20230415
   0.0000 20230416
   0.0000 20230417
   0.0000 20230418
   0.0000 20230419
   0.0000 20230420
   0.0000 20230421
   0.0000 20230422
   0.0000 20230423
   0.0000 20230424
   0.0000 20230425
   0.0000 20230426
   0.0000 20230427
   0.0000 20230428
   0.0000 20230429
   0.0000 20230430
   0.0000 20230501
   0.0000 20230502
   0.0000 20230503
   0.0000 20230504
   0.0000 20230505
   0.0000 20230506
   0.0000 20230507
   0.0000 20230508
   0.0342 20230509
   0.0750 20230510
   0.0139 20230511
   0.0038 20230512
   0.0013 20230513
   0.0007 20230514
   0.0004 20230515
   0.0007 20230516
   0.0003 20230517
   0.0002 20230518
   0.0001 20230519
   0.0005 20230520
   0.0003 20230521
   0.0002 20230522
   0.0001 20230523
   0.0001 20230524
   0.0001 20230525
   0.0001 20230526
   0.0000 20230527
   0.0000 20230528
   0.0001 20230529
   0.0000 20230530
   0.0000 20230531
   0.0000 20230601
   0.0000 20230602
   0.0000 20230603
   0.0000 20230604
   0.0000 20230605
   0.0000 20230606
   0.0000 20230607
   0.0000 20230608
   0.0000 20230609
   0.0000 20230610
   0.0000 20230611
   0.0000 20230612
   0.0000 20230613
   0.0000 20230614
   0.0000 20230615
   0.0000 20230616
   0.0000 20230617
   0.0000 20230618
   0.0000 20230619
   0.0000 20230620
   0.0000 20230621
   0.0000 20230622
   0.0000 20230623
   0.0000 20230624
   0.0000 20230625
   0.0000 20230626
   0.0000 20230627
   0.0000 20230628
   0.0000 20230629
   0.0000 20230630
   0.0000 20230701
   0.0000 20230702
   0.0000 20230703
   0.0000 20230704
   0.0000 20230705
   0.0000 20230706
   0.0000 20230707
   0.0000 20230708
   0.0000 20230709
   0.0000 20230710
   0.0000 20230711
   0.0000 20230712
   0.0000 20230713
   0.0000 20230714
   0.0000 20230715
   0.0000 20230716
   0.0000 20230717
   0.0000 20230718
   0.0000 20230719
   0.0000 20230720
   0.0000 20230721
   0.0000 20230722
   0.0000 20230723
   0.0000 20230724
   0.0000 20230725
   0.0000 20230726
   0.0000 20230727
   0.0000 20230728
   0.0000 20230729
   0.0000 20230730
   0.0000 20230731
   0.0000 20230801
   0.0000 20230802
   0.0000 20230803
   0.0000 20230804
   0.0000 20230805
   0.0000 20230806
   0.0000 20230807
   0.0000 20230808
   0.0000 20230809
   0.0000 20230810
   0.0000 20230811
   0.0000 20230812
   0.0000 20230813
   0.0000 20230814
   0.0000 20230815
   0.0000 20230816
   0.0138 20230817
   0.0033 20230818
   0.0011 20230819
   0.0005 20230820
   0.0002 20230821
   0.0002 20230822
   0.0001 20230823
   0.0001 20230824
   0.0001 20230825
   0.0000 20230826
   0.0000 20230827
   0.0000 20230828
   0.0000 20230829
   0.0000 20230830
   0.0000 20230831
   0.0000 20230901
   0.0000 20230902
   0.0000 20230903
   0.0000 20230904
   0.0000 20230905
   0.0000 20230906
   0.0000 20230907
   0.0000 20230908
   0.0000 20230909
   0.0000 20230910
   0.0000 20230911
   0.0000 20230912
   0.0000 20230913
   0.0000 20230914
   0.0000 20230915
   0.0000 20230916
   0.0000 20230917
   0.0000 20230918
   0.0000 20230919
   0.0000 20230920
   0.0000 20230921
   0.0000 20230922
   0.0000 20230923
   0.0000 20230924
   0.0000 20230925
   0.0000 20230926
   0.0000 20230927
   0.0000 20230928
   0.0000 20230929
   0.0000 20230930
   0.0000 20231001
   0.0000 20231002
   0.0000 20231003
   0.0000 20231004
   0.0000 20231005
   0.0000 20231006
   0.0000 20231007
   0.0000 20231008
   0.0000 20231009
   0.0000 20231010
   0.0000 20231011
   0.0000 20231012
   0.0000 20231013
   0.0000 20231014
   0.0000 20231015
   0.0000 20231016
   0.0000 20231017
   0.0000 20231018
   0.0000 20231019
   0.0000 20231020
   0.0000 20231021
   0.0000 20231022
   0.0000 20231023
   0.0000 20231024
   0.0000 20231025
   0.0000 20231026
   0.0000 20231027
   0.0000 20231028
   0.0000 20231029
   0.0000 20231030
   0.0000 20231031
   0.0000 20231101
   0.0000 20231102
   0.0000 20231103
   0.0000 20231104
   0.0000 20231105
   0.0000 20231106
   0.0000 20231107
   0.0000 20231108
   0.0000 20231109
   0.0000 20231110
   0.0000 20231111
   0.0000 20231112
   0.0000 20231113
   0.0000 20231114
   0.0000 20231115
   0.0000 20231116
   0.0000 20231117
   0.0000 20231118
   0.0000 20231119
   0.0000 20231120
   0.0000 20231121
   0.0000 20231122
   0.0000 20231123
   0.0000 20231124
   0.0000 20231125
   0.0000 20231126
   0.0000 20231127
   0.0000 20231128
   0.0000 20231129
   0.0000 20231130
   0.0000 20231201
   0.0000 20231202
   0.0000 20231203
   0.0000 20231204
   0.0000 20231205
   0.0000 20231206
   0.0000 20231207
   0.0000 20231208
   0.0000 20231209
   0.0000 20231210
   0.0000 20231211
   0.0000 20231212
   0.0000 20231213
   0.0000 20231214
   0.0000 20231215
   0.0000 20231216
   0.0000 20231217
   0.0000 20231218
   0.0000 20231219
   0.0000 20231220
   0.0000 20231221
   0.0000 20231222
   0.0000 20231223
   0.0000 20231224
   0.0000 20231225
   0.0000 20231226
   0.0000 20231227
   0.0000 20231228
   0.0000 20231229
   0.0000 20231230
   0.0000 20231231
