     0.0404 20030101
     0.0408 20030102
     0.0415 20030103
     0.0439 20030104
     0.0456 20030105
     0.0478 20030106
     0.0469 20030107
     0.0491 20030108
     0.0487 20030109
     4.3250 20030110
     4.0310 20030111
     4.1260 20030112
     3.2130 20030113
     2.6670 20030114
     2.3060 20030115
     2.0070 20030116
     1.7450 20030117
     1.5180 20030118
     1.3270 20030119
     1.1630 20030120
     1.0260 20030121
     0.9035 20030122
     0.8074 20030123
     0.7303 20030124
     0.6544 20030125
     0.5888 20030126
     0.5352 20030127
     0.4850 20030128
     0.4375 20030129
     0.4020 20030130
     0.3737 20030131
     0.3425 20030201
     0.3162 20030202
     0.2910 20030203
     0.2749 20030204
     0.2576 20030205
     0.2366 20030206
     0.2223 20030207
     0.2091 20030208
     0.1933 20030209
     0.1818 20030210
     0.1737 20030211
     0.1613 20030212
     0.1632 20030213
     0.1572 20030214
     0.1464 20030215
     0.1468 20030216
     0.1331 20030217
     0.1299 20030218
     0.1267 20030219
     0.1197 20030220
     0.1138 20030221
     0.1076 20030222
     0.1037 20030223
     0.0998 20030224
     0.1138 20030225
     0.1196 20030226
     0.1288 20030227
     0.1405 20030228
     0.1452 20030301
     0.1516 20030302
     0.1570 20030303
     0.1603 20030304
     0.1589 20030305
     0.1599 20030306
     0.1572 20030307
     0.1543 20030308
     0.1519 20030309
     0.1487 20030310
     0.1456 20030311
     0.1392 20030312
     0.1356 20030313
     0.1312 20030314
     0.1227 20030315
     0.1189 20030316
     0.1174 20030317
     0.1137 20030318
     0.1086 20030319
     0.1047 20030320
     0.0991 20030321
     0.0997 20030322
     0.0916 20030323
     0.0888 20030324
     0.0844 20030325
     0.0810 20030326
     0.0804 20030327
     0.0797 20030328
     0.0761 20030329
     0.0708 20030330
     0.0674 20030331
     0.0688 20030401
     0.0631 20030402
     0.0593 20030403
     0.0573 20030404
     0.0559 20030405
     0.0557 20030406
     0.0526 20030407
     0.0496 20030408
     0.0507 20030409
     0.0483 20030410
     0.0452 20030411
     0.0408 20030412
     0.0402 20030413
     0.0411 20030414
     0.0431 20030415
     0.0474 20030416
     0.0434 20030417
     0.0452 20030418
     0.0499 20030419
     0.0444 20030420
     0.0458 20030421
     0.0445 20030422
     0.0450 20030423
     0.0444 20030424
     0.0453 20030425
     0.0443 20030426
     0.0413 20030427
     0.0407 20030428
     0.0402 20030429
     0.0395 20030430
     0.0393 20030501
     0.0395 20030502
     0.0414 20030503
     0.0393 20030504
     0.0418 20030505
     0.0503 20030506
     0.0601 20030507
     0.0764 20030508
     0.0877 20030509
     0.1033 20030510
     0.1200 20030511
     0.1373 20030512
     0.1559 20030513
     0.1729 20030514
     0.1941 20030515
     0.2111 20030516
     0.2266 20030517
     0.2375 20030518
     0.2452 20030519
     0.2425 20030520
     0.2466 20030521
     0.2402 20030522
     0.2405 20030523
     0.2301 20030524
     0.2287 20030525
     0.2184 20030526
     0.2061 20030527
     0.1935 20030528
     0.1918 20030529
     0.1775 20030530
     0.1699 20030531
     0.1640 20030601
     0.1568 20030602
     0.1420 20030603
     0.1384 20030604
     0.1327 20030605
     0.1286 20030606
     0.1210 20030607
     0.1126 20030608
     0.1062 20030609
     0.1042 20030610
     0.0950 20030611
     0.0936 20030612
     0.0894 20030613
     0.0813 20030614
     0.0786 20030615
     0.0777 20030616
     0.0729 20030617
     0.0695 20030618
     0.0692 20030619
     0.0611 20030620
     0.0606 20030621
     0.0592 20030622
     0.0535 20030623
     0.0543 20030624
     0.0497 20030625
     0.0496 20030626
     0.0479 20030627
     0.0438 20030628
     0.0421 20030629
     0.0428 20030630
     0.0413 20030701
     0.0378 20030702
     0.0392 20030703
     0.0360 20030704
     0.0346 20030705
     0.0333 20030706
     0.0324 20030707
     0.0315 20030708
     0.0314 20030709
     0.0281 20030710
     0.0270 20030711
     0.0265 20030712
     0.0258 20030713
     0.0249 20030714
     0.0242 20030715
     0.0234 20030716
     0.0233 20030717
     0.0211 20030718
     0.0226 20030719
     0.0199 20030720
     0.0191 20030721
     0.0200 20030722
     0.0184 20030723
     0.0195 20030724
     0.0187 20030725
     0.0181 20030726
     0.0180 20030727
     0.0163 20030728
     0.0157 20030729
     0.0151 20030730
     0.0155 20030731
     0.0162 20030801
     0.0148 20030802
     0.0144 20030803
     0.0143 20030804
     0.0143 20030805
     0.0142 20030806
     0.0147 20030807
     0.0128 20030808
     0.0131 20030809
     0.0118 20030810
     0.0128 20030811
     0.0126 20030812
     0.0111 20030813
     0.0098 20030814
     0.0102 20030815
     0.0106 20030816
     0.0109 20030817
     0.0100 20030818
     0.0108 20030819
     0.0110 20030820
     0.0092 20030821
     0.0097 20030822
     0.0101 20030823
     0.0090 20030824
     0.0096 20030825
     0.0091 20030826
     0.0084 20030827
     0.0076 20030828
     0.0080 20030829
     0.0086 20030830
     0.0077 20030831
     0.0085 20030901
     0.0070 20030902
     0.0065 20030903
     0.0065 20030904
     0.0067 20030905
     0.0070 20030906
     0.0068 20030907
     0.0061 20030908
     0.0064 20030909
     0.0065 20030910
     0.0069 20030911
     0.0062 20030912
     0.0068 20030913
     0.0058 20030914
     0.0071 20030915
     0.0065 20030916
     0.0060 20030917
     0.0061 20030918
     0.0060 20030919
     0.0053 20030920
     0.0050 20030921
     0.0061 20030922
     0.0047 20030923
     0.0054 20030924
     0.0047 20030925
     0.0041 20030926
     0.0041 20030927
     0.0051 20030928
     0.0054 20030929
     0.0047 20030930
     0.0047 20031001
     0.0042 20031002
     0.0037 20031003
     0.0037 20031004
     0.0044 20031005
     0.0261 20031006
     0.0477 20031007
     0.0736 20031008
     0.1054 20031009
     0.1299 20031010
     0.1541 20031011
     0.1708 20031012
     0.1765 20031013
     0.1816 20031014
     0.1831 20031015
     0.2383 20031016
     0.3315 20031017
     0.3949 20031018
     0.4505 20031019
     0.4929 20031020
     0.5221 20031021
     0.5308 20031022
     0.5308 20031023
     0.5141 20031024
     0.4856 20031025
     0.4582 20031026
     0.4325 20031027
     0.4027 20031028
     0.3716 20031029
     0.3460 20031030
     0.3186 20031031
     0.2905 20031101
     0.2688 20031102
     0.2543 20031103
     0.2301 20031104
     0.2097 20031105
     0.1993 20031106
     0.1858 20031107
     0.1741 20031108
     0.1579 20031109
     0.1494 20031110
     0.1424 20031111
     0.1343 20031112
     0.1238 20031113
     0.1199 20031114
     0.1100 20031115
     0.1083 20031116
     0.1146 20031117
    14.1600 20031118
     9.3260 20031119
     7.7370 20031120
     5.3950 20031121
     5.1820 20031122
     4.6070 20031123
     4.0020 20031124
     3.4690 20031125
     2.9560 20031126
     2.5300 20031127
     2.1620 20031128
     1.8760 20031129
     1.6100 20031130
     1.4060 20031201
     1.2260 20031202
     1.0770 20031203
     0.9525 20031204
     0.8489 20031205
     0.7607 20031206
     0.6854 20031207
     0.6033 20031208
     0.6211 20031209
     0.6155 20031210
     0.5671 20031211
     0.5329 20031212
     0.5051 20031213
     0.4706 20031214
     0.4348 20031215
     0.4148 20031216
     0.3836 20031217
     0.3589 20031218
     0.3456 20031219
     0.3207 20031220
     0.3092 20031221
     0.2920 20031222
     0.2778 20031223
     0.2598 20031224
     0.2489 20031225
     0.2336 20031226
     0.2271 20031227
     0.2106 20031228
     0.2063 20031229
     0.1932 20031230
     0.1828 20031231
     0.1789 20040101
     0.1663 20040102
     0.1621 20040103
     0.1561 20040104
     0.1489 20040105
     0.1370 20040106
     0.1370 20040107
     0.1280 20040108
     0.1214 20040109
     0.1181 20040110
     0.1115 20040111
     0.1114 20040112
     0.1040 20040113
     0.0998 20040114
     0.0987 20040115
     0.0949 20040116
     0.0891 20040117
     0.0840 20040118
     0.0799 20040119
     0.0769 20040120
     0.0743 20040121
     0.0694 20040122
     0.0691 20040123
     0.0649 20040124
     0.0610 20040125
     0.0603 20040126
     0.0593 20040127
     0.0571 20040128
     0.0529 20040129
     0.0539 20040130
     0.0476 20040131
     0.0481 20040201
     0.0459 20040202
     0.0444 20040203
     0.0405 20040204
     0.0401 20040205
     0.0382 20040206
     0.0374 20040207
     0.0370 20040208
     0.0394 20040209
     0.0380 20040210
     0.0348 20040211
     0.0318 20040212
     0.0333 20040213
     0.0324 20040214
     0.0307 20040215
     0.0299 20040216
     0.0288 20040217
     0.0284 20040218
     0.0269 20040219
     0.0291 20040220
     0.0271 20040221
     0.0259 20040222
     0.0260 20040223
     0.0235 20040224
     0.0258 20040225
     0.0272 20040226
     0.0260 20040227
     0.0247 20040228
     0.0239 20040229
     0.0256 20040301
     0.0246 20040302
     0.0231 20040303
     0.0254 20040304
     0.0237 20040305
     0.0246 20040306
     0.0224 20040307
     0.0246 20040308
     0.0232 20040309
     0.0227 20040310
     0.0221 20040311
     0.0214 20040312
     0.0256 20040313
     0.0250 20040314
     0.0247 20040315
     0.0252 20040316
     0.0227 20040317
     0.0237 20040318
     0.0248 20040319
     0.0225 20040320
     0.0246 20040321
     0.0231 20040322
     0.0202 20040323
     0.0193 20040324
     0.0191 20040325
     0.3183 20040326
     0.4782 20040327
     0.5345 20040328
     0.5393 20040329
     0.5049 20040330
     0.4683 20040331
     0.4265 20040401
     0.3963 20040402
     0.3792 20040403
     0.3649 20040404
     0.3608 20040405
     0.3551 20040406
     0.3590 20040407
     0.3567 20040408
     0.3682 20040409
     0.3666 20040410
     0.7579 20040411
     0.8686 20040412
     0.8807 20040413
     0.8209 20040414
     2.0770 20040415
     9.0050 20040416
     5.4200 20040417
     4.9380 20040418
     4.3510 20040419
     3.9310 20040420
     3.5130 20040421
     3.1450 20040422
     2.7940 20040423
     2.4780 20040424
     2.2170 20040425
     1.9860 20040426
     1.7970 20040427
     1.6410 20040428
     1.5030 20040429
     1.3800 20040430
     1.2710 20040501
     1.1870 20040502
     1.1360 20040503
     1.0690 20040504
     1.0100 20040505
     0.9613 20040506
     0.9130 20040507
     0.7966 20040508
     0.7389 20040509
     0.6993 20040510
     0.6705 20040511
     0.6127 20040512
     0.5730 20040513
     0.5140 20040514
     0.4811 20040515
     0.4451 20040516
     0.4132 20040517
     0.3836 20040518
     0.3607 20040519
     0.3323 20040520
     0.3153 20040521
     0.3042 20040522
     0.2907 20040523
     0.2640 20040524
     0.2529 20040525
     0.2262 20040526
     0.2070 20040527
     0.1936 20040528
     0.1805 20040529
     0.1688 20040530
     0.1588 20040531
     0.1487 20040601
     0.1421 20040602
     0.1324 20040603
     0.1265 20040604
     0.1182 20040605
     0.1114 20040606
     0.1039 20040607
     0.1032 20040608
     0.0945 20040609
     0.0887 20040610
     0.0865 20040611
     0.0831 20040612
     0.0795 20040613
     0.1044 20040614
     0.1088 20040615
     0.1126 20040616
     0.1130 20040617
     0.1119 20040618
     0.1062 20040619
     0.1078 20040620
     0.1045 20040621
     0.0996 20040622
     0.0955 20040623
     0.0884 20040624
     0.0871 20040625
     0.0799 20040626
     0.0799 20040627
     0.0729 20040628
     0.0719 20040629
     0.0689 20040630
     0.0621 20040701
     0.0618 20040702
     0.0616 20040703
     0.0581 20040704
     0.0532 20040705
     0.0528 20040706
     0.0512 20040707
     0.0489 20040708
     0.0449 20040709
     0.0445 20040710
     0.0413 20040711
     0.0391 20040712
     0.0384 20040713
     0.0398 20040714
     0.0360 20040715
     0.0345 20040716
     0.0352 20040717
     0.0333 20040718
     0.0314 20040719
     0.0318 20040720
     0.0284 20040721
     0.0258 20040722
     0.0271 20040723
     0.0261 20040724
     0.0265 20040725
     0.0260 20040726
     0.0246 20040727
     0.0258 20040728
     0.0226 20040729
     0.0210 20040730
     0.0204 20040731
     0.0195 20040801
     0.0205 20040802
     0.0206 20040803
     0.0189 20040804
     0.0184 20040805
     0.0186 20040806
     0.0176 20040807
     0.0179 20040808
     0.0173 20040809
     0.0162 20040810
     0.0151 20040811
     0.0154 20040812
     0.0150 20040813
     0.0152 20040814
     0.0147 20040815
     0.0132 20040816
     0.0137 20040817
     0.0138 20040818
     0.0127 20040819
     0.0136 20040820
     0.0124 20040821
     0.0120 20040822
     0.0127 20040823
     0.0113 20040824
     0.0103 20040825
     0.0096 20040826
     0.0111 20040827
     0.0104 20040828
     0.0094 20040829
     0.0103 20040830
     0.0094 20040831
     0.0098 20040901
     0.0106 20040902
     0.0088 20040903
     0.0103 20040904
     0.0091 20040905
     0.0082 20040906
     0.0088 20040907
     0.0090 20040908
     0.0089 20040909
     0.0076 20040910
     0.0081 20040911
     0.0089 20040912
     0.0084 20040913
     0.0067 20040914
     0.0079 20040915
     0.0066 20040916
     0.0079 20040917
     0.0067 20040918
     0.0076 20040919
     0.0075 20040920
     0.0078 20040921
     0.0070 20040922
     0.0079 20040923
     0.0071 20040924
     0.0081 20040925
     0.0087 20040926
     0.0080 20040927
     0.0084 20040928
     0.0086 20040929
     0.0084 20040930
     0.0087 20041001
     0.0098 20041002
     0.0109 20041003
     0.0118 20041004
     0.0115 20041005
     0.0128 20041006
     0.0122 20041007
     0.0136 20041008
     0.0157 20041009
     0.0154 20041010
     0.0164 20041011
     0.0176 20041012
     0.0171 20041013
     0.0190 20041014
     0.0189 20041015
     0.0197 20041016
     0.0201 20041017
     0.0212 20041018
     0.0213 20041019
     0.0222 20041020
     0.0233 20041021
     0.0228 20041022
     0.0234 20041023
     0.0226 20041024
     0.0245 20041025
     0.0223 20041026
     0.0217 20041027
     0.0231 20041028
     0.0228 20041029
     0.0228 20041030
     0.0224 20041031
     0.0213 20041101
     0.0217 20041102
     0.0213 20041103
     0.0220 20041104
     0.0202 20041105
     0.0215 20041106
     0.0223 20041107
     0.0208 20041108
     0.0213 20041109
     0.0206 20041110
     0.0209 20041111
     0.0213 20041112
     0.0199 20041113
     0.0186 20041114
     0.0186 20041115
     0.0180 20041116
     0.0171 20041117
     0.0188 20041118
     0.0163 20041119
     0.0169 20041120
     0.0165 20041121
     0.0166 20041122
     0.0174 20041123
     0.0169 20041124
     0.0171 20041125
     0.0156 20041126
     0.0138 20041127
     0.0158 20041128
     0.0134 20041129
     0.0131 20041130
     0.0145 20041201
     0.0130 20041202
     0.0225 20041203
     0.4914 20041204
     2.7100 20041205
     2.2230 20041206
     1.7700 20041207
     1.4480 20041208
     1.1960 20041209
     0.9952 20041210
     0.8387 20041211
     0.7031 20041212
     0.5933 20041213
     0.5215 20041214
     0.4495 20041215
     0.4025 20041216
     0.3587 20041217
     0.3233 20041218
     0.3003 20041219
     0.2731 20041220
     0.2744 20041221
     0.5128 20041222
     0.5615 20041223
     0.5505 20041224
     0.5041 20041225
     0.4585 20041226
     0.4074 20041227
     0.3607 20041228
     0.3196 20041229
     0.2929 20041230
     0.2636 20041231
     0.2503 20050101
     0.2458 20050102
     0.2354 20050103
     0.2351 20050104
     0.2400 20050105
     0.2464 20050106
     0.2489 20050107
     0.2578 20050108
     0.2673 20050109
     0.2767 20050110
     0.2902 20050111
     0.2940 20050112
     0.3044 20050113
     0.3110 20050114
     0.3135 20050115
     0.3191 20050116
     0.3206 20050117
     0.3207 20050118
     0.3176 20050119
     0.3189 20050120
     0.3132 20050121
     0.3033 20050122
     0.3056 20050123
     0.2800 20050124
     0.2565 20050125
     0.1914 20050126
     0.1630 20050127
     0.1457 20050128
     0.1323 20050129
     0.1222 20050130
     0.1111 20050131
     0.1059 20050201
     0.1019 20050202
     0.1007 20050203
     0.1044 20050204
     0.1089 20050205
     0.1126 20050206
     0.1220 20050207
     0.1225 20050208
     0.1640 20050209
     0.3381 20050210
     0.4250 20050211
     0.4612 20050212
     0.4767 20050213
     0.4806 20050214
     0.4718 20050215
     0.4731 20050216
     0.4670 20050217
     0.4608 20050218
     0.4610 20050219
     0.4569 20050220
     0.4617 20050221
     0.4654 20050222
     0.4691 20050223
     0.4642 20050224
     0.4735 20050225
     0.4789 20050226
     0.4822 20050227
     0.4969 20050228
     0.5291 20050301
     0.5566 20050302
     0.5857 20050303
     0.6361 20050304
     0.6867 20050305
     0.7351 20050306
     0.7755 20050307
     0.8166 20050308
     0.8615 20050309
     0.8864 20050310
     0.9231 20050311
     0.9492 20050312
     0.9734 20050313
     1.0120 20050314
     1.0430 20050315
     0.9889 20050316
     0.8590 20050317
     0.8257 20050318
     0.7970 20050319
     0.7789 20050320
     0.7675 20050321
     0.7599 20050322
     0.7432 20050323
     0.7012 20050324
     0.6746 20050325
     0.6457 20050326
     0.6028 20050327
     0.5732 20050328
     0.5519 20050329
     0.5315 20050330
     0.5190 20050331
     0.4873 20050401
     0.3868 20050402
     0.3637 20050403
     0.3318 20050404
     0.2908 20050405
     0.2623 20050406
     0.2459 20050407
     0.2249 20050408
     0.2094 20050409
     0.1910 20050410
     0.1663 20050411
     0.1534 20050412
     0.1426 20050413
     0.1259 20050414
     0.1205 20050415
     0.1104 20050416
     0.1027 20050417
     0.1001 20050418
     0.0899 20050419
     0.0838 20050420
     0.0802 20050421
     0.0761 20050422
     0.0710 20050423
     0.0701 20050424
     0.0627 20050425
     0.0615 20050426
     0.0557 20050427
     0.0547 20050428
     0.0532 20050429
     0.0496 20050430
     0.0470 20050501
     0.0438 20050502
     0.0433 20050503
     0.0422 20050504
     0.0410 20050505
     0.0396 20050506
     0.0349 20050507
     0.0336 20050508
     0.0329 20050509
     0.0309 20050510
     0.0306 20050511
     0.0288 20050512
     0.0292 20050513
     0.0263 20050514
     0.0272 20050515
     0.0267 20050516
     0.0247 20050517
     0.0253 20050518
     0.0232 20050519
     0.0204 20050520
     0.0216 20050521
     0.0204 20050522
     0.0182 20050523
     0.0198 20050524
     0.0192 20050525
     0.0190 20050526
     0.0176 20050527
     0.0182 20050528
     0.0180 20050529
     0.0166 20050530
     0.0173 20050531
     0.0143 20050601
     0.0155 20050602
     0.0141 20050603
     0.0140 20050604
     0.0155 20050605
     0.0131 20050606
     0.0134 20050607
     0.0134 20050608
     0.0119 20050609
     0.0117 20050610
     0.0110 20050611
     0.0120 20050612
     0.0119 20050613
     0.0111 20050614
     0.0101 20050615
     0.0104 20050616
     0.0111 20050617
     0.0097 20050618
     0.0102 20050619
     0.0107 20050620
     0.0097 20050621
     0.0092 20050622
     0.0085 20050623
     0.0091 20050624
     0.0097 20050625
     0.0079 20050626
     0.0086 20050627
     0.0083 20050628
     0.0079 20050629
     0.0064 20050630
     0.0077 20050701
     0.0070 20050702
     0.0063 20050703
     0.0060 20050704
     0.0060 20050705
     0.0068 20050706
     0.0062 20050707
     0.0073 20050708
     0.0068 20050709
     0.0063 20050710
     0.0056 20050711
     0.0061 20050712
     0.0060 20050713
     0.0056 20050714
     0.0064 20050715
     0.0051 20050716
     0.0061 20050717
     0.0053 20050718
     0.0050 20050719
     0.0062 20050720
     0.0052 20050721
     0.0048 20050722
     0.0053 20050723
     0.0045 20050724
     0.0046 20050725
     0.0054 20050726
     0.0044 20050727
     0.0054 20050728
     0.0046 20050729
     0.0046 20050730
     0.0042 20050731
     0.0038 20050801
     7.3010 20050802
     4.5560 20050803
     3.2560 20050804
     2.2480 20050805
     1.6620 20050806
     1.2610 20050807
     0.9831 20050808
     0.7732 20050809
     0.6056 20050810
     0.4881 20050811
     0.3946 20050812
     0.3212 20050813
     0.2664 20050814
     0.2254 20050815
     0.1866 20050816
     0.1670 20050817
     0.1439 20050818
     0.1280 20050819
     0.1090 20050820
     0.1045 20050821
     0.0934 20050822
     0.0896 20050823
     0.0853 20050824
     0.0803 20050825
     0.0799 20050826
     0.0762 20050827
     0.0692 20050828
     0.0709 20050829
     0.0635 20050830
     0.0615 20050831
     0.0587 20050901
     0.0557 20050902
     0.0533 20050903
     0.0510 20050904
     0.0468 20050905
     0.0459 20050906
     0.0503 20050907
     0.0447 20050908
     0.0436 20050909
     0.0400 20050910
     0.0388 20050911
     0.0373 20050912
     0.8093 20050913
     0.9701 20050914
     0.9219 20050915
     0.8161 20050916
     0.7819 20050917
     0.7451 20050918
     0.6793 20050919
     0.6126 20050920
     0.5572 20050921
     0.4999 20050922
     0.4470 20050923
     0.3935 20050924
     0.3544 20050925
     0.3164 20050926
     0.2846 20050927
     0.2517 20050928
     0.2270 20050929
     0.2117 20050930
     0.1919 20051001
     0.1743 20051002
     0.1620 20051003
     0.1464 20051004
     0.1330 20051005
     0.1228 20051006
     0.1184 20051007
     0.1101 20051008
     0.1033 20051009
     0.0991 20051010
     0.0901 20051011
     0.0858 20051012
     0.0823 20051013
     0.0782 20051014
     0.0772 20051015
     0.0725 20051016
     0.0670 20051017
     0.0621 20051018
     0.0611 20051019
     0.0610 20051020
     0.0592 20051021
     0.0538 20051022
     0.0526 20051023
     0.0529 20051024
     0.0480 20051025
     0.0475 20051026
     0.0453 20051027
     0.0432 20051028
     0.0417 20051029
     0.0423 20051030
     0.0409 20051031
     0.0393 20051101
     0.0380 20051102
     0.0381 20051103
     0.0345 20051104
     0.0344 20051105
     0.0342 20051106
     0.0320 20051107
     0.0321 20051108
     0.0318 20051109
     0.0298 20051110
     0.0314 20051111
     0.0734 20051112
     0.0920 20051113
     0.1085 20051114
     0.1158 20051115
     0.1183 20051116
     0.1153 20051117
     0.1088 20051118
     0.1057 20051119
     0.1027 20051120
     0.0928 20051121
     0.1049 20051122
     0.0967 20051123
     0.0907 20051124
     0.0901 20051125
     0.0854 20051126
     0.0807 20051127
     0.0754 20051128
     0.0735 20051129
     0.0690 20051130
     0.0671 20051201
     0.0624 20051202
     0.0630 20051203
     0.0572 20051204
     0.0542 20051205
     0.0522 20051206
     0.0471 20051207
     0.0456 20051208
     0.0448 20051209
     0.0434 20051210
     0.0390 20051211
     0.0389 20051212
     0.0352 20051213
     0.0342 20051214
     0.0343 20051215
     0.0333 20051216
     0.0323 20051217
     0.0335 20051218
     0.0306 20051219
     0.0323 20051220
     0.0306 20051221
     0.0283 20051222
     0.0271 20051223
     0.0250 20051224
     0.0259 20051225
     0.0263 20051226
     0.0259 20051227
     0.0251 20051228
     0.0246 20051229
     0.0221 20051230
     0.0218 20051231
     0.0199 20060101
     0.0210 20060102
     0.0197 20060103
     0.0186 20060104
     0.0206 20060105
     0.0211 20060106
     0.0204 20060107
     0.0209 20060108
     0.0189 20060109
     0.0258 20060110
     0.0258 20060111
     0.0294 20060112
     0.0309 20060113
     0.0344 20060114
     0.0372 20060115
     0.0401 20060116
     0.0457 20060117
     0.0466 20060118
     0.0512 20060119
     0.0542 20060120
     0.0601 20060121
     0.0621 20060122
     0.0701 20060123
     0.0768 20060124
     0.0805 20060125
     0.0843 20060126
     0.0990 20060127
     0.1596 20060128
     0.1779 20060129
     0.1935 20060130
     0.1956 20060131
     0.1939 20060201
     0.1883 20060202
     0.1896 20060203
     0.2058 20060204
     0.2180 20060205
     0.2307 20060206
     0.2578 20060207
     0.2817 20060208
     0.3088 20060209
     0.3601 20060210
     0.4238 20060211
     0.5117 20060212
     0.5893 20060213
     0.6749 20060214
     0.7560 20060215
     0.8370 20060216
     0.9195 20060217
     0.9836 20060218
     1.0480 20060219
     1.1030 20060220
     1.1520 20060221
     1.1930 20060222
     1.2220 20060223
     1.2380 20060224
     1.2570 20060225
     1.2670 20060226
     1.2140 20060227
     1.1090 20060228
     1.0670 20060301
     1.0400 20060302
     1.0220 20060303
     1.0030 20060304
     0.9885 20060305
     0.9619 20060306
     0.9317 20060307
     0.9022 20060308
     0.7422 20060309
     0.6660 20060310
     0.6148 20060311
     0.5674 20060312
     0.5214 20060313
     0.4953 20060314
     0.4693 20060315
     0.4462 20060316
     0.4311 20060317
     0.4180 20060318
     0.4014 20060319
     0.3864 20060320
     0.3750 20060321
     0.3448 20060322
     0.3137 20060323
     0.2952 20060324
     0.2501 20060325
     0.2211 20060326
     0.2030 20060327
     0.1895 20060328
     0.1782 20060329
     0.1617 20060330
     0.1542 20060331
     0.1453 20060401
     0.1368 20060402
     0.1338 20060403
     0.1209 20060404
     0.1147 20060405
     0.1110 20060406
     0.1066 20060407
     0.0964 20060408
     0.0926 20060409
     0.0889 20060410
     0.0849 20060411
     0.0808 20060412
     0.0755 20060413
     0.0730 20060414
     0.0705 20060415
     0.0647 20060416
     0.1945 20060417
     0.2739 20060418
     0.3278 20060419
     0.3519 20060420
     0.3596 20060421
     0.3617 20060422
     0.3551 20060423
     0.3242 20060424
     0.3076 20060425
     0.2846 20060426
     0.2652 20060427
     0.2513 20060428
     0.2393 20060429
     0.2335 20060430
     0.2466 20060501
     0.2714 20060502
     0.3122 20060503
     0.3584 20060504
     0.3998 20060505
     0.4359 20060506
     0.4645 20060507
     0.4797 20060508
     0.4849 20060509
     0.4782 20060510
     0.4682 20060511
     0.4499 20060512
     0.4222 20060513
     0.4027 20060514
     0.3771 20060515
     0.3499 20060516
     0.3267 20060517
     0.3009 20060518
     0.2865 20060519
     0.2651 20060520
     0.2527 20060521
     0.2368 20060522
     0.2146 20060523
     0.2046 20060524
     0.1876 20060525
     0.1753 20060526
     0.1664 20060527
     0.1550 20060528
     0.1439 20060529
     0.1372 20060530
     0.1357 20060531
     0.1288 20060601
     0.1211 20060602
     0.1114 20060603
     0.1096 20060604
     0.1002 20060605
     0.1001 20060606
     0.0919 20060607
     0.0891 20060608
     0.0874 20060609
     0.0808 20060610
     0.0818 20060611
     0.0766 20060612
     0.0734 20060613
     0.0691 20060614
     0.0668 20060615
     0.0664 20060616
     0.0621 20060617
     0.0574 20060618
     0.0550 20060619
     0.0537 20060620
     0.0515 20060621
     0.0516 20060622
     0.0476 20060623
     0.0457 20060624
     0.0441 20060625
     0.0435 20060626
     0.0429 20060627
     0.0397 20060628
     0.0363 20060629
     0.0374 20060630
     0.0348 20060701
     0.0344 20060702
     0.0336 20060703
     0.0312 20060704
     0.0303 20060705
     0.0299 20060706
     0.0271 20060707
     0.0294 20060708
     0.0269 20060709
     0.0263 20060710
     0.0255 20060711
     0.0259 20060712
     0.0256 20060713
     0.0231 20060714
     0.0232 20060715
     0.0225 20060716
     0.0195 20060717
     0.0199 20060718
     0.0209 20060719
     0.0202 20060720
     0.0186 20060721
     0.0189 20060722
     0.0179 20060723
     0.0180 20060724
     0.0176 20060725
     0.0154 20060726
     0.0144 20060727
     0.0147 20060728
     0.0158 20060729
     0.0147 20060730
     0.0136 20060731
     0.0140 20060801
     0.0141 20060802
     0.0145 20060803
     0.0138 20060804
     0.0145 20060805
     0.0140 20060806
     0.0119 20060807
     0.0117 20060808
     0.0125 20060809
     0.0124 20060810
     0.0108 20060811
     0.0113 20060812
     0.0108 20060813
     0.0102 20060814
     0.0101 20060815
     0.0106 20060816
     0.0108 20060817
     0.0097 20060818
     0.0088 20060819
     0.0102 20060820
     0.0082 20060821
     0.0091 20060822
     0.0093 20060823
     0.0085 20060824
     0.0071 20060825
     0.0089 20060826
     0.0071 20060827
     0.0077 20060828
     0.0066 20060829
     0.0064 20060830
     0.0065 20060831
     0.0076 20060901
     0.0070 20060902
     0.0065 20060903
     0.0069 20060904
     0.0060 20060905
     0.0065 20060906
     0.0056 20060907
     0.0060 20060908
     0.0061 20060909
     0.0052 20060910
     0.0055 20060911
     0.0061 20060912
     0.0066 20060913
     0.0074 20060914
     0.0083 20060915
     0.0094 20060916
     0.0114 20060917
     0.0138 20060918
     0.0169 20060919
     0.0192 20060920
     0.0206 20060921
     0.0235 20060922
     0.0251 20060923
     0.0271 20060924
     0.0279 20060925
     0.0291 20060926
     0.0302 20060927
     0.0303 20060928
     0.0299 20060929
     0.0286 20060930
     0.0280 20061001
     0.0257 20061002
     0.0264 20061003
     0.0249 20061004
     0.0238 20061005
     0.0253 20061006
     0.0229 20061007
     0.0209 20061008
     0.0206 20061009
     0.0200 20061010
     0.0181 20061011
     0.0198 20061012
     0.0168 20061013
     0.0156 20061014
     0.0165 20061015
     0.0160 20061016
     0.0155 20061017
     0.0138 20061018
     0.0149 20061019
     0.0131 20061020
     0.0124 20061021
     0.0123 20061022
     0.0115 20061023
     0.0116 20061024
     0.0109 20061025
     0.0101 20061026
     0.0110 20061027
     0.0088 20061028
     0.0088 20061029
     0.0095 20061030
     0.0080 20061031
     0.0086 20061101
     0.0098 20061102
     0.1269 20061103
     0.2982 20061104
     0.5370 20061105
     0.7976 20061106
     1.1480 20061107
     1.4730 20061108
     1.7380 20061109
     1.8950 20061110
     1.9430 20061111
     1.9040 20061112
     1.8070 20061113
     1.6720 20061114
     1.5340 20061115
     1.3890 20061116
     1.2460 20061117
     1.1190 20061118
     1.0150 20061119
     0.9065 20061120
     0.8145 20061121
     0.7276 20061122
     0.6613 20061123
     0.5994 20061124
     0.5408 20061125
     0.4923 20061126
     0.4483 20061127
     0.4090 20061128
     0.3759 20061129
     0.3933 20061130
     0.7709 20061201
     0.8423 20061202
     0.8079 20061203
     0.7270 20061204
     0.6346 20061205
     0.5469 20061206
     0.4757 20061207
     0.4132 20061208
     0.3600 20061209
     0.3163 20061210
     0.2815 20061211
     0.2503 20061212
     0.2247 20061213
     0.2015 20061214
     0.1868 20061215
     0.1709 20061216
     0.1562 20061217
     0.1437 20061218
     0.1366 20061219
     0.1236 20061220
     0.1191 20061221
     0.1112 20061222
     0.1097 20061223
     0.1026 20061224
     0.0996 20061225
     0.0959 20061226
     0.0908 20061227
     0.0881 20061228
     0.0825 20061229
     0.0798 20061230
     0.0792 20061231
     0.0846 20070101
     0.0841 20070102
     0.0920 20070103
     0.0925 20070104
     0.1016 20070105
     0.1023 20070106
     0.1089 20070107
     0.1134 20070108
     0.1187 20070109
     0.1216 20070110
     0.1308 20070111
     0.1421 20070112
     0.1556 20070113
     0.1645 20070114
     0.1749 20070115
     0.1823 20070116
     0.1953 20070117
     0.2110 20070118
     0.2196 20070119
     0.2366 20070120
     0.2489 20070121
     0.2541 20070122
     0.2599 20070123
     0.2656 20070124
     0.2674 20070125
     0.2385 20070126
    27.3100 20070127
    12.4100 20070128
     4.2440 20070129
     4.5810 20070130
     4.6880 20070131
     4.6930 20070201
     4.5890 20070202
     4.4540 20070203
     4.2960 20070204
     4.1560 20070205
     4.0360 20070206
     3.9290 20070207
     3.8540 20070208
     3.7960 20070209
     3.7380 20070210
     3.6960 20070211
     3.6500 20070212
     3.6150 20070213
     3.5750 20070214
     3.5380 20070215
     3.4940 20070216
     3.4510 20070217
     3.3830 20070218
     3.3370 20070219
     3.2830 20070220
     3.2370 20070221
     3.1700 20070222
     3.0960 20070223
     2.8450 20070224
     2.6610 20070225
     2.0860 20070226
     1.7150 20070227
     1.4860 20070228
     1.3250 20070301
     1.1990 20070302
     1.0980 20070303
     1.0190 20070304
     0.9486 20070305
     0.8949 20070306
     0.8514 20070307
     0.8147 20070308
     0.7762 20070309
     0.7459 20070310
     0.7280 20070311
     0.7101 20070312
     0.6904 20070313
     0.6730 20070314
     0.6595 20070315
     0.6351 20070316
     0.6230 20070317
     0.6087 20070318
     0.5966 20070319
     0.5577 20070320
     0.4412 20070321
     0.3814 20070322
     0.3389 20070323
     0.3017 20070324
     0.2730 20070325
     0.2450 20070326
     0.2598 20070327
     0.2577 20070328
     0.2570 20070329
     0.2588 20070330
     0.2596 20070331
     0.2746 20070401
     0.2828 20070402
     0.2888 20070403
     0.2979 20070404
     0.3037 20070405
     0.3144 20070406
     0.3207 20070407
     0.3256 20070408
     0.3359 20070409
     0.3371 20070410
     0.3335 20070411
     0.3355 20070412
     0.3249 20070413
     0.3162 20070414
     0.3056 20070415
     0.2973 20070416
     0.2836 20070417
     0.2732 20070418
     0.2629 20070419
     0.2473 20070420
     0.2385 20070421
     0.2223 20070422
     0.2161 20070423
     0.2048 20070424
     0.1921 20070425
     0.1814 20070426
     0.1803 20070427
     0.1712 20070428
     0.1642 20070429
     0.1570 20070430
     0.1532 20070501
     0.1434 20070502
     0.1369 20070503
     0.1308 20070504
     0.1245 20070505
     0.1196 20070506
     0.1107 20070507
     0.1074 20070508
     0.1067 20070509
     0.0988 20070510
     0.0976 20070511
     0.0909 20070512
     0.0904 20070513
     0.0881 20070514
     0.0790 20070515
     0.0798 20070516
     0.0767 20070517
     0.0730 20070518
     0.0712 20070519
     0.0663 20070520
     0.0623 20070521
     0.0640 20070522
     0.0619 20070523
     0.0585 20070524
     0.0548 20070525
     0.0522 20070526
     0.0508 20070527
     0.0465 20070528
     0.0477 20070529
     0.0447 20070530
     0.0415 20070531
     0.0400 20070601
     0.0399 20070602
     0.0391 20070603
     0.0372 20070604
     0.0352 20070605
     0.0360 20070606
     0.0322 20070607
     0.0313 20070608
     0.0312 20070609
     0.0293 20070610
     0.0298 20070611
     0.0278 20070612
     0.0270 20070613
     0.0265 20070614
     0.0249 20070615
     0.0250 20070616
     0.0240 20070617
     0.0245 20070618
     0.0235 20070619
     0.0223 20070620
     0.0211 20070621
     0.0206 20070622
     0.0192 20070623
     0.0181 20070624
     0.0182 20070625
     0.0180 20070626
     0.0170 20070627
     0.0164 20070628
     0.0175 20070629
     0.0169 20070630
     0.0161 20070701
     0.0143 20070702
     0.0137 20070703
     0.0142 20070704
     0.0146 20070705
     0.0152 20070706
     0.0133 20070707
     0.0137 20070708
     0.0132 20070709
     0.0137 20070710
     0.0119 20070711
     0.0134 20070712
     0.0110 20070713
     0.0113 20070714
     0.0109 20070715
     0.0118 20070716
     0.0101 20070717
     0.0108 20070718
     0.0108 20070719
     0.0096 20070720
     0.0106 20070721
     0.0108 20070722
     0.0095 20070723
     0.0094 20070724
     0.0103 20070725
     0.0104 20070726
     0.0088 20070727
     0.0081 20070728
     0.0088 20070729
     0.0079 20070730
     0.0084 20070731
     0.0088 20070801
     0.0089 20070802
     0.0078 20070803
     0.0072 20070804
     0.0070 20070805
     0.0077 20070806
     0.0072 20070807
     0.0068 20070808
     0.0074 20070809
     0.0062 20070810
     0.0071 20070811
     0.0065 20070812
     0.0068 20070813
     0.0062 20070814
     0.0056 20070815
     0.0058 20070816
     0.0058 20070817
     0.0053 20070818
     0.0055 20070819
     0.0051 20070820
     0.0054 20070821
     0.0067 20070822
     0.0051 20070823
     0.0067 20070824
     0.0067 20070825
     0.0064 20070826
     0.0063 20070827
     0.0063 20070828
     0.0065 20070829
     0.0060 20070830
     0.0062 20070831
     0.0084 20070901
     0.0070 20070902
     0.0070 20070903
     0.0063 20070904
     0.0064 20070905
     0.0072 20070906
     0.0074 20070907
     0.0073 20070908
     0.0081 20070909
     0.0075 20070910
     0.0082 20070911
     0.0083 20070912
     0.0089 20070913
     0.0074 20070914
     0.0068 20070915
     0.0070 20070916
     0.0067 20070917
     0.0079 20070918
     0.0080 20070919
     0.0069 20070920
     0.0132 20070921
     0.0140 20070922
     0.0159 20070923
     0.0155 20070924
     0.0174 20070925
     0.0169 20070926
     0.0163 20070927
     0.0168 20070928
     0.0176 20070929
     0.0166 20070930
     0.0168 20071001
     0.0235 20071002
     0.0220 20071003
     0.1191 20071004
     0.2776 20071005
     0.4598 20071006
     0.6023 20071007
     0.6757 20071008
     0.6995 20071009
     0.6754 20071010
     0.6582 20071011
     0.6199 20071012
     0.5664 20071013
     0.5213 20071014
     0.4741 20071015
     0.4717 20071016
     0.4347 20071017
     0.4626 20071018
     0.5056 20071019
     0.5000 20071020
     0.4958 20071021
     0.4778 20071022
     0.4506 20071023
     0.4314 20071024
     0.4118 20071025
     0.3954 20071026
     0.3731 20071027
     0.3547 20071028
     0.3331 20071029
     0.3170 20071030
     0.3016 20071031
     0.2828 20071101
     0.2648 20071102
     0.2519 20071103
     0.2380 20071104
     0.2246 20071105
     0.2162 20071106
     0.1974 20071107
     0.1902 20071108
     0.1816 20071109
     0.1692 20071110
     0.1589 20071111
     0.1572 20071112
     0.1425 20071113
     0.1368 20071114
     0.1298 20071115
     0.1222 20071116
     0.1192 20071117
     0.1098 20071118
     0.1038 20071119
     0.1009 20071120
     0.0982 20071121
     0.1448 20071122
     0.1685 20071123
     0.1916 20071124
     0.2012 20071125
     0.2075 20071126
     0.1981 20071127
     0.1924 20071128
     0.1873 20071129
     0.1794 20071130
     0.1785 20071201
     0.1769 20071202
     0.1793 20071203
     0.1786 20071204
     0.1843 20071205
     0.1932 20071206
     0.2115 20071207
     0.2455 20071208
     0.2842 20071209
     0.3250 20071210
     0.3722 20071211
     0.4159 20071212
     0.4539 20071213
     0.4918 20071214
     0.5185 20071215
     0.5542 20071216
     0.5805 20071217
     0.5863 20071218
     0.6009 20071219
     0.6056 20071220
     0.6037 20071221
     0.6118 20071222
     0.6083 20071223
     0.5950 20071224
     0.5806 20071225
     0.5585 20071226
     0.5136 20071227
     0.4588 20071228
     0.3122 20071229
     0.2478 20071230
     0.2045 20071231
     0.2569 20080101
     0.3044 20080102
     0.4001 20080103
     0.5114 20080104
     0.6183 20080105
     0.7394 20080106
     0.8480 20080107
     0.9512 20080108
     1.0420 20080109
     1.1260 20080110
     1.2010 20080111
     1.2460 20080112
     1.3010 20080113
     1.3320 20080114
     1.3560 20080115
     1.3690 20080116
     1.3790 20080117
     1.3720 20080118
     1.3750 20080119
     1.3650 20080120
     1.3490 20080121
     1.3240 20080122
     1.3090 20080123
     1.2830 20080124
     1.2540 20080125
     1.2300 20080126
     1.1940 20080127
     0.9929 20080128
     0.5485 20080129
     0.4153 20080130
     0.3397 20080131
     0.3469 20080201
     0.3453 20080202
     0.3578 20080203
     0.3766 20080204
     0.4068 20080205
     0.4371 20080206
     0.4750 20080207
     0.5044 20080208
     0.5319 20080209
     0.5540 20080210
     0.5802 20080211
     0.6066 20080212
     0.6219 20080213
     0.6312 20080214
     0.6512 20080215
     0.6515 20080216
     0.6582 20080217
     0.6533 20080218
     0.6521 20080219
     0.6507 20080220
     0.6380 20080221
     0.6282 20080222
     0.6197 20080223
     0.6309 20080224
     0.6118 20080225
     0.3810 20080226
     0.3082 20080227
     0.2577 20080228
     0.2137 20080229
     0.2244 20080301
     0.2261 20080302
     0.2259 20080303
     0.2362 20080304
     0.2454 20080305
     0.2629 20080306
     0.2752 20080307
     0.2883 20080308
     0.3050 20080309
     0.3213 20080310
     0.3348 20080311
     0.3417 20080312
     0.3600 20080313
     0.3618 20080314
     0.3758 20080315
     0.3770 20080316
     0.3818 20080317
     0.3851 20080318
     0.3829 20080319
     0.3952 20080320
     0.3834 20080321
     0.3677 20080322
     0.2487 20080323
     0.2159 20080324
     0.1840 20080325
     0.1660 20080326
     0.1490 20080327
     0.1380 20080328
     0.1207 20080329
     0.1122 20080330
     0.1087 20080331
     0.0991 20080401
     0.0967 20080402
     0.0882 20080403
     0.0861 20080404
     0.0788 20080405
     0.0783 20080406
     0.0768 20080407
     0.0707 20080408
     0.0720 20080409
     0.0674 20080410
     0.0649 20080411
     0.0658 20080412
     0.0596 20080413
     0.0594 20080414
     0.0585 20080415
     0.0551 20080416
     0.0530 20080417
     0.0500 20080418
     0.0502 20080419
     0.0454 20080420
     0.0451 20080421
     0.0449 20080422
     0.0421 20080423
     0.0394 20080424
     0.0379 20080425
     0.0384 20080426
     0.0382 20080427
     0.0332 20080428
     0.0350 20080429
     0.0309 20080430
     0.0309 20080501
     0.0325 20080502
     0.0292 20080503
     0.0284 20080504
     0.0262 20080505
     0.0271 20080506
     0.0250 20080507
     0.2837 20080508
     0.4232 20080509
     0.4845 20080510
     0.4834 20080511
     0.4478 20080512
     0.4182 20080513
     0.4011 20080514
     0.4019 20080515
     0.4203 20080516
     0.4624 20080517
     0.4960 20080518
     0.5187 20080519
     0.5380 20080520
     0.5477 20080521
     0.5382 20080522
     0.5186 20080523
     0.5025 20080524
     0.4740 20080525
     0.4478 20080526
     0.4169 20080527
     0.3848 20080528
     0.3628 20080529
     0.3393 20080530
     0.3213 20080531
     0.2983 20080601
     0.2703 20080602
     0.2539 20080603
     0.2358 20080604
     0.2219 20080605
     0.2103 20080606
     0.1914 20080607
     0.1812 20080608
     0.1685 20080609
     0.1605 20080610
     0.1457 20080611
     0.1393 20080612
     0.1318 20080613
     0.1217 20080614
     0.1179 20080615
     0.1142 20080616
     0.1097 20080617
     0.1041 20080618
     0.1010 20080619
     0.0980 20080620
     0.0952 20080621
     0.0912 20080622
     0.0882 20080623
     0.0893 20080624
     0.0847 20080625
     0.0847 20080626
     0.0806 20080627
     0.0806 20080628
     0.0796 20080629
     0.0782 20080630
     0.0759 20080701
     0.0737 20080702
     0.0729 20080703
     0.0724 20080704
     0.0704 20080705
     0.0705 20080706
     0.0681 20080707
     0.0669 20080708
     0.0649 20080709
     0.0646 20080710
     0.0633 20080711
     0.0612 20080712
     0.0592 20080713
     0.0593 20080714
     0.0576 20080715
     0.0584 20080716
     0.0545 20080717
     0.0527 20080718
     0.0512 20080719
     0.0502 20080720
     0.0462 20080721
     0.0467 20080722
     0.0445 20080723
     0.0423 20080724
     0.0384 20080725
     0.0386 20080726
     0.0396 20080727
     0.0366 20080728
     0.0386 20080729
     0.0353 20080730
     0.0317 20080731
     0.0318 20080801
     0.0317 20080802
     0.0310 20080803
     0.0310 20080804
     0.0304 20080805
     0.0275 20080806
     0.0274 20080807
     0.0263 20080808
     0.0246 20080809
     0.0245 20080810
     0.0237 20080811
     0.0213 20080812
     0.0205 20080813
     0.0194 20080814
     0.0198 20080815
     0.0195 20080816
     0.0209 20080817
     0.0193 20080818
     0.0186 20080819
     0.0201 20080820
     0.0180 20080821
     0.0165 20080822
     0.0167 20080823
     0.0161 20080824
     0.0143 20080825
     0.0149 20080826
     0.0154 20080827
     0.0134 20080828
     0.0146 20080829
     0.0133 20080830
     0.0133 20080831
     0.0127 20080901
     0.0139 20080902
     0.0134 20080903
     0.0129 20080904
     0.0117 20080905
     0.0120 20080906
     0.0115 20080907
     0.0112 20080908
     0.0096 20080909
     0.0100 20080910
     0.0092 20080911
     0.0095 20080912
     0.0105 20080913
     0.0084 20080914
     0.0084 20080915
     0.0090 20080916
     0.0082 20080917
     0.0088 20080918
     0.0092 20080919
     0.0094 20080920
     0.0091 20080921
     0.0070 20080922
     0.0085 20080923
     0.1165 20080924
     0.2189 20080925
     0.2934 20080926
     0.3472 20080927
     1.5280 20080928
     1.4580 20080929
     1.3050 20080930
     1.1290 20081001
     0.9564 20081002
     0.8070 20081003
     0.6906 20081004
     0.5944 20081005
     0.5161 20081006
     0.4513 20081007
     0.4027 20081008
     0.4311 20081009
     0.4624 20081010
     0.4958 20081011
     0.5333 20081012
     0.5548 20081013
     0.5726 20081014
     0.5766 20081015
     0.5714 20081016
     0.5570 20081017
     0.5409 20081018
     0.5198 20081019
     0.4918 20081020
     0.4682 20081021
     0.4600 20081022
     1.0150 20081023
     1.1020 20081024
     1.0570 20081025
     0.9556 20081026
     0.8334 20081027
     0.7399 20081028
     0.6364 20081029
     0.5532 20081030
     0.4873 20081031
     0.4442 20081101
     0.4039 20081102
     0.3622 20081103
     0.3258 20081104
     0.2962 20081105
     0.2768 20081106
     0.2514 20081107
     0.2357 20081108
     0.2174 20081109
     0.2080 20081110
     0.1944 20081111
     0.1829 20081112
     0.1710 20081113
     0.1636 20081114
     0.1546 20081115
     0.1475 20081116
     0.1396 20081117
     0.1355 20081118
     0.1287 20081119
     0.1238 20081120
     0.1164 20081121
     0.1125 20081122
     0.1091 20081123
     0.1025 20081124
     0.0996 20081125
     0.1467 20081126
     0.1754 20081127
     0.1955 20081128
     0.2156 20081129
     0.2348 20081130
     0.2453 20081201
     0.2509 20081202
     0.2530 20081203
     0.2537 20081204
     0.2497 20081205
     0.2474 20081206
     0.2427 20081207
     0.2405 20081208
     0.2316 20081209
     0.2265 20081210
     0.2189 20081211
     0.2113 20081212
     0.2020 20081213
     0.2036 20081214
     0.1914 20081215
     0.1799 20081216
     0.1764 20081217
     0.1675 20081218
     0.1612 20081219
     0.1554 20081220
     0.1524 20081221
     0.1432 20081222
     0.1386 20081223
     0.1268 20081224
     0.1246 20081225
     0.1188 20081226
     0.1067 20081227
     0.1008 20081228
     0.0959 20081229
     0.0902 20081230
     0.0906 20081231
     0.0877 20090101
     0.0873 20090102
     0.0870 20090103
     0.0856 20090104
     0.0894 20090105
     0.0936 20090106
     0.0912 20090107
     0.0945 20090108
     0.0977 20090109
     0.1007 20090110
     3.3150 20090111
     3.2220 20090112
     2.6230 20090113
     2.3430 20090114
     2.2100 20090115
     2.1050 20090116
     2.0230 20090117
     1.9470 20090118
     1.8900 20090119
     1.8320 20090120
     1.7800 20090121
     1.7440 20090122
     1.6930 20090123
     1.6560 20090124
     1.6230 20090125
     1.5840 20090126
     1.5580 20090127
     1.5140 20090128
     1.4830 20090129
     1.4500 20090130
     1.4260 20090131
     1.4230 20090201
     1.4340 20090202
     1.4320 20090203
     1.4350 20090204
     1.4450 20090205
     1.4430 20090206
     1.4390 20090207
     1.4100 20090208
     1.3790 20090209
     1.2840 20090210
     1.1960 20090211
     1.0710 20090212
     0.8163 20090213
     0.7130 20090214
     0.6585 20090215
     0.6224 20090216
     0.5820 20090217
     0.5642 20090218
     0.5378 20090219
     0.5134 20090220
     0.4951 20090221
     0.4869 20090222
     0.4757 20090223
     0.4573 20090224
     0.4404 20090225
     0.4279 20090226
     0.4146 20090227
     0.4010 20090228
     0.3763 20090301
     0.3457 20090302
     1.4840 20090303
     1.8180 20090304
     2.0480 20090305
     2.2280 20090306
     2.3430 20090307
     2.3770 20090308
     2.3370 20090309
     2.2330 20090310
     2.0830 20090311
     1.9130 20090312
     1.7490 20090313
     1.5900 20090314
     1.4280 20090315
     1.3030 20090316
     1.1920 20090317
     1.0890 20090318
     1.0050 20090319
     0.9199 20090320
     0.8542 20090321
     0.7978 20090322
     0.7509 20090323
     0.6949 20090324
     0.6510 20090325
     0.6073 20090326
     0.5740 20090327
     0.5387 20090328
     2.7770 20090329
     3.0940 20090330
     3.0650 20090331
     3.0360 20090401
     2.9430 20090402
     2.8150 20090403
     2.6610 20090404
     2.5110 20090405
     2.3650 20090406
     2.2160 20090407
     2.0980 20090408
     1.9880 20090409
     1.8910 20090410
     1.7890 20090411
     1.7270 20090412
     1.6480 20090413
     1.5800 20090414
     1.5310 20090415
     1.4760 20090416
     1.4350 20090417
     1.3910 20090418
     1.3790 20090419
     1.3370 20090420
     1.2830 20090421
     1.1120 20090422
     0.9943 20090423
     0.8524 20090424
     0.7597 20090425
     0.6808 20090426
     0.6106 20090427
     0.5572 20090428
     0.4960 20090429
     0.4598 20090430
     0.4131 20090501
     0.3831 20090502
     0.3487 20090503
     0.3214 20090504
     0.2975 20090505
     0.2771 20090506
     0.2535 20090507
     0.2382 20090508
     0.2220 20090509
     0.2015 20090510
     0.1893 20090511
     0.1764 20090512
     0.1643 20090513
     0.1569 20090514
     0.1448 20090515
     0.1321 20090516
     0.1260 20090517
     0.1201 20090518
     0.1158 20090519
     0.1055 20090520
     0.1037 20090521
     0.0955 20090522
     0.0892 20090523
     0.0900 20090524
     0.0828 20090525
     0.0782 20090526
     0.0764 20090527
     0.0726 20090528
     0.0711 20090529
     0.0625 20090530
     0.0637 20090531
     0.0588 20090601
     0.0584 20090602
     0.0545 20090603
     0.0520 20090604
     0.0525 20090605
     0.0503 20090606
     0.0470 20090607
     0.0443 20090608
     0.0416 20090609
     0.0416 20090610
     0.0378 20090611
     0.0399 20090612
     0.0386 20090613
     0.0360 20090614
     0.0320 20090615
     0.0332 20090616
     0.0318 20090617
     0.0322 20090618
     0.0303 20090619
     0.0299 20090620
     0.0280 20090621
     0.0270 20090622
     0.0268 20090623
     0.0250 20090624
     0.0250 20090625
     0.0246 20090626
     0.0236 20090627
     0.0247 20090628
     0.0233 20090629
     0.0219 20090630
     0.0224 20090701
     0.0199 20090702
     0.0207 20090703
     0.0201 20090704
     0.0186 20090705
     0.0191 20090706
     0.0185 20090707
     0.0176 20090708
     0.0166 20090709
     0.0176 20090710
     0.0177 20090711
     0.0167 20090712
     0.0155 20090713
     0.0163 20090714
     0.0149 20090715
     0.0147 20090716
     0.0139 20090717
     0.0139 20090718
     0.0146 20090719
     0.0144 20090720
     0.0132 20090721
     0.0142 20090722
     0.0130 20090723
     0.0130 20090724
     0.0124 20090725
     0.0125 20090726
     0.0123 20090727
     0.0116 20090728
     0.0102 20090729
     0.0112 20090730
     0.0094 20090731
     0.0102 20090801
     0.0109 20090802
     0.0096 20090803
     0.0092 20090804
     0.0096 20090805
     0.0092 20090806
     0.0089 20090807
     0.0088 20090808
     0.0090 20090809
     0.0093 20090810
     0.0101 20090811
     0.0115 20090812
     0.0142 20090813
     0.0178 20090814
     0.0216 20090815
     0.0320 20090816
     0.0384 20090817
     0.0488 20090818
     0.0597 20090819
     0.0688 20090820
     0.0775 20090821
     0.0809 20090822
     0.0867 20090823
     0.0899 20090824
     0.0926 20090825
     0.0904 20090826
     0.0900 20090827
     0.0887 20090828
     0.0872 20090829
     0.0868 20090830
     0.0788 20090831
     0.0786 20090901
     0.0736 20090902
     0.0686 20090903
     0.0701 20090904
     0.0625 20090905
     0.0619 20090906
     0.0598 20090907
     0.0547 20090908
     0.0530 20090909
     0.0526 20090910
     0.0483 20090911
     0.0459 20090912
     0.0479 20090913
     0.0446 20090914
     0.2422 20090915
     0.7802 20090916
     1.5020 20090917
     2.0730 20090918
     2.3830 20090919
     2.4460 20090920
     2.3540 20090921
     2.1680 20090922
     1.9570 20090923
     1.7330 20090924
     1.5150 20090925
     1.3270 20090926
    62.8900 20090927
   110.8000 20090928
    31.3400 20090929
     6.1500 20090930
     6.7780 20091001
     6.1540 20091002
     5.6530 20091003
     5.0780 20091004
     4.4740 20091005
     3.9030 20091006
     3.3820 20091007
     2.9000 20091008
     2.5060 20091009
     2.1740 20091010
     1.8750 20091011
     1.6470 20091012
     1.4390 20091013
     1.2800 20091014
     1.1280 20091015
     1.0440 20091016
     0.9381 20091017
     0.8480 20091018
     0.7708 20091019
     0.7033 20091020
     0.6445 20091021
     0.5965 20091022
     0.5505 20091023
     0.5060 20091024
     0.4752 20091025
     0.4483 20091026
     0.4124 20091027
     0.3945 20091028
     0.3717 20091029
     0.3523 20091030
     0.3318 20091031
     0.3145 20091101
     0.2975 20091102
     0.2768 20091103
     0.2657 20091104
     0.2477 20091105
     0.2344 20091106
     0.2224 20091107
     0.2092 20091108
     0.2015 20091109
     0.1894 20091110
     0.1771 20091111
     0.1703 20091112
     0.1580 20091113
     0.1504 20091114
     0.1423 20091115
     0.1347 20091116
     0.1294 20091117
     0.1196 20091118
     0.1190 20091119
     0.1101 20091120
     0.1028 20091121
     0.0989 20091122
     0.0952 20091123
     0.0888 20091124
     0.0892 20091125
     0.0835 20091126
     0.0782 20091127
     0.0774 20091128
     0.0768 20091129
     0.0712 20091130
     0.0694 20091201
     0.0694 20091202
     0.0619 20091203
     0.0613 20091204
     0.0582 20091205
     0.0577 20091206
     0.0562 20091207
     0.0517 20091208
     0.0522 20091209
     0.0508 20091210
     0.0465 20091211
     0.0473 20091212
     0.0537 20091213
     0.3292 20091214
     0.5642 20091215
     0.7275 20091216
     0.8122 20091217
     0.8538 20091218
     1.0150 20091219
     1.0100 20091220
     0.9532 20091221
     0.8880 20091222
     0.8008 20091223
     0.7268 20091224
     0.6625 20091225
     0.5966 20091226
     0.5374 20091227
     0.4946 20091228
     0.4540 20091229
     0.4170 20091230
     0.3860 20091231
     0.3569 20100101
     0.3341 20100102
     0.3144 20100103
     0.2961 20100104
     0.2840 20100105
     0.2786 20100106
     0.4372 20100107
     0.5243 20100108
     0.6015 20100109
     0.6663 20100110
     0.7318 20100111
     0.7943 20100112
     0.8577 20100113
     0.9150 20100114
     0.9718 20100115
     1.0140 20100116
     1.0560 20100117
     1.0900 20100118
     1.1240 20100119
     1.1430 20100120
     1.1600 20100121
     1.1710 20100122
     1.1670 20100123
     1.1690 20100124
     1.1790 20100125
     1.6090 20100126
     1.8430 20100127
     1.9960 20100128
     2.0740 20100129
     2.1080 20100130
     2.0930 20100131
     2.1350 20100201
     2.1980 20100202
     2.2760 20100203
     2.3710 20100204
     2.4700 20100205
     2.5630 20100206
     2.6490 20100207
     2.7390 20100208
     2.8100 20100209
     2.8920 20100210
     2.9400 20100211
     2.9900 20100212
     3.0200 20100213
     3.0090 20100214
     2.9970 20100215
     2.9500 20100216
     2.8770 20100217
     2.8260 20100218
     2.7250 20100219
     2.4860 20100220
     2.3380 20100221
     2.2290 20100222
     2.0900 20100223
     1.9660 20100224
     1.8560 20100225
     1.7330 20100226
     1.5460 20100227
     1.2170 20100228
     1.1410 20100301
     1.3080 20100302
     1.4730 20100303
     1.6450 20100304
     1.8300 20100305
     2.0000 20100306
     2.1460 20100307
     2.2710 20100308
     2.3800 20100309
     2.4810 20100310
     2.5590 20100311
     2.6150 20100312
     2.6630 20100313
     2.6860 20100314
     2.7030 20100315
     2.6880 20100316
     2.6590 20100317
     2.6350 20100318
     2.5950 20100319
     2.5580 20100320
     2.5330 20100321
     2.4890 20100322
     2.4350 20100323
     2.3770 20100324
     2.2900 20100325
     2.0770 20100326
     1.6380 20100327
     1.3790 20100328
     1.1870 20100329
     1.0510 20100330
     0.9216 20100331
     0.8262 20100401
     0.7464 20100402
     0.6717 20100403
     0.6117 20100404
     0.5682 20100405
     0.5206 20100406
     0.4651 20100407
     0.4240 20100408
     0.3833 20100409
     0.3532 20100410
     0.3224 20100411
     0.3012 20100412
     0.2706 20100413
     0.2535 20100414
     0.2379 20100415
     0.2190 20100416
     0.2018 20100417
     0.1873 20100418
     0.1736 20100419
     0.1598 20100420
     0.1494 20100421
     0.1463 20100422
     0.1330 20100423
     0.1260 20100424
     0.1202 20100425
     0.1114 20100426
     0.1055 20100427
     0.0996 20100428
     0.0937 20100429
     0.0902 20100430
     0.0847 20100501
     0.0835 20100502
     0.0790 20100503
     0.0749 20100504
     0.0704 20100505
     0.0714 20100506
     0.0640 20100507
     0.0621 20100508
     0.0583 20100509
     0.0562 20100510
     0.0544 20100511
     0.0523 20100512
     0.0498 20100513
     0.0483 20100514
     0.0460 20100515
     0.0430 20100516
     0.0400 20100517
     0.0402 20100518
     0.0397 20100519
     0.0394 20100520
     0.0350 20100521
     0.0359 20100522
     0.0333 20100523
     0.0307 20100524
     0.0307 20100525
     0.0319 20100526
     0.0277 20100527
     0.0377 20100528
     0.0582 20100529
     0.1160 20100530
     0.2298 20100531
     0.3972 20100601
     0.5768 20100602
     0.7313 20100603
     0.8257 20100604
     0.8665 20100605
     0.8714 20100606
     0.8341 20100607
     0.7845 20100608
     0.7347 20100609
     0.6726 20100610
     0.6051 20100611
     0.5559 20100612
     0.4990 20100613
     0.5109 20100614
     0.5962 20100615
     0.6252 20100616
     0.6313 20100617
     0.6360 20100618
     0.6213 20100619
     0.6050 20100620
     0.5924 20100621
     0.5760 20100622
     0.5524 20100623
     0.5284 20100624
     0.5045 20100625
     0.4885 20100626
     0.4583 20100627
     0.4303 20100628
     0.4130 20100629
     0.3799 20100630
     0.3576 20100701
     0.3369 20100702
     0.3124 20100703
     0.2922 20100704
     0.2740 20100705
     0.2512 20100706
     0.2374 20100707
     0.2235 20100708
     0.2090 20100709
     0.1971 20100710
     0.1814 20100711
     0.1738 20100712
     0.1582 20100713
     0.1567 20100714
     0.1445 20100715
     0.1341 20100716
     0.1296 20100717
     0.1224 20100718
     0.1151 20100719
     0.1059 20100720
     0.1043 20100721
     0.0973 20100722
     0.0915 20100723
     0.0890 20100724
     0.0833 20100725
     0.0800 20100726
     0.0746 20100727
     0.0697 20100728
     0.0680 20100729
     0.0678 20100730
     0.0630 20100731
     0.0603 20100801
     0.0595 20100802
     0.0536 20100803
     0.0520 20100804
     0.0506 20100805
     0.0481 20100806
     0.0459 20100807
     0.0456 20100808
     0.0411 20100809
     0.0413 20100810
     0.0398 20100811
     0.0376 20100812
     0.1874 20100813
     0.3576 20100814
     0.5200 20100815
     0.6253 20100816
     0.7295 20100817
     0.8242 20100818
     0.9343 20100819
     1.0580 20100820
     1.1840 20100821
     1.3070 20100822
     1.3770 20100823
     1.3950 20100824
     1.3770 20100825
     1.3200 20100826
     1.2360 20100827
     1.1340 20100828
     1.0450 20100829
     0.9472 20100830
     0.8638 20100831
     0.7811 20100901
     0.7023 20100902
     0.6408 20100903
     0.5761 20100904
     0.5224 20100905
     0.4746 20100906
     0.4376 20100907
     0.3984 20100908
     0.3672 20100909
     0.3327 20100910
     0.3136 20100911
     0.2864 20100912
     0.2625 20100913
     0.2417 20100914
     0.2230 20100915
     0.2132 20100916
     0.1990 20100917
     0.1887 20100918
     0.1766 20100919
     0.1617 20100920
     0.1527 20100921
     0.1460 20100922
     0.1343 20100923
     0.1307 20100924
     0.1197 20100925
     0.1120 20100926
     0.1084 20100927
     0.1034 20100928
     0.1002 20100929
     0.0901 20100930
     0.0906 20101001
     0.0833 20101002
     0.0796 20101003
     0.0745 20101004
     0.0710 20101005
     0.0700 20101006
     0.0694 20101007
     0.0631 20101008
     0.0630 20101009
     0.0611 20101010
     0.0598 20101011
     0.0605 20101012
     0.0604 20101013
     0.0568 20101014
     0.0535 20101015
     0.0500 20101016
     0.0492 20101017
     0.0459 20101018
     0.0450 20101019
     0.0462 20101020
     0.0408 20101021
     0.0390 20101022
     0.0411 20101023
     0.0397 20101024
     0.0375 20101025
     0.0334 20101026
     0.0340 20101027
     0.0337 20101028
     0.0313 20101029
     0.0311 20101030
     0.0301 20101031
     0.0290 20101101
     0.0266 20101102
     0.0274 20101103
     0.0254 20101104
     0.0260 20101105
     0.0241 20101106
     0.0246 20101107
     0.0263 20101108
     0.0233 20101109
     0.0244 20101110
     0.0208 20101111
     0.0210 20101112
     0.0196 20101113
     0.0195 20101114
     0.0192 20101115
     0.0199 20101116
     0.0201 20101117
     0.0190 20101118
     0.0161 20101119
     0.0183 20101120
     0.0169 20101121
     0.0154 20101122
     0.0151 20101123
     0.0177 20101124
     0.0169 20101125
     0.0182 20101126
     0.0271 20101127
     0.0302 20101128
     0.0354 20101129
     0.0427 20101130
     0.0462 20101201
     0.0476 20101202
     0.0511 20101203
     0.0555 20101204
     0.0544 20101205
     0.0559 20101206
     0.0597 20101207
     0.0589 20101208
     0.0626 20101209
     0.0638 20101210
     0.0644 20101211
     0.0662 20101212
     0.0637 20101213
     0.0679 20101214
     0.0669 20101215
     0.0653 20101216
     0.0650 20101217
     0.0652 20101218
     0.0717 20101219
     0.0690 20101220
     0.0677 20101221
     0.0683 20101222
     0.0692 20101223
     0.0703 20101224
     0.0702 20101225
     0.0679 20101226
     0.0663 20101227
     0.0669 20101228
     0.0644 20101229
     0.0633 20101230
     0.0638 20101231
     0.0614 20110101
     0.0613 20110102
     0.0593 20110103
     0.0579 20110104
     0.0589 20110105
     0.0546 20110106
     0.0549 20110107
     0.0547 20110108
     0.0533 20110109
     0.0490 20110110
     0.0482 20110111
     0.0476 20110112
     0.0456 20110113
     0.0440 20110114
     0.0459 20110115
     0.0416 20110116
     0.0394 20110117
     0.0400 20110118
     0.0396 20110119
     0.0378 20110120
     0.0361 20110121
     0.0356 20110122
     0.0367 20110123
     0.0314 20110124
     0.0336 20110125
     0.0315 20110126
     0.0339 20110127
     0.0314 20110128
     0.0306 20110129
     0.0301 20110130
     0.0314 20110131
     0.0318 20110201
     0.0295 20110202
     0.0289 20110203
     0.0275 20110204
     0.0268 20110205
     0.0252 20110206
     0.0260 20110207
     0.0243 20110208
     0.0247 20110209
     0.0227 20110210
     0.0232 20110211
     0.0234 20110212
     0.0257 20110213
     0.0254 20110214
     0.0253 20110215
     0.0269 20110216
     0.0285 20110217
     0.0293 20110218
     0.0331 20110219
     0.0364 20110220
     0.0434 20110221
     0.0485 20110222
     0.0562 20110223
     0.0668 20110224
     0.0804 20110225
     0.0952 20110226
     0.1096 20110227
     0.1240 20110228
     0.1373 20110301
     0.1527 20110302
     0.1671 20110303
     0.1878 20110304
     0.1874 20110305
     0.1954 20110306
     0.1911 20110307
     0.1859 20110308
     0.1831 20110309
     0.1744 20110310
     0.1831 20110311
     0.1851 20110312
     0.1798 20110313
     0.1759 20110314
     0.1824 20110315
     0.1811 20110316
     0.1786 20110317
     0.1765 20110318
     0.1835 20110319
     0.1850 20110320
     0.1848 20110321
     0.1938 20110322
     0.2068 20110323
     0.2088 20110324
     0.2189 20110325
     0.2197 20110326
     0.2261 20110327
     0.2348 20110328
     0.2362 20110329
     0.2376 20110330
     0.2400 20110331
     0.2353 20110401
     0.2298 20110402
     0.2278 20110403
     0.2153 20110404
     0.2138 20110405
     0.2030 20110406
     0.1946 20110407
     0.1884 20110408
     0.1798 20110409
     0.1780 20110410
     0.1657 20110411
     0.1583 20110412
     0.1494 20110413
     0.1435 20110414
     0.1322 20110415
     0.1242 20110416
     0.1196 20110417
     0.1156 20110418
     0.1101 20110419
     0.1022 20110420
     0.0979 20110421
     0.0940 20110422
     0.0897 20110423
     0.0877 20110424
     0.0879 20110425
     0.0796 20110426
     0.0771 20110427
     0.0704 20110428
     0.0722 20110429
     0.0691 20110430
     0.0704 20110501
     0.2160 20110502
     0.2897 20110503
     0.3318 20110504
     0.3384 20110505
     0.3412 20110506
     0.3277 20110507
     0.3192 20110508
     0.3059 20110509
     0.2982 20110510
     0.2838 20110511
     0.2778 20110512
     0.2610 20110513
     0.2490 20110514
     0.2405 20110515
     0.2272 20110516
     0.2178 20110517
     0.2034 20110518
     0.1939 20110519
     0.1842 20110520
     0.1736 20110521
     0.1661 20110522
     0.1589 20110523
     0.1494 20110524
     0.1439 20110525
     0.1363 20110526
     0.1308 20110527
     0.1250 20110528
     0.1199 20110529
     0.1186 20110530
     0.1106 20110531
     0.1086 20110601
     0.1078 20110602
     0.1021 20110603
     0.0981 20110604
     0.0988 20110605
     0.0951 20110606
     0.0956 20110607
     0.0934 20110608
     0.0951 20110609
     0.0957 20110610
     0.0956 20110611
     0.0948 20110612
     0.0939 20110613
     0.0936 20110614
     0.0933 20110615
     0.0861 20110616
     0.0852 20110617
     0.0872 20110618
     0.0817 20110619
     0.0791 20110620
     0.0770 20110621
     0.0785 20110622
     0.0728 20110623
     0.0690 20110624
     0.0672 20110625
     0.0658 20110626
     0.0622 20110627
     0.0618 20110628
     0.0596 20110629
     0.0595 20110630
     0.0544 20110701
     0.0538 20110702
     0.0532 20110703
     0.0495 20110704
     0.0483 20110705
     0.0478 20110706
     0.0465 20110707
     0.0446 20110708
     0.0411 20110709
     0.0396 20110710
     0.0387 20110711
     0.0394 20110712
     0.0376 20110713
     0.0360 20110714
     0.0342 20110715
     0.0321 20110716
     0.0331 20110717
     0.0324 20110718
     0.0312 20110719
     0.0287 20110720
     0.0301 20110721
     0.0281 20110722
     0.0264 20110723
     0.0245 20110724
     0.0256 20110725
     0.0260 20110726
     0.0238 20110727
     0.0247 20110728
     0.0234 20110729
     0.0223 20110730
     0.0214 20110731
     0.0195 20110801
     0.0194 20110802
     0.0196 20110803
     0.0201 20110804
     0.0186 20110805
     0.0182 20110806
     0.0173 20110807
     0.0169 20110808
     0.0151 20110809
     0.0159 20110810
     0.0142 20110811
     0.0160 20110812
     0.0146 20110813
     0.0151 20110814
     0.0136 20110815
     0.0151 20110816
     0.0135 20110817
     0.0138 20110818
     0.0138 20110819
     0.0138 20110820
     0.0120 20110821
     0.0125 20110822
     0.0130 20110823
     0.0116 20110824
     0.0114 20110825
     0.0104 20110826
     0.0102 20110827
     0.0102 20110828
     0.0100 20110829
     0.0104 20110830
     0.0103 20110831
     0.0108 20110901
     0.0113 20110902
     0.0170 20110903
     0.0167 20110904
     0.0166 20110905
     0.0175 20110906
     0.0164 20110907
     0.0163 20110908
     0.0154 20110909
     0.0151 20110910
     0.0151 20110911
     0.0142 20110912
     0.0134 20110913
     0.0125 20110914
     0.0146 20110915
     0.0133 20110916
     0.0127 20110917
     0.0108 20110918
     0.0111 20110919
     0.0099 20110920
     0.0100 20110921
     0.0101 20110922
     0.0113 20110923
     0.0102 20110924
     0.0092 20110925
     0.0091 20110926
     0.0094 20110927
     0.0086 20110928
     0.0097 20110929
     0.0091 20110930
     0.0091 20111001
     0.0089 20111002
     0.0075 20111003
     0.0081 20111004
     0.0068 20111005
     0.0066 20111006
     0.0071 20111007
     0.0071 20111008
     0.0069 20111009
     0.0062 20111010
     0.0067 20111011
     0.0074 20111012
     0.0070 20111013
     0.0060 20111014
     0.0058 20111015
     0.0064 20111016
     0.0056 20111017
     0.0049 20111018
     0.0044 20111019
     0.0057 20111020
     0.0052 20111021
     0.0046 20111022
     0.0041 20111023
     0.0052 20111024
     0.0046 20111025
     0.0041 20111026
     0.0056 20111027
     0.0052 20111028
     0.0049 20111029
     0.0054 20111030
     0.0052 20111031
     0.0046 20111101
     0.0040 20111102
     0.0049 20111103
     0.0089 20111104
     0.0133 20111105
     0.0172 20111106
     0.0248 20111107
     0.0313 20111108
     0.0414 20111109
     0.0525 20111110
     0.0586 20111111
     0.0628 20111112
     0.0693 20111113
     0.0732 20111114
     0.0727 20111115
     0.0733 20111116
     0.0732 20111117
     0.0933 20111118
     0.0978 20111119
     0.1008 20111120
     0.1127 20111121
     0.1226 20111122
     0.1485 20111123
     0.1630 20111124
     0.1762 20111125
     0.1830 20111126
     0.1938 20111127
     0.1931 20111128
     0.1991 20111129
     0.1937 20111130
     0.1928 20111201
     0.1898 20111202
     0.1863 20111203
     0.1868 20111204
     0.1791 20111205
     0.1676 20111206
     0.1635 20111207
     0.1581 20111208
     0.1478 20111209
     0.1434 20111210
     0.1374 20111211
     0.1319 20111212
     0.1263 20111213
     0.1206 20111214
     0.1160 20111215
     0.1124 20111216
     0.1020 20111217
     0.0997 20111218
     0.0961 20111219
     0.0904 20111220
     0.0870 20111221
     0.0815 20111222
     0.0778 20111223
     0.0763 20111224
     0.0720 20111225
     0.0692 20111226
     0.0658 20111227
     0.0660 20111228
     0.0612 20111229
     0.0584 20111230
     0.0560 20111231
     0.0542 20120101
     0.0505 20120102
     0.0510 20120103
     0.0472 20120104
     0.0435 20120105
     0.0447 20120106
     0.0391 20120107
     0.0397 20120108
     0.0391 20120109
     0.0369 20120110
     0.0386 20120111
     0.0344 20120112
     0.0335 20120113
     0.0337 20120114
     0.0322 20120115
     0.0309 20120116
     0.0358 20120117
     0.0342 20120118
     0.0354 20120119
     0.0363 20120120
     0.0363 20120121
     0.0356 20120122
     0.0355 20120123
     0.0368 20120124
     0.0396 20120125
     0.0397 20120126
     0.0428 20120127
     0.0453 20120128
     0.0476 20120129
     0.0475 20120130
     0.0502 20120131
     0.0530 20120201
     0.0558 20120202
     0.0585 20120203
     0.0584 20120204
     0.0600 20120205
     0.0623 20120206
     0.0628 20120207
     0.0646 20120208
     0.0676 20120209
     0.0728 20120210
     0.0739 20120211
     0.0790 20120212
     0.0835 20120213
     0.0903 20120214
     0.0987 20120215
     0.1045 20120216
     0.1111 20120217
     0.1137 20120218
     0.1223 20120219
     0.1307 20120220
     0.1423 20120221
     0.1455 20120222
     0.1550 20120223
     0.1565 20120224
     0.1652 20120225
     0.1707 20120226
     0.1702 20120227
     0.1690 20120228
     0.1733 20120229
     0.1684 20120301
     0.1651 20120302
     0.1628 20120303
     0.1630 20120304
     0.1554 20120305
     0.1491 20120306
     0.1440 20120307
     0.1393 20120308
     0.1329 20120309
     0.1257 20120310
     0.1166 20120311
     0.1103 20120312
     0.1041 20120313
     0.0993 20120314
     0.0983 20120315
     0.0914 20120316
     0.0870 20120317
     0.0793 20120318
     0.0775 20120319
     0.1224 20120320
     0.1423 20120321
     0.1476 20120322
     0.1510 20120323
     0.1529 20120324
     0.1489 20120325
     0.1510 20120326
     0.1446 20120327
     0.1380 20120328
     0.1365 20120329
     0.1302 20120330
     0.1272 20120331
     0.1220 20120401
     0.1168 20120402
     0.1171 20120403
     0.1116 20120404
     0.1094 20120405
     0.1067 20120406
     0.1036 20120407
     0.0973 20120408
     0.0984 20120409
     0.0958 20120410
     0.0927 20120411
     0.0926 20120412
     0.0884 20120413
     0.0851 20120414
     0.0847 20120415
     0.0791 20120416
     0.0795 20120417
     0.0778 20120418
     0.0737 20120419
     0.0684 20120420
     0.0684 20120421
     0.0665 20120422
     0.0668 20120423
     0.0653 20120424
     0.0600 20120425
     0.0600 20120426
     0.0552 20120427
     0.0539 20120428
     0.0544 20120429
     0.0483 20120430
     0.0508 20120501
     0.0491 20120502
     0.0463 20120503
     0.0446 20120504
     0.0431 20120505
     0.0404 20120506
     0.0396 20120507
     0.0370 20120508
     0.0395 20120509
     0.0340 20120510
     0.0321 20120511
     0.0326 20120512
     0.0322 20120513
     0.0322 20120514
     0.0291 20120515
     0.0298 20120516
     0.0286 20120517
     0.0254 20120518
     0.0253 20120519
     0.0281 20120520
     0.0264 20120521
     0.0257 20120522
     0.0238 20120523
     0.0259 20120524
     0.0243 20120525
     0.0236 20120526
     0.0220 20120527
     0.0194 20120528
     0.0197 20120529
     0.0203 20120530
     0.0193 20120531
     0.0178 20120601
     0.0202 20120602
     0.0196 20120603
     0.0169 20120604
     0.0176 20120605
     0.0163 20120606
     0.0151 20120607
     0.0154 20120608
     0.0147 20120609
     0.0156 20120610
     0.0137 20120611
     0.0149 20120612
     0.0128 20120613
     0.0147 20120614
     0.0124 20120615
     0.0120 20120616
     0.0126 20120617
     0.0117 20120618
     0.0119 20120619
     0.0109 20120620
     0.0110 20120621
     0.0110 20120622
     0.0103 20120623
     0.0108 20120624
     0.0110 20120625
     0.0109 20120626
     0.0099 20120627
     0.0089 20120628
     0.0090 20120629
     0.0090 20120630
     0.0085 20120701
     0.0082 20120702
     0.0098 20120703
     0.0086 20120704
     0.0092 20120705
     0.0082 20120706
     0.0077 20120707
     0.0090 20120708
     0.0081 20120709
     0.0073 20120710
     0.0072 20120711
     0.0074 20120712
     0.0082 20120713
     0.0065 20120714
     0.0073 20120715
     0.0067 20120716
     0.0064 20120717
     0.0062 20120718
     0.0069 20120719
     0.0072 20120720
     0.0065 20120721
     0.0055 20120722
     0.0056 20120723
     0.0056 20120724
     0.0060 20120725
     0.0058 20120726
     0.0057 20120727
     0.0052 20120728
     0.0054 20120729
     0.0064 20120730
     0.0062 20120731
     0.0047 20120801
     0.0045 20120802
     0.0044 20120803
     0.0055 20120804
     0.0048 20120805
     0.0042 20120806
     0.0045 20120807
     0.0042 20120808
     0.0054 20120809
     0.0046 20120810
     0.0042 20120811
     0.0045 20120812
     0.0042 20120813
     0.0045 20120814
     0.0039 20120815
     0.0050 20120816
     0.0050 20120817
     0.0045 20120818
     0.0041 20120819
     0.0037 20120820
     0.0038 20120821
     0.0042 20120822
     0.0040 20120823
     0.0040 20120824
     0.0033 20120825
     0.0030 20120826
     0.0040 20120827
     0.0035 20120828
     0.0035 20120829
     0.0031 20120830
     0.0045 20120831
     0.0036 20120901
     0.0033 20120902
     0.0037 20120903
     0.0032 20120904
     0.0035 20120905
     0.0035 20120906
     0.0037 20120907
     0.0037 20120908
     0.0036 20120909
     0.0035 20120910
     0.0036 20120911
     0.0039 20120912
     0.0033 20120913
     0.0030 20120914
     0.0042 20120915
     0.0038 20120916
     0.0037 20120917
     0.0035 20120918
     0.0035 20120919
     0.0029 20120920
     0.0028 20120921
     0.0028 20120922
     0.0027 20120923
     0.0037 20120924
     0.0033 20120925
     0.0033 20120926
     0.0030 20120927
   101.5000 20120928
    25.6900 20120929
     5.0310 20120930
     5.2230 20121001
     5.2870 20121002
     5.1250 20121003
     4.7870 20121004
     4.3170 20121005
     3.7920 20121006
     3.3060 20121007
     2.8600 20121008
     2.4620 20121009
     2.1210 20121010
     1.8420 20121011
     1.6030 20121012
     1.4080 20121013
     1.2530 20121014
     1.1030 20121015
     0.9808 20121016
     0.8745 20121017
     0.7805 20121018
     0.7085 20121019
     0.6867 20121020
     0.6345 20121021
     0.5721 20121022
     0.5271 20121023
     0.4834 20121024
     0.4372 20121025
     0.4036 20121026
     0.3780 20121027
     0.3474 20121028
     0.3166 20121029
     0.3028 20121030
     0.2836 20121031
     0.2618 20121101
     0.2403 20121102
     0.2315 20121103
     0.2172 20121104
     0.2007 20121105
     0.1929 20121106
     0.1930 20121107
     0.1807 20121108
     0.1765 20121109
     0.1675 20121110
     0.1763 20121111
     0.1856 20121112
     0.1929 20121113
     0.1874 20121114
     0.1931 20121115
     0.1960 20121116
     0.2004 20121117
     0.2095 20121118
     0.2135 20121119
     0.2226 20121120
     0.2257 20121121
     0.2343 20121122
     0.2392 20121123
     0.2454 20121124
     0.2434 20121125
     0.2418 20121126
     0.2425 20121127
     0.2445 20121128
     0.2301 20121129
     0.2285 20121130
     0.2243 20121201
     0.2142 20121202
     0.2049 20121203
     0.1931 20121204
     0.1919 20121205
     0.1788 20121206
     0.1692 20121207
     0.1682 20121208
     0.1561 20121209
     0.1421 20121210
     0.1380 20121211
     0.1323 20121212
     0.1282 20121213
     0.1197 20121214
     0.1136 20121215
     0.1125 20121216
     0.1044 20121217
     0.1005 20121218
     0.0995 20121219
     0.0920 20121220
     0.0879 20121221
     0.0822 20121222
     0.0785 20121223
     0.0780 20121224
     0.0722 20121225
     0.0720 20121226
     0.0660 20121227
     0.0623 20121228
     0.0612 20121229
     0.0586 20121230
     0.0578 20121231
     0.0562 20130101
     0.0522 20130102
     0.0514 20130103
     0.0506 20130104
     0.0461 20130105
     0.0462 20130106
     0.0444 20130107
     0.0405 20130108
     0.0401 20130109
     0.0373 20130110
     0.0377 20130111
     0.0394 20130112
     0.0375 20130113
     0.0340 20130114
     0.0319 20130115
     0.0318 20130116
     0.0307 20130117
     0.0322 20130118
     0.0308 20130119
     0.0296 20130120
     0.0307 20130121
     0.0285 20130122
     0.0278 20130123
     0.0270 20130124
     0.0268 20130125
     0.0276 20130126
     0.0275 20130127
     0.0256 20130128
     0.0265 20130129
     0.0260 20130130
     0.0277 20130131
     0.0261 20130201
     0.0251 20130202
     0.0270 20130203
     0.0264 20130204
     0.0256 20130205
     0.0260 20130206
     0.0262 20130207
     0.0266 20130208
     0.0287 20130209
     0.0276 20130210
     0.0298 20130211
     0.0280 20130212
     0.0293 20130213
     0.0282 20130214
     0.0286 20130215
     0.0276 20130216
     0.0279 20130217
     0.0289 20130218
     0.0297 20130219
     0.0278 20130220
     0.0302 20130221
     0.0296 20130222
     0.0276 20130223
     0.0281 20130224
     0.0267 20130225
     0.0272 20130226
     0.0263 20130227
     0.3445 20130228
     0.4846 20130301
     0.5161 20130302
     0.4945 20130303
     0.4483 20130304
     0.4062 20130305
     0.3483 20130306
     0.2932 20130307
     0.2483 20130308
     0.2155 20130309
     0.1832 20130310
     0.1626 20130311
     0.1433 20130312
     0.1296 20130313
     0.1124 20130314
     0.1024 20130315
     0.0920 20130316
     0.0889 20130317
     0.0801 20130318
     0.0751 20130319
     0.0712 20130320
     0.0666 20130321
     0.0623 20130322
     0.0595 20130323
     0.0550 20130324
     0.0558 20130325
     0.0531 20130326
     0.0517 20130327
     0.0479 20130328
     0.0467 20130329
     0.0475 20130330
     0.0444 20130331
     0.0450 20130401
     0.0443 20130402
     0.0431 20130403
     0.0424 20130404
     0.0462 20130405
     0.0436 20130406
     0.0417 20130407
     0.0422 20130408
     0.0430 20130409
     0.0437 20130410
     0.0387 20130411
     0.0387 20130412
     0.0400 20130413
     0.0371 20130414
     0.0381 20130415
     0.0365 20130416
     0.0379 20130417
     0.0328 20130418
     0.0332 20130419
     0.0315 20130420
     0.0330 20130421
     0.0323 20130422
     0.0322 20130423
     0.0315 20130424
     0.0511 20130425
     0.0603 20130426
     0.0678 20130427
     0.2407 20130428
     0.3823 20130429
     0.5220 20130430
     0.6438 20130501
     0.7621 20130502
     0.8673 20130503
     0.9604 20130504
     1.0180 20130505
     1.0370 20130506
     1.0320 20130507
     1.0030 20130508
     0.9515 20130509
     0.8971 20130510
     0.8321 20130511
     0.7664 20130512
     0.7085 20130513
     0.6531 20130514
     0.6017 20130515
     0.5555 20130516
     0.5125 20130517
     0.4598 20130518
     0.4274 20130519
     0.3885 20130520
     0.3666 20130521
     0.3306 20130522
     0.3094 20130523
     0.2861 20130524
     0.2611 20130525
     0.2419 20130526
     0.2250 20130527
     0.2084 20130528
     0.1934 20130529
     0.1838 20130530
     0.1747 20130531
     0.1598 20130601
     0.1537 20130602
     0.1422 20130603
     0.1338 20130604
     0.1288 20130605
     0.1186 20130606
     0.1152 20130607
     0.1099 20130608
     0.0988 20130609
     0.0955 20130610
     0.0892 20130611
     0.0869 20130612
     0.0810 20130613
     0.0812 20130614
     0.0778 20130615
     0.0703 20130616
     0.0708 20130617
     0.0671 20130618
     0.0626 20130619
     0.0630 20130620
     0.0586 20130621
     0.0528 20130622
     0.0532 20130623
     0.0509 20130624
     0.0491 20130625
     0.0500 20130626
     0.0460 20130627
     0.0433 20130628
     0.0439 20130629
     0.0399 20130630
     0.0409 20130701
     0.0370 20130702
     0.0365 20130703
     0.0340 20130704
     0.0329 20130705
     0.0337 20130706
     0.0311 20130707
     0.0321 20130708
     0.0309 20130709
     0.0309 20130710
     0.0280 20130711
     0.0284 20130712
     0.0264 20130713
     0.0266 20130714
     0.0251 20130715
     0.0239 20130716
     0.0261 20130717
     0.0240 20130718
     0.0236 20130719
     0.0222 20130720
     0.0202 20130721
     0.0212 20130722
     0.0191 20130723
     0.0208 20130724
     0.0181 20130725
     0.0190 20130726
     0.0187 20130727
     0.0201 20130728
     0.0174 20130729
     0.0172 20130730
     0.0168 20130731
     0.0153 20130801
     0.0162 20130802
     0.0155 20130803
     0.0138 20130804
     0.0134 20130805
     0.0138 20130806
     0.0136 20130807
     0.0143 20130808
     0.0140 20130809
     0.0130 20130810
     0.0123 20130811
     0.0114 20130812
     0.0115 20130813
     0.0118 20130814
     0.0117 20130815
     0.0108 20130816
     0.0095 20130817
     0.0107 20130818
     0.0098 20130819
     0.0108 20130820
     0.0107 20130821
     0.0109 20130822
     0.0094 20130823
     0.0088 20130824
     0.0099 20130825
     0.0100 20130826
     0.0297 20130827
     0.0405 20130828
     0.0502 20130829
     0.0532 20130830
     0.0537 20130831
     0.0564 20130901
     0.0538 20130902
     0.0531 20130903
     0.0510 20130904
     0.0463 20130905
     0.0466 20130906
     0.0504 20130907
     0.0450 20130908
     0.0453 20130909
     0.0429 20130910
     0.0443 20130911
     0.0452 20130912
     0.0440 20130913
     0.0436 20130914
     0.0401 20130915
     0.0382 20130916
     0.0371 20130917
     0.0391 20130918
     0.0393 20130919
     0.0371 20130920
     0.0383 20130921
     0.0369 20130922
     0.0339 20130923
     0.0324 20130924
     0.0316 20130925
     0.0327 20130926
     0.0300 20130927
     0.0321 20130928
     0.0314 20130929
     0.0309 20130930
     0.0288 20131001
     0.0302 20131002
     0.0296 20131003
     0.0305 20131004
     0.0294 20131005
     0.0324 20131006
     0.0415 20131007
     0.0514 20131008
     0.0643 20131009
     0.0759 20131010
     0.0874 20131011
     0.0984 20131012
     0.1070 20131013
     0.1083 20131014
     0.1116 20131015
     0.1149 20131016
     0.1116 20131017
     0.1083 20131018
     0.1058 20131019
     0.1010 20131020
     0.0985 20131021
     0.0893 20131022
     0.0905 20131023
     0.0834 20131024
     0.0807 20131025
     0.0792 20131026
     0.0692 20131027
     0.0687 20131028
     0.0704 20131029
     0.0664 20131030
     0.0606 20131031
     0.0606 20131101
     0.0601 20131102
     0.0557 20131103
     0.0535 20131104
     0.0501 20131105
     0.0493 20131106
     0.0457 20131107
     0.0445 20131108
     0.0404 20131109
     0.0407 20131110
     0.0387 20131111
     0.0378 20131112
     0.0389 20131113
     0.0384 20131114
     0.0350 20131115
     0.0330 20131116
     0.0340 20131117
     0.0316 20131118
     0.0324 20131119
     0.0294 20131120
     0.0289 20131121
     0.0262 20131122
     0.0269 20131123
     0.0259 20131124
     0.0244 20131125
     0.0246 20131126
     0.0309 20131127
     0.0366 20131128
     0.0365 20131129
     0.0374 20131130
     0.0419 20131201
     0.0380 20131202
     0.0370 20131203
     0.0365 20131204
     0.0326 20131205
     0.0320 20131206
     0.0326 20131207
     0.0300 20131208
     0.0289 20131209
     0.0274 20131210
     0.0250 20131211
     0.0237 20131212
     0.0222 20131213
     0.0219 20131214
     0.0210 20131215
     0.0206 20131216
     0.0203 20131217
     0.0183 20131218
     0.0248 20131219
     0.0246 20131220
     0.0227 20131221
     0.0233 20131222
     0.0222 20131223
     0.0206 20131224
     0.0250 20131225
     0.0230 20131226
     0.0226 20131227
     0.0248 20131228
     0.0219 20131229
     0.0204 20131230
     0.0195 20131231
     0.0189 20140101
     0.0210 20140102
     0.0191 20140103
     0.0186 20140104
     0.0192 20140105
     0.0172 20140106
     0.0159 20140107
     0.0155 20140108
     0.0153 20140109
     0.0161 20140110
     0.0153 20140111
     0.0141 20140112
     0.0146 20140113
     0.0127 20140114
     0.0134 20140115
     0.0132 20140116
     0.0127 20140117
     0.0130 20140118
     0.0148 20140119
     0.0132 20140120
     0.0131 20140121
     0.0154 20140122
     0.0139 20140123
     0.0141 20140124
     0.0123 20140125
     0.0131 20140126
     0.0142 20140127
     0.0136 20140128
     0.0117 20140129
     0.0119 20140130
     0.0114 20140131
     0.0112 20140201
     0.0113 20140202
     0.0109 20140203
     0.0102 20140204
     0.0107 20140205
     0.0097 20140206
     0.0110 20140207
     0.0096 20140208
     0.0100 20140209
     0.0096 20140210
     0.0110 20140211
     0.0094 20140212
     0.0098 20140213
     0.0090 20140214
     0.0081 20140215
     0.0085 20140216
     0.0093 20140217
     0.0077 20140218
     0.0091 20140219
     0.0080 20140220
     0.0085 20140221
     0.0081 20140222
     0.0075 20140223
     0.0063 20140224
     0.0066 20140225
     0.0074 20140226
     0.0064 20140227
     0.0061 20140228
     0.0062 20140301
     0.0059 20140302
     0.0067 20140303
     0.0063 20140304
     0.0065 20140305
     0.0069 20140306
     0.0063 20140307
     0.0059 20140308
     0.0056 20140309
     0.0063 20140310
     0.0068 20140311
     0.0053 20140312
     0.0065 20140313
     0.0059 20140314
     0.0058 20140315
     0.0060 20140316
     0.0053 20140317
     0.0057 20140318
     0.0053 20140319
     0.0050 20140320
     0.0047 20140321
     0.0046 20140322
     0.0058 20140323
     0.0055 20140324
     0.0048 20140325
     0.0042 20140326
     0.0058 20140327
     0.0050 20140328
     0.0045 20140329
     0.0041 20140330
     0.0037 20140331
     0.0042 20140401
     0.0042 20140402
     0.0068 20140403
     0.0060 20140404
     0.0054 20140405
     0.0051 20140406
     0.0063 20140407
     0.0056 20140408
     0.0061 20140409
     0.0053 20140410
     0.0046 20140411
     0.0044 20140412
     0.0047 20140413
     0.0051 20140414
     0.0045 20140415
     0.0046 20140416
     0.0041 20140417
     0.0053 20140418
     0.0039 20140419
     0.0053 20140420
     0.0039 20140421
     0.0037 20140422
     0.0044 20140423
     0.0038 20140424
     0.0039 20140425
     0.0034 20140426
     0.0048 20140427
     0.0043 20140428
     0.0039 20140429
     0.0039 20140430
     0.0039 20140501
     0.0042 20140502
     0.0038 20140503
     0.0038 20140504
     0.0034 20140505
     0.0033 20140506
     0.0035 20140507
     0.0035 20140508
     0.0037 20140509
     0.0033 20140510
     0.0036 20140511
     0.0034 20140512
     0.0031 20140513
     0.0031 20140514
     0.0040 20140515
     0.0031 20140516
     0.0034 20140517
     0.0031 20140518
     0.0032 20140519
     0.0041 20140520
     0.0037 20140521
     0.0033 20140522
     0.0029 20140523
     0.0038 20140524
     0.0033 20140525
     0.0026 20140526
     0.0032 20140527
     0.0028 20140528
     0.0026 20140529
     0.0024 20140530
     0.0022 20140531
     0.0027 20140601
     0.0027 20140602
     0.0035 20140603
     0.0031 20140604
     0.0028 20140605
     0.0026 20140606
     0.0025 20140607
     0.0029 20140608
     0.0026 20140609
     0.0028 20140610
     0.0029 20140611
     0.0029 20140612
     0.0026 20140613
     0.0027 20140614
     0.0024 20140615
     0.0025 20140616
     0.0022 20140617
     0.0021 20140618
     0.0026 20140619
     0.0020 20140620
     0.0028 20140621
     0.0022 20140622
     0.0021 20140623
     0.0034 20140624
     0.0027 20140625
     0.0028 20140626
     0.0030 20140627
     0.0033 20140628
     0.0029 20140629
     0.0030 20140630
     0.0036 20140701
     0.0029 20140702
     0.0031 20140703
     0.0029 20140704
     0.0032 20140705
     0.0029 20140706
     0.0032 20140707
     0.0039 20140708
     0.0036 20140709
     0.0031 20140710
     0.0028 20140711
     0.0028 20140712
     0.0030 20140713
     0.0029 20140714
     0.0027 20140715
     0.0035 20140716
     0.0030 20140717
     0.0028 20140718
     0.0026 20140719
     0.0029 20140720
     0.0028 20140721
     0.0027 20140722
     0.0030 20140723
     0.0028 20140724
     0.0031 20140725
     0.0030 20140726
     0.0025 20140727
     0.0026 20140728
     0.0022 20140729
     0.0019 20140730
     0.0025 20140731
     0.0022 20140801
     0.0023 20140802
     0.0026 20140803
     0.0026 20140804
     0.0022 20140805
     0.0020 20140806
     0.0024 20140807
     0.0024 20140808
     0.0023 20140809
     0.0019 20140810
     0.0018 20140811
     0.0017 20140812
     0.0022 20140813
     0.0020 20140814
     0.0024 20140815
     0.0019 20140816
     0.0018 20140817
     0.0016 20140818
     0.0019 20140819
     0.0017 20140820
     0.0025 20140821
     0.0024 20140822
     0.0016 20140823
     0.0023 20140824
     0.0021 20140825
     0.0018 20140826
     0.0016 20140827
     0.0015 20140828
     0.0018 20140829
     0.0025 20140830
     0.0023 20140831
     0.0018 20140901
     0.0016 20140902
     0.0015 20140903
     0.0015 20140904
     0.0014 20140905
     0.0013 20140906
     0.0024 20140907
     0.0022 20140908
     0.0019 20140909
     0.0017 20140910
     0.0016 20140911
     0.0015 20140912
     0.0014 20140913
     0.0022 20140914
     0.0020 20140915
     0.0018 20140916
     0.0017 20140917
     0.0016 20140918
     0.0017 20140919
     0.0016 20140920
     0.0015 20140921
     0.0028 20140922
     0.0020 20140923
     0.0023 20140924
     0.0024 20140925
     3.6710 20140926
     3.3190 20140927
     2.3290 20140928
     3.3230 20140929
     3.0290 20140930
     3.1360 20141001
    18.2100 20141002
     6.0570 20141003
     5.8820 20141004
     5.1880 20141005
     4.4270 20141006
     3.7140 20141007
     3.0960 20141008
     2.5940 20141009
     2.1670 20141010
     1.8320 20141011
     1.5610 20141012
     1.3400 20141013
     1.1920 20141014
     1.0340 20141015
     0.9103 20141016
     0.8043 20141017
     0.7123 20141018
     0.6340 20141019
     0.5688 20141020
     0.5108 20141021
     0.4628 20141022
     0.4258 20141023
     0.3881 20141024
     0.3540 20141025
     0.3279 20141026
     0.2994 20141027
     0.2794 20141028
     0.2528 20141029
     0.2406 20141030
     0.2234 20141031
     0.2080 20141101
     0.1916 20141102
     0.1778 20141103
     0.1773 20141104
     0.1670 20141105
     0.1581 20141106
     0.1471 20141107
     0.1431 20141108
     0.1344 20141109
     0.1274 20141110
     0.1206 20141111
     0.1148 20141112
     0.1093 20141113
     0.1080 20141114
     0.1002 20141115
     0.0996 20141116
     0.0916 20141117
     0.0908 20141118
     0.0878 20141119
     0.0807 20141120
     0.0802 20141121
     0.0763 20141122
     0.0726 20141123
     0.0721 20141124
     0.0676 20141125
     0.0703 20141126
     0.0676 20141127
     0.0627 20141128
     0.0636 20141129
     0.0633 20141130
     0.0621 20141201
     0.0590 20141202
     0.0599 20141203
     0.0698 20141204
     0.0675 20141205
     0.0698 20141206
     0.0684 20141207
     0.0681 20141208
     0.0644 20141209
     0.0667 20141210
     0.0609 20141211
     0.0592 20141212
     0.0590 20141213
     0.0635 20141214
     0.0587 20141215
     0.0609 20141216
     0.0591 20141217
     0.0540 20141218
     0.0524 20141219
     0.0536 20141220
     0.0497 20141221
     0.0509 20141222
     0.0479 20141223
     0.0474 20141224
     0.0440 20141225
     0.0452 20141226
     0.0438 20141227
     0.0420 20141228
     0.0397 20141229
     0.0384 20141230
     0.0388 20141231
     0.0392 20150101
     0.0382 20150102
     0.0388 20150103
     0.0369 20150104
     0.0347 20150105
     0.0327 20150106
     0.0314 20150107
     0.0331 20150108
     0.0315 20150109
     0.0304 20150110
     0.0298 20150111
     0.0297 20150112
     0.0277 20150113
     0.0263 20150114
     0.0271 20150115
     0.0259 20150116
     0.0234 20150117
     0.0256 20150118
     0.0283 20150119
     0.0237 20150120
     0.0247 20150121
     0.0249 20150122
     0.0245 20150123
     0.0244 20150124
     0.0231 20150125
     0.0249 20150126
     0.0233 20150127
     0.0219 20150128
     0.0208 20150129
     0.0193 20150130
     0.0208 20150131
     0.0187 20150201
     0.0209 20150202
     0.0196 20150203
     0.0188 20150204
     0.0183 20150205
     0.0190 20150206
     0.0173 20150207
     0.0180 20150208
     0.0163 20150209
     0.0174 20150210
     0.0155 20150211
     0.0167 20150212
     0.0145 20150213
     0.0164 20150214
     0.0142 20150215
     0.0155 20150216
     0.0152 20150217
     0.0138 20150218
     0.0136 20150219
     0.0138 20150220
     0.0144 20150221
     0.0150 20150222
     0.0136 20150223
     0.0137 20150224
     0.0138 20150225
     0.0145 20150226
     0.0131 20150227
     0.0142 20150228
     0.0128 20150301
     0.0136 20150302
     0.0127 20150303
     0.0121 20150304
     0.0129 20150305
     0.0121 20150306
     0.0138 20150307
     0.0134 20150308
     0.0120 20150309
     0.0122 20150310
     0.0107 20150311
     0.0108 20150312
     0.0096 20150313
     0.0102 20150314
     0.0100 20150315
     0.0105 20150316
     0.0095 20150317
     0.0097 20150318
     0.0115 20150319
     0.0100 20150320
     0.0126 20150321
     0.0115 20150322
     0.0122 20150323
     0.0153 20150324
     0.0135 20150325
     0.0129 20150326
     0.0129 20150327
     0.0137 20150328
     0.0146 20150329
     0.0137 20150330
     0.0141 20150331
     0.0122 20150401
     0.0125 20150402
     0.0120 20150403
     0.0129 20150404
     0.0131 20150405
     0.0113 20150406
     0.0122 20150407
     0.0118 20150408
     0.0118 20150409
     0.0114 20150410
     0.0107 20150411
     0.0103 20150412
     0.0109 20150413
     0.0107 20150414
     0.0128 20150415
     0.0122 20150416
     0.0119 20150417
     0.0124 20150418
     0.0116 20150419
     0.0112 20150420
     0.0113 20150421
     0.0107 20150422
     0.0122 20150423
     0.0126 20150424
     0.0114 20150425
     0.0116 20150426
     0.0106 20150427
     0.0104 20150428
     0.0095 20150429
     0.0104 20150430
     0.0097 20150501
     0.0100 20150502
     0.0111 20150503
     0.0107 20150504
     0.0102 20150505
     0.0087 20150506
     0.0100 20150507
     0.0098 20150508
     0.0095 20150509
     0.0097 20150510
     0.0092 20150511
     0.0092 20150512
     0.0083 20150513
     0.0083 20150514
     0.0085 20150515
     0.0090 20150516
     0.0090 20150517
     0.0083 20150518
     0.0074 20150519
     0.0085 20150520
     0.0090 20150521
     0.0092 20150522
     0.0075 20150523
     0.0084 20150524
     0.0071 20150525
     0.0083 20150526
     0.0083 20150527
     0.0074 20150528
     0.0070 20150529
     0.0072 20150530
     0.0069 20150531
     0.0072 20150601
     0.0070 20150602
     0.0081 20150603
     0.0088 20150604
     0.0085 20150605
     0.0072 20150606
     0.0076 20150607
     0.0071 20150608
     0.0073 20150609
     0.0059 20150610
     0.0070 20150611
     0.0069 20150612
     0.0057 20150613
     0.0066 20150614
     0.0056 20150615
     0.0064 20150616
     0.0056 20150617
     0.0067 20150618
     0.0063 20150619
     0.0057 20150620
     0.0053 20150621
     0.0061 20150622
     0.0049 20150623
     0.0056 20150624
     0.0055 20150625
     0.0045 20150626
     0.0043 20150627
     0.0050 20150628
     0.0054 20150629
     0.0050 20150630
     0.0053 20150701
     0.0051 20150702
     0.0044 20150703
     0.0043 20150704
     0.0043 20150705
     0.0038 20150706
     0.0042 20150707
     0.0041 20150708
     0.0049 20150709
     0.0051 20150710
     0.0045 20150711
     0.0038 20150712
     0.0046 20150713
     0.0039 20150714
     0.0049 20150715
     0.0043 20150716
     0.0051 20150717
     0.0040 20150718
     0.0044 20150719
     0.0037 20150720
     0.0048 20150721
     0.0039 20150722
     0.0039 20150723
     0.0044 20150724
     0.0044 20150725
     0.0038 20150726
     0.0039 20150727
     0.0037 20150728
     0.0049 20150729
     0.0042 20150730
     0.0047 20150731
     0.0046 20150801
     0.0044 20150802
     0.0040 20150803
     0.0037 20150804
     0.0038 20150805
     0.0032 20150806
     0.0030 20150807
     0.0032 20150808
     0.0038 20150809
     0.0037 20150810
     0.0040 20150811
     0.0038 20150812
     0.0035 20150813
     0.0031 20150814
     0.0045 20150815
     0.0031 20150816
     0.0042 20150817
     0.0033 20150818
     0.0034 20150819
     0.0034 20150820
     0.0029 20150821
     0.0033 20150822
     0.0035 20150823
     0.0040 20150824
     0.0040 20150825
     0.0029 20150826
     0.0027 20150827
     0.0036 20150828
     0.0032 20150829
     0.0032 20150830
     0.0028 20150831
     0.0026 20150901
     0.0034 20150902
     0.0030 20150903
     0.0026 20150904
     0.0053 20150905
    12.9000 20150906
     7.8940 20150907
     6.3320 20150908
     4.8350 20150909
     4.1230 20150910
     3.6130 20150911
     3.1760 20150912
     2.7840 20150913
     2.4360 20150914
     2.1280 20150915
     1.8520 20150916
     1.6220 20150917
     1.4120 20150918
     1.2520 20150919
     1.1090 20150920
     0.9868 20150921
     0.8751 20150922
     0.7822 20150923
     0.7048 20150924
     0.6285 20150925
     0.5679 20150926
     0.5405 20150927
     0.4996 20150928
     0.4832 20150929
     0.4587 20150930
     0.4416 20151001
     0.4379 20151002
     0.4375 20151003
     0.4289 20151004
     0.4252 20151005
     0.4223 20151006
     0.4192 20151007
     0.4154 20151008
     0.4021 20151009
     0.3912 20151010
     0.3713 20151011
     0.3574 20151012
     0.3429 20151013
     0.3253 20151014
     0.3026 20151015
     0.2842 20151016
     0.2691 20151017
     0.2563 20151018
     0.2881 20151019
     0.2924 20151020
     0.2854 20151021
     0.2689 20151022
     0.2530 20151023
     0.2422 20151024
     0.2388 20151025
     0.2214 20151026
     0.2011 20151027
     0.1884 20151028
     0.1812 20151029
     0.1650 20151030
     0.1568 20151031
     0.1521 20151101
     0.2504 20151102
     0.3111 20151103
     0.3650 20151104
     0.4187 20151105
     0.4537 20151106
     0.4868 20151107
     0.5005 20151108
     0.5034 20151109
     0.4938 20151110
     0.4799 20151111
     0.4634 20151112
     0.4419 20151113
     0.4197 20151114
     0.3932 20151115
     0.3693 20151116
     0.3453 20151117
     0.3278 20151118
     0.3048 20151119
     0.2887 20151120
     0.2676 20151121
     0.2505 20151122
     0.2354 20151123
     0.2242 20151124
     0.2073 20151125
     0.1937 20151126
     0.1817 20151127
     0.1671 20151128
     0.1615 20151129
     0.1536 20151130
     0.1436 20151201
     0.1331 20151202
     0.1300 20151203
     0.1226 20151204
     0.1172 20151205
     0.1062 20151206
     0.1020 20151207
     0.0974 20151208
     0.0948 20151209
     0.0972 20151210
     0.0887 20151211
     0.0866 20151212
     0.0816 20151213
     0.0772 20151214
     0.0732 20151215
     0.0702 20151216
     0.0683 20151217
     0.0637 20151218
     0.0640 20151219
     0.0601 20151220
     0.0549 20151221
     0.0527 20151222
     0.0516 20151223
     0.0491 20151224
     0.0485 20151225
     0.0467 20151226
     0.0434 20151227
     0.0434 20151228
     0.0393 20151229
     0.0392 20151230
     0.0392 20151231
     0.0373 20160101
     0.0366 20160102
     0.0322 20160103
     0.0343 20160104
     0.0314 20160105
     0.0324 20160106
     0.0313 20160107
     0.0304 20160108
     0.0304 20160109
     0.0283 20160110
     0.0262 20160111
     0.0252 20160112
     0.0253 20160113
     0.0253 20160114
     0.0288 20160115
     0.0254 20160116
     0.0259 20160117
     0.0249 20160118
     0.0242 20160119
     0.0239 20160120
     0.0239 20160121
     0.0226 20160122
     0.0210 20160123
     0.0198 20160124
     0.0190 20160125
     0.0199 20160126
     0.0198 20160127
     0.0202 20160128
     0.0190 20160129
     0.0175 20160130
     0.0188 20160131
     0.0172 20160201
     0.0176 20160202
     0.0179 20160203
     0.0164 20160204
     0.0182 20160205
     0.0175 20160206
     0.0190 20160207
     0.0192 20160208
     0.0216 20160209
     0.0222 20160210
     0.0242 20160211
     0.0262 20160212
     0.0290 20160213
     0.0334 20160214
     0.0385 20160215
     0.0404 20160216
     0.0466 20160217
     0.0499 20160218
     0.0539 20160219
     0.0561 20160220
     0.0605 20160221
     0.0633 20160222
     0.0681 20160223
     0.0701 20160224
     0.0686 20160225
     0.0718 20160226
     0.0684 20160227
     0.0691 20160228
     0.0688 20160229
     0.0693 20160301
     0.0687 20160302
     0.0678 20160303
     0.0646 20160304
     0.0625 20160305
     0.0602 20160306
     0.0615 20160307
     0.0569 20160308
     0.0581 20160309
     0.0556 20160310
     0.0520 20160311
     0.0489 20160312
     0.0486 20160313
     0.0472 20160314
     0.0468 20160315
     0.0444 20160316
     0.0421 20160317
     0.0402 20160318
     0.0400 20160319
     0.0374 20160320
     0.0570 20160321
     0.0570 20160322
     0.0580 20160323
     0.0541 20160324
     0.0558 20160325
     0.0512 20160326
     0.0534 20160327
     0.0497 20160328
     0.0465 20160329
     0.0449 20160330
     0.0426 20160331
     0.0413 20160401
     0.0389 20160402
     0.0362 20160403
     0.0364 20160404
     0.0520 20160405
     0.0541 20160406
     0.0533 20160407
     0.0525 20160408
     0.0503 20160409
     0.0480 20160410
     0.0449 20160411
     0.0455 20160412
     0.0411 20160413
     0.0384 20160414
     0.0375 20160415
     0.0377 20160416
     0.0338 20160417
     0.0328 20160418
     0.0325 20160419
     0.0292 20160420
     0.0277 20160421
     0.0280 20160422
     0.0279 20160423
     0.0247 20160424
     0.0259 20160425
     0.0232 20160426
     0.0224 20160427
     0.0211 20160428
     0.0198 20160429
     0.0202 20160430
     0.0209 20160501
     0.0186 20160502
     0.0200 20160503
     0.0188 20160504
     0.0191 20160505
     0.0186 20160506
     0.0201 20160507
     0.0187 20160508
     0.0164 20160509
     0.0164 20160510
     0.0162 20160511
     0.0168 20160512
     0.0146 20160513
     0.0161 20160514
     0.0143 20160515
     0.0148 20160516
     0.0133 20160517
     0.0150 20160518
     0.0130 20160519
     0.0148 20160520
     0.0138 20160521
     0.0125 20160522
     0.0122 20160523
     0.0129 20160524
     0.0130 20160525
     0.0121 20160526
     0.0123 20160527
     0.0117 20160528
     0.0112 20160529
     0.0105 20160530
     0.0109 20160531
     0.0095 20160601
     0.0106 20160602
     0.0106 20160603
     0.0095 20160604
     0.0100 20160605
     0.0101 20160606
     0.0093 20160607
     0.0096 20160608
     0.0104 20160609
     0.0096 20160610
     0.0083 20160611
     0.0091 20160612
     0.0081 20160613
     0.0092 20160614
     0.0093 20160615
     0.0075 20160616
     0.0088 20160617
     0.0073 20160618
     0.0078 20160619
     0.0077 20160620
     0.0080 20160621
     0.0077 20160622
     0.0062 20160623
     0.0068 20160624
     0.0072 20160625
     0.0071 20160626
     0.0066 20160627
     0.0056 20160628
     0.0057 20160629
     0.0065 20160630
     0.0054 20160701
     0.0061 20160702
     0.0059 20160703
     0.0053 20160704
     0.0053 20160705
     0.0061 20160706
     0.0050 20160707
     0.0055 20160708
     0.0045 20160709
     0.0051 20160710
     0.0051 20160711
     0.0052 20160712
     0.0045 20160713
     0.0055 20160714
     0.0046 20160715
     0.0058 20160716
     0.0048 20160717
     0.0050 20160718
     0.0052 20160719
     0.0043 20160720
     0.0050 20160721
     0.0042 20160722
     0.0037 20160723
     0.0045 20160724
     0.0039 20160725
     0.0051 20160726
     0.0049 20160727
     0.0044 20160728
     0.0041 20160729
     0.0039 20160730
     0.0043 20160731
     0.0040 20160801
     0.0045 20160802
     0.0042 20160803
     0.0037 20160804
     0.0045 20160805
     0.0040 20160806
     0.0040 20160807
     0.0037 20160808
     0.0033 20160809
     0.0030 20160810
     0.0037 20160811
     0.0039 20160812
     0.0033 20160813
     0.0038 20160814
     0.0032 20160815
     0.0035 20160816
     0.0030 20160817
     0.0039 20160818
     0.0035 20160819
     0.0031 20160820
     0.0029 20160821
     0.0038 20160822
     0.0034 20160823
     0.0035 20160824
     0.0031 20160825
     0.0028 20160826
     0.0026 20160827
     0.0023 20160828
     0.0033 20160829
     0.0029 20160830
     0.0026 20160831
     0.0026 20160901
     0.0023 20160902
     0.0024 20160903
     0.0022 20160904
     0.0020 20160905
     0.0027 20160906
     0.0024 20160907
     0.0022 20160908
     0.0020 20160909
     0.0018 20160910
     0.0017 20160911
     0.0016 20160912
     0.0023 20160913
     0.0021 20160914
     0.0025 20160915
     0.0021 20160916
     0.0019 20160917
     0.0017 20160918
     0.0016 20160919
     0.0015 20160920
     0.0014 20160921
     0.0022 20160922
     0.0020 20160923
     0.0018 20160924
     0.0016 20160925
     0.0015 20160926
     0.0014 20160927
     0.0029 20160928
     0.0030 20160929
     0.0028 20160930
     0.0029 20161001
     0.0026 20161002
     0.0029 20161003
     0.0032 20161004
     0.0034 20161005
     0.0031 20161006
     0.0034 20161007
     0.0035 20161008
     0.0028 20161009
     0.0037 20161010
     0.0030 20161011
     0.0033 20161012
     0.0052 20161013
     0.0053 20161014
     0.0054 20161015
     0.0046 20161016
     0.0049 20161017
     0.0068 20161018
     0.0072 20161019
     0.0072 20161020
     0.0059 20161021
     0.0060 20161022
     0.0062 20161023
     0.0065 20161024
     0.0061 20161025
     0.0075 20161026
     0.0064 20161027
     0.0075 20161028
     0.0066 20161029
     0.0063 20161030
     0.0061 20161031
     0.0059 20161101
     0.0067 20161102
     0.0062 20161103
     0.0069 20161104
     0.0072 20161105
     0.0057 20161106
     0.0066 20161107
     0.0061 20161108
     0.0059 20161109
     0.0057 20161110
     0.0056 20161111
     0.0056 20161112
     0.0048 20161113
     0.0043 20161114
     0.0048 20161115
     0.0051 20161116
     0.0050 20161117
     0.0045 20161118
     0.0043 20161119
     0.0041 20161120
     0.0047 20161121
     0.0037 20161122
     0.0162 20161123
     0.0214 20161124
     0.0265 20161125
     0.0284 20161126
     0.0318 20161127
     0.0327 20161128
     0.0345 20161129
     0.0360 20161130
     0.0391 20161201
     0.0412 20161202
     0.0434 20161203
     0.0550 20161204
     0.0583 20161205
     0.0627 20161206
     0.0698 20161207
     0.0763 20161208
     0.0943 20161209
     0.1092 20161210
     0.1304 20161211
     0.1526 20161212
     0.1820 20161213
     0.2070 20161214
     0.2364 20161215
     0.2588 20161216
     3.3920 20161217
   281.6000 20161218
    62.4400 20161219
    18.9500 20161220
    14.9500 20161221
     9.1330 20161222
     8.5290 20161223
     7.3480 20161224
     6.2590 20161225
     5.2900 20161226
     4.4520 20161227
     3.7640 20161228
     3.1870 20161229
     2.7070 20161230
     2.3110 20161231
     1.9940 20170101
     1.7320 20170102
     1.5010 20170103
     1.3240 20170104
     1.1740 20170105
     1.0460 20170106
     0.9465 20170107
     0.8538 20170108
     0.7770 20170109
     0.7157 20170110
     0.6562 20170111
     0.6190 20170112
     0.5827 20170113
     0.5553 20170114
     0.5265 20170115
     0.5005 20170116
     0.4909 20170117
     0.6573 20170118
     1.7820 20170119
     2.0240 20170120
     2.0910 20170121
     2.0880 20170122
     2.0490 20170123
     1.9820 20170124
     1.9120 20170125
     1.8200 20170126
     1.7090 20170127
     1.6030 20170128
     1.5020 20170129
     1.4040 20170130
     1.3110 20170131
     1.2260 20170201
     1.1520 20170202
     1.0820 20170203
     1.0410 20170204
     0.9926 20170205
     0.9551 20170206
     0.9276 20170207
     0.9023 20170208
     0.8822 20170209
     0.8588 20170210
     0.8301 20170211
     0.8072 20170212
     0.7827 20170213
     0.7681 20170214
     0.7369 20170215
     0.7056 20170216
     0.6818 20170217
     0.6462 20170218
     0.6237 20170219
     0.5841 20170220
     0.5573 20170221
     0.5282 20170222
     0.5052 20170223
     0.4809 20170224
     0.4536 20170225
     0.4039 20170226
     0.3754 20170227
     0.3475 20170228
     0.3303 20170301
     0.3212 20170302
     0.3039 20170303
     0.2925 20170304
     0.2772 20170305
     0.2619 20170306
     0.2476 20170307
     0.2364 20170308
     0.2259 20170309
     0.2112 20170310
     0.1988 20170311
     0.1851 20170312
     0.2652 20170313
     0.3217 20170314
     0.3444 20170315
     0.3656 20170316
     0.3730 20170317
     0.3785 20170318
     0.3886 20170319
     0.4023 20170320
     0.4111 20170321
     0.4211 20170322
     0.4308 20170323
     0.4283 20170324
     0.4247 20170325
     0.4192 20170326
     0.4085 20170327
     0.3925 20170328
     0.3770 20170329
     0.3613 20170330
     0.3414 20170331
     0.3255 20170401
     0.3072 20170402
     0.2902 20170403
     0.2716 20170404
     0.2553 20170405
     0.2394 20170406
     0.2262 20170407
     0.2106 20170408
     0.2032 20170409
     0.1886 20170410
     0.1759 20170411
     0.1655 20170412
     0.1570 20170413
     0.1457 20170414
     0.1425 20170415
     0.1325 20170416
     0.1276 20170417
     0.1180 20170418
     0.1155 20170419
     0.1071 20170420
     0.1020 20170421
     0.0968 20170422
     0.0940 20170423
     0.0907 20170424
     0.0849 20170425
     0.0824 20170426
     0.0782 20170427
     0.0731 20170428
     0.0697 20170429
     0.0674 20170430
     0.0675 20170501
     0.0617 20170502
     0.0620 20170503
     0.0553 20170504
     0.0543 20170505
     0.0547 20170506
     0.0511 20170507
     0.0493 20170508
     0.0468 20170509
     0.0442 20170510
     0.0433 20170511
     0.0408 20170512
     0.0398 20170513
     0.0403 20170514
     0.0399 20170515
     0.0383 20170516
     0.0329 20170517
     0.0345 20170518
     0.0310 20170519
     0.0316 20170520
     0.0315 20170521
     0.0286 20170522
     0.0300 20170523
     0.0261 20170524
     0.0252 20170525
     0.0257 20170526
     0.0250 20170527
     0.0266 20170528
     0.0245 20170529
     0.0234 20170530
     0.0223 20170531
     0.0205 20170601
     0.0200 20170602
     0.0191 20170603
     0.0199 20170604
     0.0206 20170605
     0.0198 20170606
     0.0174 20170607
     0.0175 20170608
     0.0168 20170609
     0.0162 20170610
     0.0146 20170611
     0.0161 20170612
     0.0155 20170613
     0.0139 20170614
     0.0148 20170615
     0.0142 20170616
     0.0148 20170617
     0.0137 20170618
     0.0143 20170619
     0.0134 20170620
     0.0142 20170621
     0.0122 20170622
     0.0116 20170623
     0.0114 20170624
     0.0114 20170625
     0.0109 20170626
     0.0104 20170627
     0.0110 20170628
     0.0106 20170629
     0.0099 20170630
     0.0117 20170701
     0.0127 20170702
     0.0136 20170703
     0.0125 20170704
     0.0129 20170705
     0.0150 20170706
     0.0164 20170707
     0.0175 20170708
     0.0176 20170709
     0.0197 20170710
     0.0210 20170711
     0.0225 20170712
     0.0220 20170713
     0.0231 20170714
     0.0217 20170715
     0.0252 20170716
     0.0239 20170717
     0.0269 20170718
     0.0268 20170719
     0.0256 20170720
     0.0270 20170721
     0.0267 20170722
     0.0265 20170723
     0.0290 20170724
     0.0251 20170725
     0.0265 20170726
     0.0262 20170727
     0.0258 20170728
     0.0240 20170729
     0.0241 20170730
     0.0238 20170731
     0.0241 20170801
     0.0228 20170802
     0.0216 20170803
     0.0197 20170804
     0.0197 20170805
     0.0204 20170806
     0.0182 20170807
     0.0190 20170808
     0.0183 20170809
     0.0194 20170810
     0.0186 20170811
     0.0173 20170812
     0.0163 20170813
     0.0159 20170814
     0.0161 20170815
     0.0141 20170816
     0.0149 20170817
     0.0158 20170818
     0.0152 20170819
     0.0137 20170820
     0.0150 20170821
     0.0129 20170822
     0.0147 20170823
     0.0145 20170824
     0.0132 20170825
     0.0111 20170826
     0.0107 20170827
     0.0110 20170828
     0.0485 20170829
     0.0741 20170830
     0.0920 20170831
     0.1032 20170901
     0.1130 20170902
     0.1171 20170903
     0.1232 20170904
     0.1177 20170905
     0.1163 20170906
     0.1152 20170907
     0.1141 20170908
     0.1074 20170909
     0.1063 20170910
     0.1036 20170911
     0.0971 20170912
     0.0956 20170913
     0.0937 20170914
     0.0884 20170915
     0.0895 20170916
     0.0864 20170917
     0.0868 20170918
     0.0864 20170919
     0.0814 20170920
     0.0824 20170921
     0.0790 20170922
     0.0784 20170923
     0.0760 20170924
     0.0729 20170925
     0.0721 20170926
     0.0684 20170927
     0.0679 20170928
     0.0702 20170929
     0.0673 20170930
     0.0653 20171001
     0.0600 20171002
     0.0601 20171003
     0.0579 20171004
     0.0592 20171005
     0.0552 20171006
     0.0518 20171007
     0.0510 20171008
     0.0494 20171009
     0.0469 20171010
     0.0450 20171011
     0.0458 20171012
     0.0426 20171013
     0.0412 20171014
     0.0389 20171015
     0.0388 20171016
     0.0393 20171017
     0.0392 20171018
     0.0396 20171019
     0.0365 20171020
     0.0387 20171021
     0.0329 20171022
     0.0333 20171023
     0.0339 20171024
     0.0326 20171025
     0.0323 20171026
     0.0308 20171027
     0.0271 20171028
     0.0274 20171029
     0.0270 20171030
     0.0267 20171031
     0.0240 20171101
     0.0239 20171102
     0.0246 20171103
     0.0240 20171104
     0.0233 20171105
     0.0225 20171106
     0.0196 20171107
     0.0212 20171108
     0.0192 20171109
     0.0184 20171110
     0.0198 20171111
     0.0178 20171112
     0.0192 20171113
     0.0170 20171114
     0.0165 20171115
     0.0171 20171116
     0.0156 20171117
     0.0161 20171118
     0.0157 20171119
     0.0140 20171120
     0.0143 20171121
     0.0143 20171122
     0.0140 20171123
     0.0128 20171124
     0.0131 20171125
     0.0122 20171126
     0.0126 20171127
     0.0123 20171128
     0.0130 20171129
     0.0133 20171130
     0.0133 20171201
     0.0125 20171202
     0.0127 20171203
     0.0120 20171204
     0.0129 20171205
     0.0115 20171206
     0.0126 20171207
     0.0116 20171208
     0.0119 20171209
     0.0106 20171210
     0.0111 20171211
     0.0107 20171212
     0.0095 20171213
     0.0104 20171214
     0.0088 20171215
     0.0097 20171216
     0.0099 20171217
     0.0099 20171218
     0.0091 20171219
     0.0098 20171220
     0.0083 20171221
     0.0075 20171222
     0.0090 20171223
     0.0073 20171224
     0.0071 20171225
     0.0076 20171226
     0.0081 20171227
     0.0083 20171228
     0.0068 20171229
     0.0076 20171230
     0.0069 20171231
     0.0062 20180101
     0.0064 20180102
     0.0069 20180103
     0.0074 20180104
     0.0067 20180105
     0.0063 20180106
     0.0064 20180107
     0.0057 20180108
     0.0063 20180109
     0.0075 20180110
     0.0065 20180111
     0.0058 20180112
     0.0071 20180113
     0.0058 20180114
     0.0070 20180115
     0.0069 20180116
     0.0069 20180117
     0.0065 20180118
     0.0066 20180119
     0.0064 20180120
     0.0071 20180121
     0.0059 20180122
     0.0061 20180123
     0.0064 20180124
     0.0062 20180125
     0.0056 20180126
     0.0080 20180127
     0.0393 20180128
     0.0625 20180129
     0.0811 20180130
     0.1024 20180131
     0.1228 20180201
     0.1507 20180202
     0.1616 20180203
     0.1752 20180204
     0.1885 20180205
     0.1999 20180206
     0.2057 20180207
     0.2103 20180208
     0.2138 20180209
     0.2211 20180210
     0.2187 20180211
     0.2192 20180212
     0.2171 20180213
     0.2149 20180214
     0.2056 20180215
     0.2041 20180216
     0.1944 20180217
     0.1897 20180218
     0.1780 20180219
     0.1695 20180220
     0.1635 20180221
     0.1603 20180222
     0.1497 20180223
     0.1444 20180224
     0.1388 20180225
     0.1296 20180226
     0.1270 20180227
     0.1219 20180228
     0.1150 20180301
     0.1071 20180302
     0.1012 20180303
     0.1010 20180304
     0.0996 20180305
     0.0922 20180306
     0.0903 20180307
     0.0841 20180308
     0.0816 20180309
     0.0793 20180310
     0.0749 20180311
     0.0692 20180312
     0.0715 20180313
     0.0622 20180314
     0.0624 20180315
     0.0580 20180316
     0.0542 20180317
     0.0529 20180318
     0.0543 20180319
     0.0520 20180320
     0.0472 20180321
     0.0470 20180322
     0.0433 20180323
     0.0456 20180324
     0.0403 20180325
     0.0396 20180326
     0.0391 20180327
     0.0393 20180328
     0.0378 20180329
     0.0326 20180330
     0.0337 20180331
     0.0307 20180401
     0.0318 20180402
     0.0307 20180403
     0.0294 20180404
     0.0286 20180405
     0.0276 20180406
     0.0271 20180407
     0.0265 20180408
     0.0247 20180409
     0.0263 20180410
     0.0243 20180411
     0.0236 20180412
     0.0226 20180413
     0.0206 20180414
     0.0200 20180415
     0.0198 20180416
     0.0195 20180417
     0.0185 20180418
     0.0183 20180419
     0.0183 20180420
     0.0157 20180421
     0.0162 20180422
     0.0161 20180423
     0.0156 20180424
     0.0164 20180425
     0.0156 20180426
     0.0144 20180427
     0.0140 20180428
     0.0157 20180429
     0.0146 20180430
     0.0133 20180501
     0.0133 20180502
     0.0140 20180503
     0.0139 20180504
     0.0122 20180505
     0.0116 20180506
     0.0106 20180507
     0.0120 20180508
     0.0125 20180509
     0.0116 20180510
     0.0109 20180511
     0.0118 20180512
     0.0110 20180513
     0.0116 20180514
     0.0112 20180515
     0.0112 20180516
     0.0112 20180517
     0.0103 20180518
     0.0104 20180519
     0.0107 20180520
     0.0097 20180521
     0.0098 20180522
     0.0089 20180523
     0.0083 20180524
     0.0096 20180525
     0.0081 20180526
     0.0093 20180527
     0.0081 20180528
     0.0079 20180529
     0.0080 20180530
     0.0075 20180531
     0.0083 20180601
     0.0117 20180602
     0.0095 20180603
     0.0104 20180604
     0.0107 20180605
     0.0130 20180606
     0.0127 20180607
     0.0132 20180608
     0.0127 20180609
     0.0129 20180610
     0.0135 20180611
     0.0136 20180612
     0.0155 20180613
     0.0146 20180614
     0.0144 20180615
     0.0146 20180616
     0.0166 20180617
     0.0157 20180618
     0.0153 20180619
     0.0152 20180620
     0.0175 20180621
     0.0158 20180622
     0.0152 20180623
     0.0173 20180624
     0.0152 20180625
     0.0175 20180626
     0.0156 20180627
     0.0162 20180628
     0.0164 20180629
     0.0167 20180630
     0.0180 20180701
     0.0174 20180702
     0.0183 20180703
     0.0180 20180704
     0.0179 20180705
     0.0181 20180706
     0.0191 20180707
     0.0179 20180708
     0.0196 20180709
     0.0190 20180710
     0.0189 20180711
     0.0185 20180712
     0.0193 20180713
     0.0183 20180714
     0.0202 20180715
     0.0192 20180716
     0.0188 20180717
     0.0184 20180718
     0.0174 20180719
     0.0170 20180720
     0.0186 20180721
     0.0168 20180722
     0.0173 20180723
     0.0184 20180724
     0.0174 20180725
     0.0179 20180726
     0.0157 20180727
     0.0162 20180728
     0.0158 20180729
     0.0165 20180730
     0.0159 20180731
     0.0141 20180801
     0.0141 20180802
     0.0147 20180803
     0.0146 20180804
     0.0143 20180805
     0.0142 20180806
     0.0128 20180807
     0.0142 20180808
     0.0138 20180809
     0.0122 20180810
     0.0142 20180811
     0.0132 20180812
     0.0117 20180813
     0.0126 20180814
     0.0119 20180815
     0.0128 20180816
     0.0113 20180817
     0.0111 20180818
     0.0101 20180819
     0.0109 20180820
     0.0112 20180821
     0.0094 20180822
     0.0104 20180823
     0.0094 20180824
     0.0098 20180825
     0.0086 20180826
     0.0094 20180827
     0.0080 20180828
     0.0083 20180829
     0.0077 20180830
     0.0076 20180831
     0.0091 20180901
     0.0077 20180902
     0.0074 20180903
     0.0079 20180904
     0.0077 20180905
     0.0085 20180906
     0.0069 20180907
     0.0087 20180908
     0.0071 20180909
     0.0084 20180910
     0.0069 20180911
     0.0071 20180912
     0.0096 20180913
     0.0109 20180914
     1.7580 20180915
     1.9850 20180916
     1.6830 20180917
     1.3740 20180918
     1.1240 20180919
     0.9108 20180920
     0.7356 20180921
     0.5919 20180922
     0.4839 20180923
     0.3972 20180924
     0.3348 20180925
     0.2909 20180926
     0.2467 20180927
     0.2079 20180928
     0.1839 20180929
     0.1619 20180930
     0.1407 20181001
     0.1297 20181002
     0.1161 20181003
     0.1059 20181004
     0.0935 20181005
     0.0870 20181006
     0.0771 20181007
     0.0724 20181008
     0.0669 20181009
     0.0651 20181010
     0.0604 20181011
     0.0560 20181012
     0.0537 20181013
     0.2500 20181014
     0.3394 20181015
     0.3676 20181016
     0.3526 20181017
     0.3380 20181018
     0.3284 20181019
     0.3171 20181020
     0.2941 20181021
     0.2740 20181022
     0.2544 20181023
     0.2287 20181024
     0.2136 20181025
     0.1974 20181026
     0.1771 20181027
     0.1602 20181028
     0.1491 20181029
     0.1491 20181030
     0.1523 20181031
     0.1341 20181101
     0.1262 20181102
     0.1172 20181103
     0.1075 20181104
     0.1006 20181105
     0.0947 20181106
     0.0852 20181107
     0.0808 20181108
     0.0722 20181109
     0.0719 20181110
     0.0626 20181111
     0.0597 20181112
     0.0678 20181113
     0.0826 20181114
     0.4588 20181115
     0.8862 20181116
     1.3180 20181117
     2.6400 20181118
     4.1660 20181119
     5.1930 20181120
     5.5880 20181121
     5.4750 20181122
     5.0700 20181123
     4.5260 20181124
     3.9730 20181125
     3.4370 20181126
     2.9530 20181127
     2.5390 20181128
     2.1970 20181129
     1.8950 20181130
     1.6460 20181201
     1.4350 20181202
     1.2630 20181203
     1.1120 20181204
     0.9863 20181205
     0.8829 20181206
     0.7966 20181207
     0.7094 20181208
     0.6400 20181209
     0.5800 20181210
     0.5228 20181211
     0.4784 20181212
     0.4406 20181213
     0.4019 20181214
     0.3675 20181215
     0.3396 20181216
     0.3131 20181217
     0.2917 20181218
     0.2707 20181219
     0.2545 20181220
     0.2354 20181221
     0.2160 20181222
     0.2039 20181223
     0.1923 20181224
     0.1784 20181225
     0.1729 20181226
     0.1579 20181227
     0.1489 20181228
     0.1562 20181229
     0.1453 20181230
     0.1335 20181231
     0.1280 20190101
     0.1201 20190102
     0.1154 20190103
     0.1155 20190104
     0.1045 20190105
     0.1034 20190106
     0.0984 20190107
     0.0920 20190108
     0.0896 20190109
     0.0870 20190110
     0.0815 20190111
     0.0812 20190112
     0.0775 20190113
     0.0731 20190114
     0.0716 20190115
     0.0687 20190116
     0.0681 20190117
     0.0639 20190118
     0.0636 20190119
     0.0653 20190120
     0.0631 20190121
     0.0637 20190122
     0.0658 20190123
     0.0643 20190124
     0.0656 20190125
     0.0668 20190126
     0.0683 20190127
     0.0681 20190128
     0.0719 20190129
     0.0736 20190130
     0.0725 20190131
     0.0753 20190201
     0.0804 20190202
     0.0822 20190203
     0.0822 20190204
     0.0842 20190205
     0.0829 20190206
     0.0858 20190207
     0.0883 20190208
     0.0896 20190209
     0.0902 20190210
     0.0937 20190211
     0.0917 20190212
     0.0943 20190213
     0.0941 20190214
     0.0927 20190215
     0.0955 20190216
     0.0992 20190217
     0.1016 20190218
     0.1037 20190219
     0.1059 20190220
     0.1059 20190221
     0.1057 20190222
     0.1073 20190223
     0.1120 20190224
     0.1078 20190225
     0.1131 20190226
     0.1116 20190227
     0.1055 20190228
     0.1079 20190301
     0.1059 20190302
     0.1018 20190303
     0.0981 20190304
     0.0986 20190305
     0.0942 20190306
     0.0916 20190307
     0.0867 20190308
     0.0877 20190309
     0.0847 20190310
     0.0792 20190311
     0.0785 20190312
     0.0717 20190313
     0.0705 20190314
     0.0656 20190315
     0.0642 20190316
     0.0621 20190317
     0.0623 20190318
     0.0577 20190319
     0.0554 20190320
     0.0549 20190321
     0.0532 20190322
     0.0512 20190323
     0.0482 20190324
     0.0473 20190325
     0.0435 20190326
     0.0415 20190327
     0.0408 20190328
     0.0378 20190329
     0.0381 20190330
     0.0468 20190331
     0.0475 20190401
     0.0483 20190402
     0.0486 20190403
     0.0518 20190404
     0.0547 20190405
     0.0543 20190406
     0.0560 20190407
     0.0572 20190408
     0.0578 20190409
     0.0568 20190410
     0.0569 20190411
     0.0580 20190412
     0.0566 20190413
     0.0528 20190414
     0.0522 20190415
     0.0616 20190416
     0.1509 20190417
     0.3481 20190418
     6.2880 20190419
    51.5600 20190420
     7.2270 20190421
     7.2020 20190422
     7.1090 20190423
     6.6890 20190424
     6.0630 20190425
     5.3260 20190426
     4.6170 20190427
     3.9660 20190428
     3.3950 20190429
     2.9030 20190430
     2.4850 20190501
     2.1510 20190502
     1.8570 20190503
     1.6180 20190504
     1.4250 20190505
     1.2590 20190506
     1.1130 20190507
     0.9895 20190508
     0.8920 20190509
     0.8026 20190510
     0.7257 20190511
     0.6678 20190512
     0.6136 20190513
     0.5608 20190514
     0.5205 20190515
     0.4834 20190516
     0.4539 20190517
     0.4291 20190518
     0.3996 20190519
     0.3759 20190520
     0.3582 20190521
     0.3350 20190522
     0.3184 20190523
     0.3040 20190524
     0.2878 20190525
     0.2724 20190526
     0.2583 20190527
     0.2455 20190528
     0.2321 20190529
     0.2142 20190530
     0.2033 20190531
     0.1885 20190601
     0.1793 20190602
     0.1681 20190603
     0.1593 20190604
     0.1539 20190605
     0.1432 20190606
     0.1399 20190607
     0.1309 20190608
     0.1213 20190609
     0.1169 20190610
     0.1098 20190611
     0.1069 20190612
     0.0986 20190613
     0.0979 20190614
     0.0927 20190615
     0.0836 20190616
     0.0806 20190617
     0.0814 20190618
     0.0737 20190619
     0.0693 20190620
     0.0698 20190621
     0.0676 20190622
     0.0644 20190623
     0.0616 20190624
     0.0601 20190625
     0.0556 20190626
     0.0541 20190627
     0.0502 20190628
     0.0497 20190629
     0.0467 20190630
     0.0465 20190701
     0.0449 20190702
     0.0430 20190703
     0.0401 20190704
     0.0390 20190705
     0.0391 20190706
     0.0383 20190707
     0.0351 20190708
     0.0315 20190709
     0.0323 20190710
     0.0332 20190711
     0.0311 20190712
     0.0319 20190713
     0.0299 20190714
     0.0306 20190715
     0.0265 20190716
     0.0253 20190717
     0.0271 20190718
     0.0243 20190719
     0.0242 20190720
     0.0258 20190721
     0.0254 20190722
     0.0242 20190723
     0.0227 20190724
     0.0239 20190725
     0.0216 20190726
     0.0212 20190727
     0.0192 20190728
     0.0210 20190729
     0.0198 20190730
     0.0195 20190731
     0.0189 20190801
     0.0189 20190802
     0.0175 20190803
     0.0181 20190804
     0.0175 20190805
     0.0174 20190806
     0.0143 20190807
     0.0167 20190808
     0.0159 20190809
     0.0139 20190810
     0.0156 20190811
     0.0157 20190812
     0.0149 20190813
     0.0146 20190814
     0.0126 20190815
     0.0130 20190816
     0.0121 20190817
     0.0116 20190818
     0.0115 20190819
     0.0124 20190820
     0.0129 20190821
     0.0117 20190822
     0.0115 20190823
     0.0133 20190824
     0.0131 20190825
     0.0151 20190826
     0.0203 20190827
     0.0207 20190828
     0.0206 20190829
     0.0219 20190830
     0.0236 20190831
     0.0244 20190901
     0.0251 20190902
     0.0249 20190903
     0.0236 20190904
     0.0247 20190905
     0.0288 20190906
     0.0273 20190907
     0.0273 20190908
     0.0454 20190909
     0.4362 20190910
     3.8510 20190911
   153.2000 20190912
   122.8000 20190913
    26.9400 20190914
    18.9900 20190915
    10.8600 20190916
     9.8370 20190917
     8.2780 20190918
     6.9310 20190919
     5.7800 20190920
     4.8520 20190921
     4.0630 20190922
     3.4130 20190923
     2.8970 20190924
     2.4720 20190925
     2.1220 20190926
     1.8430 20190927
     1.6020 20190928
     1.4100 20190929
     1.2440 20190930
     1.1110 20191001
     0.9939 20191002
     0.8949 20191003
     0.8178 20191004
     0.7388 20191005
     0.6782 20191006
     0.6228 20191007
     0.5719 20191008
     0.5317 20191009
     0.4891 20191010
     0.4659 20191011
     0.4283 20191012
     0.4007 20191013
     0.3775 20191014
     0.3563 20191015
     0.3297 20191016
     0.3049 20191017
     0.2853 20191018
     0.2808 20191019
     0.2723 20191020
     0.2775 20191021
     0.4533 20191022
     0.5259 20191023
     0.5484 20191024
     0.5414 20191025
     0.5165 20191026
     0.4938 20191027
     0.4669 20191028
     0.4385 20191029
     0.4142 20191030
     0.3893 20191031
     0.3653 20191101
     0.3492 20191102
     0.3274 20191103
     0.3097 20191104
     0.2999 20191105
     0.2806 20191106
     0.2668 20191107
     0.2498 20191108
     0.2337 20191109
     0.2281 20191110
     0.2171 20191111
     0.1990 20191112
     0.1917 20191113
     0.1801 20191114
     0.1729 20191115
     0.1663 20191116
     0.1551 20191117
     0.1505 20191118
     0.1429 20191119
     0.1360 20191120
     0.1309 20191121
     0.1250 20191122
     0.1176 20191123
     0.1134 20191124
     0.1100 20191125
     0.1011 20191126
     0.0993 20191127
     0.0967 20191128
     0.0972 20191129
     0.1069 20191130
     0.1244 20191201
     0.3336 20191202
     6.2480 20191203
     5.2000 20191204
     4.4310 20191205
     3.8400 20191206
     3.3760 20191207
     2.9440 20191208
     2.5850 20191209
     2.2460 20191210
     1.9620 20191211
     1.7180 20191212
     1.5130 20191213
     1.3330 20191214
     1.1790 20191215
     1.0580 20191216
     0.9342 20191217
     0.8458 20191218
     0.7534 20191219
     0.6838 20191220
     0.6200 20191221
     0.5674 20191222
     0.5249 20191223
     0.4805 20191224
     0.4378 20191225
     0.4037 20191226
     0.3787 20191227
     0.3466 20191228
     0.3169 20191229
     0.2961 20191230
     0.2780 20191231
     0.2664 20200101
     0.2581 20200102
     0.2433 20200103
     0.2350 20200104
     0.2307 20200105
     0.2166 20200106
     0.2133 20200107
     0.2082 20200108
     0.2034 20200109
     0.1971 20200110
     0.1908 20200111
     0.1870 20200112
     0.1895 20200113
     0.1881 20200114
     0.1838 20200115
     0.1854 20200116
     0.1837 20200117
     0.1839 20200118
     0.1938 20200119
     0.2304 20200120
     0.4188 20200121
     0.8448 20200122
     1.4250 20200123
     1.9440 20200124
     2.3140 20200125
     2.4970 20200126
     2.5330 20200127
     2.4730 20200128
     2.3540 20200129
     2.2080 20200130
     2.0630 20200131
     1.9390 20200201
     1.8310 20200202
     1.7310 20200203
     1.6640 20200204
     1.6050 20200205
     1.5480 20200206
     1.5080 20200207
     1.4760 20200208
     1.4560 20200209
     1.4420 20200210
     1.4310 20200211
     1.4310 20200212
     1.4130 20200213
     1.4050 20200214
     1.3950 20200215
     1.3780 20200216
     1.3670 20200217
     1.3480 20200218
     1.3070 20200219
     1.2520 20200220
     1.1830 20200221
     1.0950 20200222
     1.0040 20200223
     0.9222 20200224
     0.8443 20200225
     0.7661 20200226
     0.6595 20200227
     0.5966 20200228
     0.5311 20200229
     0.4788 20200301
     0.4395 20200302
     0.4083 20200303
     0.3766 20200304
     0.3454 20200305
     0.3291 20200306
     0.3030 20200307
     0.2866 20200308
     0.2751 20200309
     0.2579 20200310
     0.2464 20200311
     0.2317 20200312
     0.2183 20200313
     0.2096 20200314
     0.1945 20200315
     0.1920 20200316
     0.1787 20200317
     0.1662 20200318
     0.1647 20200319
     0.1551 20200320
     0.1500 20200321
     0.1527 20200322
     0.1834 20200323
    77.5900 20200324
     5.7140 20200325
     8.1000 20200326
     8.2290 20200327
     8.0050 20200328
     7.4210 20200329
     6.6940 20200330
     5.9030 20200331
     5.1810 20200401
     4.5640 20200402
     4.0160 20200403
     3.5820 20200404
     3.2270 20200405
     2.9270 20200406
     2.6850 20200407
     2.4930 20200408
     2.3280 20200409
     2.1980 20200410
     2.1060 20200411
     2.0220 20200412
     1.9390 20200413
     1.8800 20200414
     1.8210 20200415
     1.7680 20200416
     1.7170 20200417
     1.6830 20200418
     1.7330 20200419
     1.7700 20200420
     1.7910 20200421
     1.7810 20200422
     1.7160 20200423
     1.6080 20200424
     1.4730 20200425
     1.3380 20200426
     1.2160 20200427
     1.0830 20200428
     0.9819 20200429
     0.8763 20200430
     0.7910 20200501
     0.7095 20200502
     0.6431 20200503
     0.5931 20200504
     0.5378 20200505
     0.4913 20200506
     0.4541 20200507
     0.4146 20200508
     0.3821 20200509
     0.3618 20200510
     0.3345 20200511
     0.3066 20200512
     0.2950 20200513
     0.2889 20200514
     0.2795 20200515
     0.2701 20200516
     0.2625 20200517
     0.2511 20200518
     0.2426 20200519
     0.2326 20200520
     0.2199 20200521
     0.2086 20200522
     0.2026 20200523
     0.1929 20200524
     0.1783 20200525
     0.1698 20200526
     0.1649 20200527
     0.1559 20200528
     0.1430 20200529
     0.1416 20200530
     0.1294 20200531
     0.1267 20200601
     0.1184 20200602
     0.1143 20200603
     0.1119 20200604
     0.1082 20200605
     0.0977 20200606
     0.0970 20200607
     0.2751 20200608
     0.6226 20200609
     1.0210 20200610
     1.2970 20200611
     1.3950 20200612
     1.3740 20200613
     1.2990 20200614
     1.1850 20200615
     1.0610 20200616
     0.9432 20200617
     0.8387 20200618
     0.7498 20200619
     0.6630 20200620
     0.5971 20200621
     0.5361 20200622
     0.4760 20200623
     0.4319 20200624
     0.3950 20200625
     0.3571 20200626
     0.3272 20200627
     0.2987 20200628
     0.2729 20200629
     0.2580 20200630
     0.2397 20200701
     0.2246 20200702
     0.2073 20200703
     0.1890 20200704
     0.1825 20200705
     0.1677 20200706
     0.1582 20200707
     0.1493 20200708
     0.1452 20200709
     0.1326 20200710
     0.1266 20200711
     0.1210 20200712
     0.1130 20200713
     0.1089 20200714
     0.1010 20200715
     0.0983 20200716
     0.0970 20200717
     0.0907 20200718
     0.0877 20200719
     0.0798 20200720
     0.0795 20200721
     0.0724 20200722
     0.0721 20200723
     0.0673 20200724
     0.0678 20200725
     0.0631 20200726
     0.0598 20200727
     0.0576 20200728
     0.0556 20200729
     0.0529 20200730
     0.0509 20200731
     0.0502 20200801
     0.0483 20200802
     0.0458 20200803
     0.0453 20200804
     0.0425 20200805
     0.0396 20200806
     0.0418 20200807
     0.0377 20200808
     0.0383 20200809
     0.0346 20200810
     0.0356 20200811
     0.0318 20200812
     0.0308 20200813
     0.0309 20200814
     0.0327 20200815
     0.0299 20200816
     0.0307 20200817
     0.0285 20200818
     0.0274 20200819
     0.0268 20200820
     0.0263 20200821
     0.0259 20200822
     0.0243 20200823
     0.0239 20200824
     0.0243 20200825
     0.0234 20200826
     0.0214 20200827
     0.0196 20200828
     0.0240 20200829
     0.0217 20200830
     0.0196 20200831
     0.0207 20200901
     0.0188 20200902
     0.0193 20200903
     0.0187 20200904
     0.0189 20200905
     0.0197 20200906
     0.0192 20200907
     0.0163 20200908
     0.0159 20200909
     0.0153 20200910
     0.0165 20200911
     0.0146 20200912
     0.0146 20200913
     0.0149 20200914
     0.0154 20200915
     0.0131 20200916
     0.0131 20200917
     0.0146 20200918
     0.0134 20200919
     0.0143 20200920
     0.0124 20200921
     0.0137 20200922
     0.0121 20200923
     0.0123 20200924
     0.0115 20200925
     0.0124 20200926
     0.0117 20200927
     0.0102 20200928
     0.0105 20200929
     0.0097 20200930
     0.0108 20201001
     0.0111 20201002
     0.0092 20201003
     0.0104 20201004
     0.0085 20201005
     0.0085 20201006
     0.0101 20201007
     0.0077 20201008
     0.0090 20201009
     0.0088 20201010
     0.0075 20201011
     0.0082 20201012
     0.0077 20201013
     0.0078 20201014
     0.0066 20201015
     0.0074 20201016
     0.0079 20201017
     0.0061 20201018
     0.0066 20201019
     0.0063 20201020
     0.0062 20201021
     0.0064 20201022
     0.0071 20201023
     0.0072 20201024
     0.0068 20201025
     0.0061 20201026
     0.0068 20201027
     0.0055 20201028
     0.0066 20201029
     0.0058 20201030
     0.0065 20201031
     0.0057 20201101
     0.0057 20201102
     0.0056 20201103
     0.0056 20201104
     0.0048 20201105
     0.0051 20201106
     0.0050 20201107
     0.0053 20201108
     0.0058 20201109
     0.0052 20201110
     0.0051 20201111
     0.0051 20201112
     0.0046 20201113
     0.0042 20201114
     0.0038 20201115
     0.0047 20201116
     0.0042 20201117
     0.0039 20201118
     0.0051 20201119
     0.0045 20201120
     0.0041 20201121
     0.0036 20201122
     0.0045 20201123
     0.0038 20201124
     0.0040 20201125
     0.0039 20201126
     0.0055 20201127
     0.0040 20201128
     0.0042 20201129
     0.0042 20201130
     0.0039 20201201
     0.0044 20201202
     0.0042 20201203
     0.0036 20201204
     0.0042 20201205
     0.0041 20201206
     0.0043 20201207
     0.0043 20201208
     0.0038 20201209
     0.0040 20201210
     0.0039 20201211
     0.0039 20201212
     0.0042 20201213
     0.0043 20201214
     0.0038 20201215
     0.0039 20201216
     0.0039 20201217
     0.0036 20201218
     0.0050 20201219
     0.0036 20201220
     0.0049 20201221
     0.0044 20201222
     0.0041 20201223
     0.0036 20201224
     0.0036 20201225
     0.0035 20201226
     0.0044 20201227
     0.0042 20201228
     0.0040 20201229
     0.0043 20201230
     0.0036 20201231
     0.0039 20210101
     0.0039 20210102
     0.0039 20210103
     0.0036 20210104
     0.0039 20210105
     0.0035 20210106
     0.0049 20210107
     0.0067 20210108
     0.0079 20210109
     0.0103 20210110
     0.0110 20210111
     0.0124 20210112
     0.0139 20210113
     0.0162 20210114
     0.0191 20210115
     0.0200 20210116
     0.0242 20210117
     0.0265 20210118
     0.0290 20210119
     0.0323 20210120
     0.0333 20210121
     0.0370 20210122
     0.0394 20210123
     0.0406 20210124
     0.0405 20210125
     0.0456 20210126
     0.0488 20210127
     0.0475 20210128
     0.0504 20210129
     0.0506 20210130
     0.0527 20210131
     0.0554 20210201
     0.0524 20210202
     0.0541 20210203
     0.0541 20210204
     0.0551 20210205
     0.0551 20210206
     0.0518 20210207
     0.0530 20210208
     0.0515 20210209
     0.0511 20210210
     0.0534 20210211
     0.0527 20210212
     0.0500 20210213
     0.0452 20210214
     0.0454 20210215
     0.0464 20210216
     0.0450 20210217
     0.0453 20210218
     0.0422 20210219
     0.0409 20210220
     0.0393 20210221
     0.0380 20210222
     0.0376 20210223
     0.0386 20210224
     0.0331 20210225
     0.0353 20210226
     0.0312 20210227
     0.0312 20210228
     0.0328 20210301
     0.0299 20210302
     0.0297 20210303
     0.0271 20210304
     0.0263 20210305
     0.0306 20210306
     0.1410 20210307
     0.5502 20210308
     1.2490 20210309
     1.9810 20210310
     2.5020 20210311
     2.7610 20210312
     2.8180 20210313
     2.7210 20210314
     2.5480 20210315
     2.3400 20210316
     2.1310 20210317
     1.9430 20210318
     1.7690 20210319
     1.6240 20210320
     1.4760 20210321
     1.3680 20210322
     1.2680 20210323
     1.1850 20210324
     1.1080 20210325
     1.0480 20210326
     0.9812 20210327
     0.9415 20210328
     0.8892 20210329
     0.8557 20210330
     0.8058 20210331
     0.7780 20210401
     0.7315 20210402
     0.7023 20210403
     0.6525 20210404
     0.6117 20210405
     0.5617 20210406
     0.5108 20210407
     0.4722 20210408
     0.4487 20210409
     0.4127 20210410
     0.3834 20210411
     0.3477 20210412
     0.3196 20210413
     0.2991 20210414
     0.2825 20210415
     0.2625 20210416
     0.2492 20210417
     0.2346 20210418
     0.2224 20210419
     0.2097 20210420
     0.2036 20210421
     0.2752 20210422
     0.3890 20210423
     0.5364 20210424
     0.6842 20210425
     0.7998 20210426
     0.8658 20210427
     0.8979 20210428
     0.8925 20210429
     0.8701 20210430
     0.8363 20210501
     0.7977 20210502
     0.7687 20210503
     0.7282 20210504
     0.6949 20210505
     0.6729 20210506
     0.6436 20210507
     0.6262 20210508
     0.6141 20210509
     0.6038 20210510
     0.6037 20210511
     0.5942 20210512
     0.5986 20210513
     0.5944 20210514
     0.5942 20210515
     0.6007 20210516
     0.6008 20210517
     0.5990 20210518
     0.5986 20210519
     0.5976 20210520
     0.5837 20210521
     0.5735 20210522
     2.1740 20210523
     4.3900 20210524
     6.0350 20210525
     6.6660 20210526
     6.4870 20210527
     5.8950 20210528
     5.1560 20210529
     4.4220 20210530
     3.7630 20210531
     3.1970 20210601
     2.7280 20210602
     2.3290 20210603
     2.0110 20210604
     1.7700 20210605
     1.5440 20210606
     1.3590 20210607
     1.2100 20210608
     1.0780 20210609
     0.9676 20210610
     0.8719 20210611
     0.7955 20210612
     0.7269 20210613
     0.6582 20210614
     0.5936 20210615
     0.5480 20210616
     0.4981 20210617
     0.4617 20210618
     0.4231 20210619
     0.3922 20210620
     0.3619 20210621
     0.3348 20210622
     0.3143 20210623
     0.2927 20210624
     0.2695 20210625
     0.2555 20210626
     0.2407 20210627
     0.2279 20210628
     0.2116 20210629
     0.1975 20210630
     0.1876 20210701
     0.1816 20210702
     0.1711 20210703
     0.1642 20210704
     0.1554 20210705
     0.1428 20210706
     0.1404 20210707
     0.1332 20210708
     0.1262 20210709
     0.1183 20210710
     0.1139 20210711
     0.1108 20210712
     0.1011 20210713
     0.1012 20210714
     0.0928 20210715
     0.0893 20210716
     0.0899 20210717
     0.0812 20210718
     0.0794 20210719
     0.0758 20210720
     0.0734 20210721
     0.0714 20210722
     0.0666 20210723
     0.0679 20210724
     0.0625 20210725
     0.0624 20210726
     0.0586 20210727
     0.0572 20210728
     0.0558 20210729
     0.0517 20210730
     0.0493 20210731
     0.0493 20210801
     0.0457 20210802
     0.0447 20210803
     0.0456 20210804
     0.0438 20210805
     0.0392 20210806
     0.0379 20210807
     0.0388 20210808
     0.0387 20210809
     0.0372 20210810
     0.0342 20210811
     0.0345 20210812
     0.0318 20210813
     0.0323 20210814
     0.0309 20210815
     0.0318 20210816
     0.0280 20210817
     0.0279 20210818
     0.0252 20210819
     0.0253 20210820
     0.0257 20210821
     0.0248 20210822
     0.0249 20210823
     0.0246 20210824
     0.0230 20210825
     0.0230 20210826
     0.0208 20210827
     0.0191 20210828
     0.0205 20210829
     0.0202 20210830
     0.0189 20210831
     0.0196 20210901
     0.0189 20210902
     0.0182 20210903
     0.0171 20210904
     0.0175 20210905
     0.0157 20210906
     0.0152 20210907
     0.0150 20210908
     0.0159 20210909
     0.0138 20210910
     0.0150 20210911
     0.0137 20210912
     0.0146 20210913
     0.0127 20210914
     0.0133 20210915
     0.0127 20210916
     0.0116 20210917
     0.0120 20210918
     0.0115 20210919
     0.0137 20210920
     0.0257 20210921
     0.0775 20210922
     0.2033 20210923
     0.3930 20210924
     0.5728 20210925
     0.7118 20210926
     0.7836 20210927
     0.7965 20210928
     0.7726 20210929
     0.7249 20210930
     0.6668 20211001
     0.6074 20211002
     0.5494 20211003
     0.4917 20211004
     0.4428 20211005
     0.4027 20211006
     0.3614 20211007
     0.3249 20211008
     0.2891 20211009
     0.2674 20211010
     0.2352 20211011
     0.2165 20211012
     0.1991 20211013
     0.1801 20211014
     0.1682 20211015
     0.1516 20211016
     0.1410 20211017
     0.1302 20211018
     0.1229 20211019
     0.1143 20211020
     0.1026 20211021
     0.1143 20211022
     0.1326 20211023
     0.1626 20211024
     0.1992 20211025
     0.2687 20211026
     0.3483 20211027
     0.4075 20211028
     0.4483 20211029
     0.4644 20211030
     0.4610 20211031
     0.4407 20211101
     0.4190 20211102
     0.3908 20211103
     0.3586 20211104
     0.3389 20211105
     0.3078 20211106
     0.2801 20211107
     0.2577 20211108
     0.2368 20211109
     0.2208 20211110
     0.1985 20211111
     0.1833 20211112
     0.1698 20211113
     0.1555 20211114
     0.1445 20211115
     0.1345 20211116
     0.1337 20211117
     0.1287 20211118
     0.1214 20211119
     0.2605 20211120
     0.4986 20211121
     0.7271 20211122
     0.8602 20211123
     0.8884 20211124
     0.8499 20211125
     0.7827 20211126
     0.7031 20211127
     0.6170 20211128
     0.5442 20211129
     0.4805 20211130
     0.4242 20211201
     0.3747 20211202
     0.3364 20211203
     0.2931 20211204
     0.2671 20211205
     0.2406 20211206
     0.2186 20211207
     0.2003 20211208
     0.1825 20211209
     0.1681 20211210
     0.1579 20211211
     0.1441 20211212
     0.1335 20211213
     0.1242 20211214
     0.1216 20211215
     0.1120 20211216
     0.1053 20211217
     0.0997 20211218
     0.0931 20211219
     0.0911 20211220
     0.0834 20211221
     0.0796 20211222
     0.0716 20211223
     0.0719 20211224
     0.0669 20211225
     0.0663 20211226
     0.0619 20211227
     0.0584 20211228
     0.0576 20211229
     0.0548 20211230
     0.0521 20211231
     0.0524 20220101
     0.0493 20220102
     0.0478 20220103
     0.0478 20220104
     0.0460 20220105
     0.0417 20220106
     0.0415 20220107
     0.0408 20220108
     0.0389 20220109
     0.0390 20220110
     0.0379 20220111
     0.0387 20220112
     0.0361 20220113
     0.0371 20220114
     0.0361 20220115
     0.0340 20220116
     0.0326 20220117
     0.0327 20220118
     0.0327 20220119
     0.0317 20220120
     0.0309 20220121
     0.0292 20220122
     0.0304 20220123
     0.0294 20220124
     0.0328 20220125
     0.0324 20220126
     0.0321 20220127
     0.0334 20220128
     0.0335 20220129
     0.0348 20220130
     0.0332 20220131
     0.0321 20220201
     0.0336 20220202
     0.0361 20220203
     0.0360 20220204
     0.0396 20220205
     0.0427 20220206
     0.0472 20220207
     0.0522 20220208
     0.0610 20220209
     0.0668 20220210
     0.0790 20220211
     0.0875 20220212
     0.1019 20220213
     0.1160 20220214
     0.1318 20220215
     0.1474 20220216
     0.1592 20220217
     0.1768 20220218
     0.1893 20220219
     0.2040 20220220
     0.2192 20220221
     0.2309 20220222
     0.2328 20220223
     0.2308 20220224
     0.2336 20220225
     0.2237 20220226
     0.2177 20220227
     0.2114 20220228
     0.2013 20220301
     0.1914 20220302
     0.1855 20220303
     0.1808 20220304
     0.1778 20220305
     0.1698 20220306
     0.1672 20220307
     0.1637 20220308
     0.1664 20220309
     0.1690 20220310
     0.1735 20220311
     0.1836 20220312
     0.1934 20220313
     0.2035 20220314
     0.2173 20220315
     0.2477 20220316
     0.3006 20220317
     0.3754 20220318
     0.4522 20220319
     0.5338 20220320
     0.6103 20220321
     0.6830 20220322
     0.8770 20220323
     1.1330 20220324
     1.4440 20220325
     1.7370 20220326
     1.9520 20220327
     2.1160 20220328
     2.2110 20220329
     2.3080 20220330
     2.3540 20220331
     2.3940 20220401
     2.4260 20220402
     2.4740 20220403
     2.5330 20220404
     3.1770 20220405
     3.9410 20220406
     4.5530 20220407
     4.8870 20220408
     5.0190 20220409
     5.0010 20220410
     4.9230 20220411
     4.7730 20220412
     4.6430 20220413
     4.5090 20220414
     4.3730 20220415
     4.2490 20220416
     4.1390 20220417
     4.0240 20220418
     3.9220 20220419
     3.8650 20220420
     3.7560 20220421
     3.5110 20220422
     3.2340 20220423
     2.9330 20220424
     2.6080 20220425
     2.2740 20220426
     1.9650 20220427
     1.7210 20220428
     1.5120 20220429
     1.3520 20220430
     1.2210 20220501
     1.1020 20220502
     1.0070 20220503
     1.1290 20220504
     1.3110 20220505
     1.4970 20220506
     1.6540 20220507
     1.7620 20220508
     1.8160 20220509
     1.8550 20220510
     1.8610 20220511
     1.8500 20220512
     1.8360 20220513
     1.8050 20220514
     1.7720 20220515
     1.7330 20220516
     1.6990 20220517
     1.6580 20220518
     1.6150 20220519
     1.5660 20220520
     1.5080 20220521
     1.4390 20220522
     1.3600 20220523
     1.2570 20220524
     1.1610 20220525
     1.0680 20220526
     0.9620 20220527
     0.8542 20220528
     0.7681 20220529
     0.6906 20220530
     0.6284 20220531
     0.5646 20220601
     0.5120 20220602
     0.4608 20220603
     0.4232 20220604
     0.3782 20220605
     0.3493 20220606
     0.3142 20220607
     0.2927 20220608
     0.2700 20220609
     0.2482 20220610
     0.2342 20220611
     0.2175 20220612
     0.1963 20220613
     0.1894 20220614
     0.1718 20220615
     0.1603 20220616
     0.1560 20220617
     0.1448 20220618
     0.1341 20220619
     0.1260 20220620
     0.1193 20220621
     0.1154 20220622
     0.1076 20220623
     0.1019 20220624
     0.0982 20220625
     0.0935 20220626
     0.0883 20220627
     0.0853 20220628
     0.0809 20220629
     0.0761 20220630
     0.0727 20220701
     0.0711 20220702
     0.0701 20220703
     0.0625 20220704
     0.0606 20220705
     0.0617 20220706
     0.0585 20220707
     0.0548 20220708
     0.0522 20220709
     0.0529 20220710
     0.0473 20220711
     0.0476 20220712
     0.0451 20220713
     0.0439 20220714
     0.0395 20220715
     0.0402 20220716
     0.0380 20220717
     0.0389 20220718
     0.0391 20220719
     0.0334 20220720
     0.0330 20220721
     0.0312 20220722
     0.0317 20220723
     0.0314 20220724
     0.0323 20220725
     0.0276 20220726
     0.0267 20220727
     0.0264 20220728
     0.0264 20220729
     0.0256 20220730
     0.0237 20220731
     0.0240 20220801
     0.0260 20220802
     0.0218 20220803
     0.0223 20220804
     0.0210 20220805
     0.0191 20220806
     0.0191 20220807
     0.0229 20220808
     0.0219 20220809
     0.0204 20220810
     0.0206 20220811
     0.0195 20220812
     0.0185 20220813
     0.0190 20220814
     0.0182 20220815
     0.0174 20220816
     0.0186 20220817
     0.0180 20220818
     0.0150 20220819
     0.0150 20220820
     0.0147 20220821
     0.0145 20220822
     0.0142 20220823
     0.0136 20220824
     0.0140 20220825
     0.0137 20220826
     0.0122 20220827
     0.0135 20220828
     0.0122 20220829
     0.0131 20220830
     0.0118 20220831
     0.0122 20220901
     0.0125 20220902
     0.0116 20220903
     0.0105 20220904
     0.0108 20220905
     0.0106 20220906
     0.0093 20220907
     0.0110 20220908
     0.0092 20220909
     0.0097 20220910
     0.0091 20220911
     0.0081 20220912
     0.0073 20220913
     0.0087 20220914
     0.0075 20220915
     0.0085 20220916
     0.0074 20220917
     0.0067 20220918
     0.0076 20220919
     0.0074 20220920
     0.0065 20220921
     0.0072 20220922
     0.0062 20220923
     0.0072 20220924
     0.1428 20220925
     0.6781 20220926
     1.4240 20220927
     2.0290 20220928
     2.3520 20220929
     2.4410 20220930
     2.3750 20221001
     2.1990 20221002
     2.0050 20221003
     1.7800 20221004
     1.5860 20221005
     1.5050 20221006
     1.4180 20221007
     1.3210 20221008
     1.2110 20221009
     1.1700 20221010
     1.1400 20221011
     1.1020 20221012
     1.0490 20221013
     0.9910 20221014
     0.9169 20221015
     0.8442 20221016
     0.7728 20221017
     0.7012 20221018
     0.6336 20221019
     0.5789 20221020
     0.5260 20221021
     0.4754 20221022
     0.4365 20221023
     0.3958 20221024
     0.3672 20221025
     0.3341 20221026
     0.3080 20221027
     0.2854 20221028
     0.2611 20221029
     0.2374 20221030
     0.2244 20221031
     0.2096 20221101
     0.1956 20221102
     0.1804 20221103
     0.1694 20221104
     0.1592 20221105
     0.1477 20221106
     0.1420 20221107
     0.1319 20221108
     0.1269 20221109
     0.1184 20221110
     0.1115 20221111
     0.1074 20221112
     0.1009 20221113
     0.0931 20221114
     0.0887 20221115
     0.0863 20221116
     0.0825 20221117
     0.0841 20221118
     0.0842 20221119
     0.0848 20221120
     0.0880 20221121
     0.0937 20221122
     0.0917 20221123
     0.0950 20221124
     0.0935 20221125
     0.0975 20221126
     0.1000 20221127
     0.1000 20221128
     0.1012 20221129
     0.0989 20221130
     0.0997 20221201
     0.0960 20221202
     0.0879 20221203
     0.0808 20221204
     0.0760 20221205
     0.0722 20221206
     0.0654 20221207
     0.0584 20221208
     0.0572 20221209
     0.0546 20221210
     0.0538 20221211
     0.0467 20221212
     0.0449 20221213
     0.0428 20221214
     0.0422 20221215
     0.0384 20221216
     0.0398 20221217
     0.0384 20221218
     0.0362 20221219
     0.0382 20221220
     0.0357 20221221
     0.0382 20221222
     0.0357 20221223
     0.0370 20221224
     0.0391 20221225
     0.0402 20221226
     0.0390 20221227
     0.0414 20221228
     0.0421 20221229
     0.0429 20221230
     0.0423 20221231
     0.0437 20230101
     0.0440 20230102
     0.0470 20230103
     0.0508 20230104
     0.0560 20230105
     0.0604 20230106
     0.0614 20230107
     0.0701 20230108
     0.0727 20230109
     0.0785 20230110
     0.0842 20230111
     0.0916 20230112
     0.0959 20230113
     0.0987 20230114
     0.1049 20230115
     0.1101 20230116
     0.1101 20230117
     0.1187 20230118
     0.1219 20230119
     0.1239 20230120
     0.1154 20230121
     0.1085 20230122
     0.1042 20230123
     0.1014 20230124
     0.0995 20230125
     0.0924 20230126
     0.0892 20230127
     0.0863 20230128
     0.0850 20230129
     0.0826 20230130
     0.0735 20230131
     0.0725 20230201
     0.0699 20230202
     0.0702 20230203
     0.0687 20230204
     0.0665 20230205
     0.0723 20230206
     0.0739 20230207
     0.0806 20230208
     0.0810 20230209
     0.0839 20230210
     0.0891 20230211
     0.0923 20230212
     0.0922 20230213
     0.0960 20230214
     0.1009 20230215
     0.0998 20230216
     0.0995 20230217
     0.1034 20230218
     0.1035 20230219
     0.0969 20230220
     0.0949 20230221
     0.0939 20230222
     0.0900 20230223
     0.0834 20230224
     0.0706 20230225
     0.0592 20230226
     0.0546 20230227
     0.0493 20230228
     0.0517 20230301
     0.0478 20230302
     0.0444 20230303
     0.0439 20230304
     0.0463 20230305
     0.0452 20230306
     0.0442 20230307
     0.0431 20230308
     0.0440 20230309
     0.0450 20230310
     0.0448 20230311
     0.0426 20230312
     0.0436 20230313
     0.0396 20230314
     0.0375 20230315
     0.0363 20230316
     0.0353 20230317
     0.0355 20230318
     0.0365 20230319
     0.0378 20230320
     0.0394 20230321
     0.0406 20230322
     0.0414 20230323
     0.0462 20230324
     0.0490 20230325
     0.0517 20230326
     0.0539 20230327
     0.0537 20230328
     0.0576 20230329
     0.0552 20230330
     0.0573 20230331
     0.0613 20230401
     0.0590 20230402
     0.0585 20230403
     0.0603 20230404
     0.0609 20230405
     0.0612 20230406
     0.0594 20230407
     0.0544 20230408
     0.0542 20230409
     0.0554 20230410
     0.0518 20230411
     0.0522 20230412
     0.0476 20230413
     0.0493 20230414
     0.0455 20230415
     0.0454 20230416
     0.0400 20230417
     0.0389 20230418
     0.0382 20230419
     0.0396 20230420
     0.0378 20230421
     0.0324 20230422
     0.0324 20230423
     0.0308 20230424
     0.0308 20230425
     0.0311 20230426
     0.0263 20230427
     0.0287 20230428
     0.0266 20230429
     0.0247 20230430
     0.0251 20230501
     0.0242 20230502
     0.0244 20230503
     0.0212 20230504
     0.0211 20230505
     0.0200 20230506
     0.0208 20230507
     0.0217 20230508
     0.0553 20230509
     0.1721 20230510
     0.2314 20230511
     0.2446 20230512
     0.2404 20230513
     0.2205 20230514
     0.1961 20230515
     0.1961 20230516
     0.1705 20230517
     0.1451 20230518
     0.1579 20230519
     0.1975 20230520
     0.2196 20230521
     0.2349 20230522
     0.3330 20230523
     0.4608 20230524
     0.5735 20230525
     0.6522 20230526
     0.6987 20230527
     0.7748 20230528
     0.8373 20230529
     0.9035 20230530
     0.9203 20230531
     0.9224 20230601
     0.9047 20230602
     0.8868 20230603
     0.8443 20230604
     0.8233 20230605
     0.8123 20230606
     0.8011 20230607
     0.7871 20230608
     0.7851 20230609
     0.7741 20230610
     0.7508 20230611
     0.7356 20230612
     0.6989 20230613
     0.6684 20230614
     0.6351 20230615
     0.5873 20230616
     0.5467 20230617
     0.5110 20230618
     0.4768 20230619
     0.4401 20230620
     0.4072 20230621
     0.3707 20230622
     0.3432 20230623
     0.3213 20230624
     0.2992 20230625
     0.2737 20230626
     0.2510 20230627
     0.2398 20230628
     0.2218 20230629
     0.2101 20230630
     0.1935 20230701
     0.1843 20230702
     0.1718 20230703
     0.1600 20230704
     0.1535 20230705
     0.1453 20230706
     0.1332 20230707
     0.1237 20230708
     0.1195 20230709
     0.1137 20230710
     0.1073 20230711
     0.1024 20230712
     0.0959 20230713
     0.0922 20230714
     0.0893 20230715
     0.0810 20230716
     0.0781 20230717
     0.0762 20230718
     0.0706 20230719
     0.0707 20230720
     0.0689 20230721
     0.0632 20230722
     0.0606 20230723
     0.0581 20230724
     0.0596 20230725
     0.0532 20230726
     0.0514 20230727
     0.0488 20230728
     0.0493 20230729
     0.0470 20230730
     0.0436 20230731
     0.0439 20230801
     0.0403 20230802
     0.0395 20230803
     0.0395 20230804
     0.0366 20230805
     0.0360 20230806
     0.0344 20230807
     0.0310 20230808
     0.0317 20230809
     0.0327 20230810
     0.0301 20230811
     0.0313 20230812
     0.0281 20230813
     0.0269 20230814
     0.0260 20230815
     0.0252 20230816
     0.0476 20230817
     0.0525 20230818
     0.0560 20230819
     0.0575 20230820
     0.0609 20230821
     0.0572 20230822
     0.0554 20230823
     0.0538 20230824
     0.0479 20230825
     0.0462 20230826
     0.0433 20230827
     0.0412 20230828
     0.0363 20230829
     0.0336 20230830
     0.0329 20230831
     0.0319 20230901
     0.0313 20230902
     0.0298 20230903
     0.0271 20230904
     0.0262 20230905
     0.0253 20230906
     0.0232 20230907
     0.0210 20230908
     0.0219 20230909
     0.0212 20230910
     0.0184 20230911
     0.0204 20230912
     0.0195 20230913
     0.0194 20230914
     0.0181 20230915
     0.0190 20230916
     0.0192 20230917
     0.0176 20230918
     0.0185 20230919
     0.0177 20230920
     0.0153 20230921
     0.0147 20230922
     0.0151 20230923
     0.0140 20230924
     0.0160 20230925
     0.0156 20230926
     0.0145 20230927
     0.0141 20230928
     0.0146 20230929
     0.0147 20230930
     0.0131 20231001
     0.0126 20231002
     0.0137 20231003
     0.0134 20231004
     0.0126 20231005
     0.0115 20231006
     0.0113 20231007
     0.0116 20231008
     0.0102 20231009
     0.0098 20231010
     0.0114 20231011
     0.0100 20231012
     0.0111 20231013
     0.0109 20231014
     0.0092 20231015
     0.0103 20231016
     0.0092 20231017
     0.0094 20231018
     0.0088 20231019
     0.0088 20231020
     0.0086 20231021
     0.0087 20231022
     0.0091 20231023
     0.0078 20231024
     0.0088 20231025
     0.0073 20231026
     0.0081 20231027
     0.0075 20231028
     0.0074 20231029
     0.0060 20231030
     0.0069 20231031
     0.0066 20231101
     0.0078 20231102
     0.0070 20231103
     0.0065 20231104
     0.0069 20231105
     0.0106 20231106
     0.0098 20231107
     0.0081 20231108
     0.0084 20231109
     0.0100 20231110
     0.0095 20231111
     0.0075 20231112
     0.0078 20231113
     0.0081 20231114
     0.0076 20231115
     0.0070 20231116
     0.0086 20231117
     0.0082 20231118
     0.0068 20231119
     0.0068 20231120
     0.0072 20231121
     0.0078 20231122
     0.0071 20231123
     0.0075 20231124
     0.0059 20231125
     0.0064 20231126
     0.0059 20231127
     0.0071 20231128
     0.0061 20231129
     0.0061 20231130
     0.0061 20231201
     0.0067 20231202
     0.0058 20231203
     0.0071 20231204
     0.0068 20231205
     0.0073 20231206
     0.0070 20231207
     0.0060 20231208
     0.0068 20231209
     0.0058 20231210
     0.0063 20231211
     0.0063 20231212
     0.0054 20231213
     0.0060 20231214
     0.0052 20231215
     0.0046 20231216
     0.0053 20231217
     0.0046 20231218
     0.0041 20231219
     0.0049 20231220
     0.0044 20231221
     0.0044 20231222
     0.0039 20231223
     0.0052 20231224
     0.0039 20231225
     0.0039 20231226
     0.0051 20231227
     0.0046 20231228
     0.0041 20231229
     0.0039 20231230
     0.0042 20231231
